province,month,rainfall_7day,rainfall_30day,river_discharge,population,elevation_factor,historical_floods,ndma_fatality_weight,flood_risk_score
Khyber Pakhtunkhwa,6,230.5,723.01,29963.66,35500000,0.6,6,0.993,91.66
Khyber Pakhtunkhwa,7,258.5,714.8,31965.12,35500000,0.6,6,0.993,95.96
Khyber Pakhtunkhwa,8,258.5,671.77,31448.8,35500000,0.6,6,0.993,95.84
Khyber Pakhtunkhwa,9,230.5,853.71,31532.0,35500000,0.6,6,0.993,98.03
Khyber Pakhtunkhwa,10,230.5,584.32,28299.29,35500000,0.6,6,0.993,93.26
Sindh,6,52.68,148.12,9728.5,47900000,0.2,8,0.217,73.42
Sindh,7,60.8,183.45,10761.36,47900000,0.2,8,0.217,67.16
Sindh,8,60.8,182.1,10745.22,47900000,0.2,8,0.217,77.85
Sindh,9,60.8,215.24,11142.89,47900000,0.2,8,0.217,73.72
Sindh,10,52.68,164.51,9925.12,47900000,0.2,8,0.217,72.77
Sindh,6,55.76,182.62,10373.03,47900000,0.2,8,0.24,73.11
Sindh,7,62.54,211.03,11222.88,47900000,0.2,8,0.24,76.79
Sindh,8,62.54,219.34,11322.63,47900000,0.2,8,0.24,75.37
Sindh,9,62.54,174.48,10784.37,47900000,0.2,8,0.24,73.45
Sindh,10,55.76,145.55,9928.29,47900000,0.2,8,0.24,73.2
"Multiple (Punjab, KP, Balochistan)",6,35.7,95.18,7819.63,47900000,0.2,8,0.167,52.84
"Multiple (Punjab, KP, Balochistan)",7,37.8,138.47,8496.63,47900000,0.2,8,0.167,46.94
"Multiple (Punjab, KP, Balochistan)",8,37.8,126.32,8350.84,47900000,0.2,8,0.167,49.51
"Multiple (Punjab, KP, Balochistan)",9,37.8,96.71,7995.52,47900000,0.2,8,0.167,49.31
"Multiple (Punjab, KP, Balochistan)",10,35.7,129.46,8231.0,47900000,0.2,8,0.167,51.17
Punjab,6,40.7,123.32,8532.31,110000000,0.3,7,0.183,83.33
Punjab,7,44.2,124.39,8807.68,110000000,0.3,7,0.183,78.58
Punjab,8,44.2,183.35,9515.26,110000000,0.3,7,0.183,75.66
Punjab,9,44.2,179.77,9472.24,110000000,0.3,7,0.183,77.65
Punjab,10,40.7,107.87,8346.97,110000000,0.3,7,0.183,71.97
Khyber Pakhtunkhwa,6,26.2,77.59,6896.03,35500000,0.6,6,0.119,45.25
Khyber Pakhtunkhwa,7,28.3,110.62,7449.95,35500000,0.6,6,0.119,45.96
Khyber Pakhtunkhwa,8,28.3,96.86,7284.81,35500000,0.6,6,0.119,47.36
Khyber Pakhtunkhwa,9,26.2,71.78,6826.32,35500000,0.6,6,0.119,51.75
Khyber Pakhtunkhwa,10,26.2,97.97,7140.64,35500000,0.6,6,0.119,52.66
Khyber Pakhtunkhwa,6,28.12,107.17,7395.04,35500000,0.6,6,0.131,49.38
Khyber Pakhtunkhwa,7,29.8,80.37,7199.44,35500000,0.6,6,0.131,48.13
Khyber Pakhtunkhwa,8,29.8,118.22,7653.7,35500000,0.6,6,0.131,45.48
Khyber Pakhtunkhwa,9,28.12,73.34,6989.06,35500000,0.6,6,0.131,53.3
Khyber Pakhtunkhwa,10,28.12,85.17,7130.99,35500000,0.6,6,0.131,53.54
KP and Punjab,6,17.36,62.22,6048.59,47900000,0.2,8,0.082,57.31
KP and Punjab,7,18.2,72.95,6240.4,47900000,0.2,8,0.082,56.89
KP and Punjab,8,18.2,67.57,6175.81,47900000,0.2,8,0.082,59.77
KP and Punjab,9,18.2,69.04,6193.46,47900000,0.2,8,0.082,64.49
KP and Punjab,10,17.36,57.97,5997.67,47900000,0.2,8,0.082,61.01
Sindh and Balochistan,6,19.88,67.37,6299.4,47900000,0.2,8,0.093,58.8
Sindh and Balochistan,7,21.0,56.35,6251.22,47900000,0.2,8,0.093,59.82
Sindh and Balochistan,8,21.0,53.62,6218.46,47900000,0.2,8,0.093,55.74
Sindh and Balochistan,9,21.0,70.66,6422.87,47900000,0.2,8,0.093,63.13
Sindh and Balochistan,10,19.88,80.37,6455.47,47900000,0.2,8,0.093,58.4
Khyber Pakhtunkhwa,6,24.02,90.9,6892.33,35500000,0.6,6,0.113,45.51
Khyber Pakhtunkhwa,7,25.35,73.24,6780.07,35500000,0.6,6,0.113,49.36
Khyber Pakhtunkhwa,8,25.35,70.32,6745.12,35500000,0.6,6,0.113,48.72
Khyber Pakhtunkhwa,9,24.02,98.01,6977.66,35500000,0.6,6,0.113,51.5
Khyber Pakhtunkhwa,10,24.02,95.64,6949.12,35500000,0.6,6,0.113,53.47
Sindh,6,44.2,170.89,9365.66,47900000,0.2,8,0.205,79.12
Sindh,7,47.0,189.1,9794.17,47900000,0.2,8,0.205,75.53
Sindh,8,47.0,142.91,9239.9,47900000,0.2,8,0.205,74.23
Sindh,9,47.0,151.63,9344.51,47900000,0.2,8,0.205,73.9
Sindh,10,44.2,171.97,9378.59,47900000,0.2,8,0.205,67.03
Khyber Pakhtunkhwa,6,16.8,48.34,5840.12,35500000,0.6,6,0.08,61.04
Khyber Pakhtunkhwa,7,17.5,47.32,5880.29,35500000,0.6,6,0.08,61.36
Khyber Pakhtunkhwa,8,17.5,53.37,5952.88,35500000,0.6,6,0.08,59.5
Khyber Pakhtunkhwa,9,16.8,56.82,5941.8,35500000,0.6,6,0.08,57.17
Khyber Pakhtunkhwa,10,16.8,69.75,6097.05,35500000,0.6,6,0.08,64.21
Sindh and Balochistan,6,226.7,937.67,32254.51,47900000,0.2,8,0.87,94.94
Sindh and Balochistan,7,272.9,821.84,34329.54,47900000,0.2,8,0.87,89.98
Sindh and Balochistan,8,272.9,814.4,34240.25,47900000,0.2,8,0.87,95.31
Sindh and Balochistan,9,272.9,915.46,35000.0,47900000,0.2,8,0.87,93.7
Sindh and Balochistan,10,226.7,586.59,28041.57,47900000,0.2,8,0.87,96.43
Punjab,6,24.2,70.36,6659.27,110000000,0.3,7,0.113,49.22
Punjab,7,25.6,70.31,6763.67,110000000,0.3,7,0.113,51.02
Punjab,8,25.6,74.53,6814.41,110000000,0.3,7,0.113,49.98
Punjab,9,25.6,93.25,7039.02,110000000,0.3,7,0.113,47.67
Punjab,10,24.2,90.46,6900.51,110000000,0.3,7,0.113,52.32
Balochistan and Sindh,6,37.8,118.13,8252.6,47900000,0.2,8,0.177,64.22
Balochistan and Sindh,7,39.9,136.09,8625.6,47900000,0.2,8,0.177,64.18
Balochistan and Sindh,8,39.9,105.87,8262.99,47900000,0.2,8,0.177,58.52
Balochistan and Sindh,9,39.9,112.4,8341.32,47900000,0.2,8,0.177,62.77
Balochistan and Sindh,10,37.8,97.12,8000.44,47900000,0.2,8,0.177,65.12
Punjab and Khyber Pakhtunkhwa,6,114.74,290.09,16086.53,47900000,0.2,8,0.518,97.62
Punjab and Khyber Pakhtunkhwa,7,124.4,419.3,18361.57,47900000,0.2,8,0.518,96.95
Punjab and Khyber Pakhtunkhwa,8,124.4,347.88,17504.5,47900000,0.2,8,0.518,91.33
Punjab and Khyber Pakhtunkhwa,9,124.4,457.12,18815.43,47900000,0.2,8,0.518,96.86
Punjab and Khyber Pakhtunkhwa,10,114.74,313.67,16369.59,47900000,0.2,8,0.518,94.52
KP and Gilgit-Baltistan,6,18.96,58.39,6122.72,47900000,0.2,8,0.09,58.93
KP and Gilgit-Baltistan,7,19.8,71.72,6345.58,47900000,0.2,8,0.09,61.67
KP and Gilgit-Baltistan,8,19.8,77.01,6409.09,47900000,0.2,8,0.09,64.09
KP and Gilgit-Baltistan,9,19.8,57.64,6176.69,47900000,0.2,8,0.09,67.62
KP and Gilgit-Baltistan,10,18.96,50.4,6026.81,47900000,0.2,8,0.09,55.68
Khyber Pakhtunkhwa,7,102.86,345.76,12143.34,2366666,0.6,6,0.933,100.0
Khyber Pakhtunkhwa,8,201.48,729.22,22388.43,2366666,0.6,6,0.933,100.0
Khyber Pakhtunkhwa,7,55.15,135.58,6940.24,2366666,0.6,6,0.833,100.0
Khyber Pakhtunkhwa,8,201.74,639.57,21508.81,2366666,0.6,6,0.833,100.0
Khyber Pakhtunkhwa,7,164.54,533.63,18031.47,2366666,0.6,6,0.7,100.0
Khyber Pakhtunkhwa,8,80.37,268.39,9907.85,2366666,0.6,6,0.7,100.0
Khyber Pakhtunkhwa,7,174.37,564.85,18982.46,2366666,0.6,6,0.433,87.24
Khyber Pakhtunkhwa,8,192.86,627.22,20808.08,2366666,0.6,6,0.433,87.76
Khyber Pakhtunkhwa,7,106.19,278.67,11689.01,2366666,0.6,6,0.283,83.04
Khyber Pakhtunkhwa,8,83.92,315.27,10607.33,2366666,0.6,6,0.283,84.51
Khyber Pakhtunkhwa,7,153.6,533.27,17317.02,2366666,0.6,6,0.25,80.77
Khyber Pakhtunkhwa,8,130.47,407.48,14555.64,2366666,0.6,6,0.25,78.44
Khyber Pakhtunkhwa,7,170.04,450.48,17557.49,2366666,0.6,6,0.15,76.68
Khyber Pakhtunkhwa,8,44.38,143.46,6319.09,2366666,0.6,6,0.15,76.5
Khyber Pakhtunkhwa,7,58.33,218.27,7974.32,2366666,0.6,6,0.133,52.48
Khyber Pakhtunkhwa,8,52.65,140.64,6828.64,2366666,0.6,6,0.133,53.09
Khyber Pakhtunkhwa,7,25.85,63.87,4318.7,2366666,0.6,6,0.117,49.57
Khyber Pakhtunkhwa,8,37.84,139.93,5858.87,2366666,0.6,6,0.117,51.51
Sindh,7,57.49,183.05,7567.51,3193333,0.2,8,0.267,100.0
Sindh,8,218.21,528.97,21473.33,3193333,0.2,8,0.267,100.0
Sindh,7,173.34,574.66,19013.55,3193333,0.2,8,0.217,99.85
Sindh,8,166.45,461.92,17438.28,3193333,0.2,8,0.217,100.0
Sindh,7,185.82,666.6,20744.29,3193333,0.2,8,0.183,77.04
Sindh,8,204.38,616.86,21453.5,3193333,0.2,8,0.183,81.12
Sindh,7,156.99,521.71,17421.7,3193333,0.2,8,0.15,76.76
Sindh,8,183.24,664.07,20551.5,3193333,0.2,8,0.15,74.44
Sindh,7,56.92,177.88,7478.38,3193333,0.2,8,0.133,73.0
Sindh,8,46.47,136.85,6389.03,3193333,0.2,8,0.133,72.42
Sindh,7,146.35,329.11,14803.87,3193333,0.2,8,0.133,76.71
Sindh,8,46.72,164.28,6679.82,3193333,0.2,8,0.133,74.21
Sindh,7,134.0,459.9,15309.24,3193333,0.2,8,0.117,74.58
Sindh,8,78.85,252.05,9645.57,3193333,0.2,8,0.117,80.03
Sindh,7,154.74,520.19,17259.81,3193333,0.2,8,0.1,78.19
Sindh,8,215.65,652.58,22543.31,3193333,0.2,8,0.1,76.6
Punjab,7,88.75,257.58,10344.57,7333333,0.3,7,0.1,73.24
Punjab,8,54.12,121.26,6730.58,7333333,0.3,7,0.1,72.96
Punjab,7,71.19,174.44,8371.98,7333333,0.3,7,0.083,77.07
Punjab,8,85.04,261.83,10146.14,7333333,0.3,7,0.083,75.64
Punjab,7,90.39,336.95,11244.7,7333333,0.3,7,0.067,75.53
Punjab,8,172.82,533.49,18568.33,7333333,0.3,7,0.067,70.35
Punjab,7,22.39,62.0,4075.13,7333333,0.3,7,0.05,50.94
Punjab,8,47.89,106.47,6177.66,7333333,0.3,7,0.05,46.78
Punjab,7,14.89,44.48,3412.71,7333333,0.3,7,0.033,50.24
Punjab,8,33.67,83.41,5022.92,7333333,0.3,7,0.033,42.51
Punjab,7,40.79,131.19,5963.46,7333333,0.3,7,0.033,43.9
Punjab,8,12.27,34.33,3140.59,7333333,0.3,7,0.033,46.62
Balochistan,7,194.17,631.81,20938.99,820000,0.5,5,0.217,100.0
Balochistan,8,69.33,160.35,8109.83,820000,0.5,5,0.217,99.35
Balochistan,7,145.44,538.76,16841.19,820000,0.5,5,0.183,78.37
Balochistan,8,143.59,405.06,15383.69,820000,0.5,5,0.183,77.02
Balochistan,7,138.21,512.26,16106.29,820000,0.5,5,0.133,80.22
Balochistan,8,109.5,409.29,13210.35,820000,0.5,5,0.133,75.03
Sindh,7,97.42,346.0,11792.02,3193333,0.2,8,0.213,100.0
Sindh,8,44.19,154.8,6420.29,3193333,0.2,8,0.213,98.36
Sindh,7,165.41,530.36,18055.47,3193333,0.2,8,0.183,97.54
Sindh,8,197.94,668.28,21549.27,3193333,0.2,8,0.183,96.99
Sindh,7,71.94,244.66,9122.68,3193333,0.2,8,0.15,78.5
Sindh,8,185.23,701.06,21050.58,3193333,0.2,8,0.15,73.17
Sindh,7,179.75,493.48,18618.8,3193333,0.2,8,0.133,73.56
Sindh,8,207.54,741.62,22906.09,3193333,0.2,8,0.133,79.11
Sindh,7,175.82,415.81,17586.24,3193333,0.2,8,0.117,74.37
Sindh,8,202.46,609.08,21250.67,3193333,0.2,8,0.117,74.2
Sindh,7,201.19,567.92,20756.78,3193333,0.2,8,0.133,77.9
Sindh,8,41.95,153.06,6257.42,3193333,0.2,8,0.133,75.46
Sindh,7,211.01,785.17,23567.39,3193333,0.2,8,0.117,74.02
Sindh,8,143.22,459.87,15907.89,3193333,0.2,8,0.117,71.67
Sindh,7,99.16,324.85,11693.87,3193333,0.2,8,0.1,73.61
Sindh,8,175.43,608.12,19484.02,3193333,0.2,8,0.1,73.1
Sindh,7,138.92,403.75,15066.99,3193333,0.2,8,0.167,97.48
Sindh,8,199.79,551.7,20503.18,3193333,0.2,8,0.167,98.73
Sindh,7,58.2,135.88,7141.9,3193333,0.2,8,0.15,79.47
Sindh,8,166.17,384.93,16650.64,3193333,0.2,8,0.15,77.87
Sindh,7,54.64,127.63,6828.09,3193333,0.2,8,0.117,77.0
Sindh,8,217.6,609.01,22233.81,3193333,0.2,8,0.117,77.56
Balochistan,7,210.5,795.2,23634.84,820000,0.5,5,0.133,75.05
Balochistan,8,175.61,492.06,18335.09,820000,0.5,5,0.133,71.93
Balochistan,7,203.14,483.06,20034.93,820000,0.5,5,0.117,78.39
Balochistan,8,128.67,285.42,13217.88,820000,0.5,5,0.117,73.89
Punjab,7,61.39,146.6,7456.12,7333333,0.3,7,0.1,74.4
Punjab,8,156.86,532.32,17519.0,7333333,0.3,7,0.1,75.49
Punjab,7,107.48,285.58,11841.79,7333333,0.3,7,0.083,73.93
Punjab,8,196.35,502.21,19784.7,7333333,0.3,7,0.083,73.89
Punjab,7,218.73,507.04,21288.1,7333333,0.3,7,0.067,74.97
Punjab,8,139.69,523.98,16319.85,7333333,0.3,7,0.067,77.55
Khyber Pakhtunkhwa,7,165.23,483.69,17577.12,2366666,0.6,6,0.083,74.56
Khyber Pakhtunkhwa,8,152.96,479.52,16737.59,2366666,0.6,6,0.083,73.53
Khyber Pakhtunkhwa,7,41.01,108.41,5749.57,2366666,0.6,6,0.06,49.65
Khyber Pakhtunkhwa,8,19.41,57.09,3832.3,2366666,0.6,6,0.06,49.77
Balochistan,7,53.99,202.96,7539.08,820000,0.5,5,0.073,69.68
Balochistan,8,217.52,721.52,23353.86,820000,0.5,5,0.073,69.47
Balochistan,7,186.48,614.57,20267.08,820000,0.5,5,0.067,73.72
Balochistan,8,69.27,253.36,9036.2,820000,0.5,5,0.067,74.48
Punjab,7,115.28,425.67,13750.14,7333333,0.3,7,0.1,77.45
Punjab,8,195.89,445.13,19184.29,7333333,0.3,7,0.1,74.35
Punjab,7,185.9,702.63,21109.81,7333333,0.3,7,0.073,72.74
Punjab,8,67.08,211.33,8473.15,7333333,0.3,7,0.073,73.98
Punjab,7,52.11,184.52,7232.13,7333333,0.3,7,0.06,47.53
Punjab,8,33.43,95.75,5130.72,7333333,0.3,7,0.06,47.48
Punjab,7,53.24,186.36,7323.95,7333333,0.3,7,0.05,47.14
Punjab,8,59.99,227.62,8175.32,7333333,0.3,7,0.05,50.28
Punjab,7,57.24,203.74,7757.85,7333333,0.3,7,0.047,47.72
Punjab,8,22.37,65.33,4107.2,7333333,0.3,7,0.047,44.36
Punjab,7,43.59,138.99,6222.96,7333333,0.3,7,0.04,47.87
Punjab,8,27.91,66.47,4478.71,7333333,0.3,7,0.04,47.28
Punjab,7,48.62,147.42,6634.2,7333333,0.3,7,0.033,50.59
Punjab,8,52.61,162.2,7041.55,7333333,0.3,7,0.033,48.55
Punjab,7,30.17,72.85,4689.85,7333333,0.3,7,0.04,47.13
Punjab,8,11.44,38.99,3133.41,7333333,0.3,7,0.04,49.78
Punjab,7,20.65,49.93,3841.45,7333333,0.3,7,0.027,47.96
Punjab,8,10.73,29.62,2993.44,7333333,0.3,7,0.027,42.74
Punjab,7,31.87,116.23,5234.12,7333333,0.3,7,0.033,49.39
Punjab,8,27.41,82.85,4610.35,7333333,0.3,7,0.033,45.53
Khyber Pakhtunkhwa,7,151.98,544.04,17318.81,2366666,0.6,6,0.15,99.42
Khyber Pakhtunkhwa,8,210.91,513.64,20845.81,2366666,0.6,6,0.15,96.72
Khyber Pakhtunkhwa,7,86.48,253.8,10159.43,2366666,0.6,6,0.067,74.59
Khyber Pakhtunkhwa,8,216.41,646.66,22533.0,2366666,0.6,6,0.067,75.25
Khyber Pakhtunkhwa,7,22.01,51.09,3941.35,2366666,0.6,6,0.05,44.37
Khyber Pakhtunkhwa,8,16.44,39.55,3464.32,2366666,0.6,6,0.05,45.05
Punjab,7,102.22,371.56,12359.87,7333333,0.3,7,0.06,73.68
Punjab,8,125.31,409.53,14240.7,7333333,0.3,7,0.06,71.81
Punjab,7,12.04,29.75,3080.33,7333333,0.3,7,0.05,46.3
Punjab,8,23.93,59.42,4149.64,7333333,0.3,7,0.05,44.38
Khyber Pakhtunkhwa,7,105.57,317.28,12034.79,2366666,0.6,6,0.1,74.12
Khyber Pakhtunkhwa,8,164.27,371.73,16394.91,2366666,0.6,6,0.1,75.53
Khyber Pakhtunkhwa,7,54.72,196.86,7525.13,2366666,0.6,6,0.083,76.16
Khyber Pakhtunkhwa,8,205.76,472.77,20101.94,2366666,0.6,6,0.083,75.45
Khyber Pakhtunkhwa,7,47.41,118.31,6264.91,2366666,0.6,6,0.073,47.06
Khyber Pakhtunkhwa,8,20.47,57.16,3901.99,2366666,0.6,6,0.073,53.05
Balochistan,7,28.45,83.63,4685.29,820000,0.5,5,0.05,46.63
Balochistan,8,47.37,107.0,6149.3,820000,0.5,5,0.05,48.95
Khyber Pakhtunkhwa,7,54.76,165.3,7212.46,2366666,0.6,6,0.06,45.72
Khyber Pakhtunkhwa,8,36.61,86.81,5247.46,2366666,0.6,6,0.06,50.75
Punjab,7,22.12,58.2,4020.05,7333333,0.3,7,0.04,41.89
Punjab,8,28.86,64.43,4520.46,7333333,0.3,7,0.04,44.68
Punjab,7,26.37,63.08,4345.15,7333333,0.3,7,0.033,45.19
Punjab,8,54.53,171.74,7261.66,7333333,0.3,7,0.033,48.61
Sindh,7,34.92,81.69,5086.79,3193333,0.2,8,0.067,49.31
Sindh,8,36.86,115.69,5552.46,3193333,0.2,8,0.067,47.12
Balochistan,7,16.38,43.47,3499.34,820000,0.5,5,0.06,50.86
Balochistan,8,28.15,91.04,4740.37,820000,0.5,5,0.06,43.87
Balochistan,7,59.33,188.02,7736.35,820000,0.5,5,0.04,48.68
Balochistan,8,21.86,51.66,3937.54,820000,0.5,5,0.04,45.88
Khyber Pakhtunkhwa,7,68.92,172.2,8202.01,2366666,0.6,6,0.083,72.5
Khyber Pakhtunkhwa,8,91.32,226.23,10197.9,2366666,0.6,6,0.083,68.74
Khyber Pakhtunkhwa,7,216.83,515.89,21252.74,2366666,0.6,6,0.067,74.37
Khyber Pakhtunkhwa,8,111.61,418.68,13441.72,2366666,0.6,6,0.067,73.47
Balochistan,7,22.9,56.63,4054.48,820000,0.5,5,0.06,48.25
Balochistan,8,43.43,160.13,6424.43,820000,0.5,5,0.06,51.79
Balochistan,7,24.0,82.34,4383.38,820000,0.5,5,0.04,50.04
Balochistan,8,19.35,52.6,3783.86,820000,0.5,5,0.04,47.36
AJK,7,22.12,52.73,3965.13,3193333,0.2,8,0.05,41.77
AJK,8,40.53,107.89,5713.37,3193333,0.2,8,0.05,44.97
Sindh,7,126.61,386.42,14093.51,3193333,0.2,8,0.137,96.69
Sindh,8,49.33,135.09,6557.22,3193333,0.2,8,0.137,94.95
Sindh,7,162.67,555.74,18131.0,3193333,0.2,8,0.1,76.02
Sindh,8,147.21,434.95,15918.47,3193333,0.2,8,0.1,70.96
Sindh,7,207.32,731.61,22791.63,3193333,0.2,8,0.083,71.68
Sindh,8,213.7,512.65,21017.33,3193333,0.2,8,0.083,74.09
Sindh,7,72.62,167.49,8395.38,3193333,0.2,8,0.067,73.18
Sindh,8,173.4,540.87,18679.78,3193333,0.2,8,0.067,72.76
Sindh,7,183.15,462.01,18524.73,3193333,0.2,8,0.06,72.93
Sindh,8,69.46,171.06,8225.41,3193333,0.2,8,0.06,73.79
Sindh,7,134.15,372.15,14441.41,3193333,0.2,8,0.073,75.37
Sindh,8,197.9,559.63,20459.57,3193333,0.2,8,0.073,72.8
Khyber Pakhtunkhwa,7,28.85,84.82,4723.26,2366666,0.6,6,0.05,49.85
Khyber Pakhtunkhwa,8,25.07,85.14,4480.86,2366666,0.6,6,0.05,44.09
Punjab,7,54.98,154.72,7120.84,7333333,0.3,7,0.04,46.83
Punjab,8,37.18,135.71,5773.66,7333333,0.3,7,0.04,45.03
Balochistan,7,56.99,182.62,7530.66,820000,0.5,5,0.033,47.07
Balochistan,8,26.75,64.8,4386.44,820000,0.5,5,0.033,47.52
Sindh,7,136.02,493.79,15779.44,3193333,0.2,8,0.4,100.0
Sindh,8,181.95,444.44,18270.98,3193333,0.2,8,0.4,100.0
Sindh,7,173.91,391.93,17223.51,3193333,0.2,8,0.317,100.0
Sindh,8,142.58,487.61,16143.86,3193333,0.2,8,0.317,100.0
Sindh,7,187.83,446.47,18673.36,3193333,0.2,8,0.283,100.0
Sindh,8,192.36,462.43,19127.83,3193333,0.2,8,0.283,100.0
Sindh,7,66.99,171.94,8073.41,3193333,0.2,8,0.267,100.0
Sindh,8,170.01,569.87,18749.04,3193333,0.2,8,0.267,100.0
Sindh,7,137.69,358.39,14533.79,3193333,0.2,8,0.217,81.77
Sindh,8,102.23,254.6,11190.62,3193333,0.2,8,0.217,80.09
Sindh,7,112.15,329.64,12586.38,3193333,0.2,8,0.2,80.67
Sindh,8,210.51,514.78,20830.97,3193333,0.2,8,0.2,79.36
Sindh,7,150.06,334.48,15098.86,3193333,0.2,8,0.183,83.54
Sindh,8,196.98,727.14,22075.23,3193333,0.2,8,0.183,81.81
Sindh,7,206.05,686.47,22257.96,3193333,0.2,8,0.167,78.68
Sindh,8,67.46,210.6,8490.76,3193333,0.2,8,0.167,74.82
Sindh,7,172.56,637.61,19592.47,3193333,0.2,8,0.15,80.52
Sindh,8,206.6,603.56,21464.71,3193333,0.2,8,0.15,81.83
Sindh,7,111.82,255.8,11826.36,3193333,0.2,8,0.133,77.05
Sindh,8,100.34,349.63,12018.06,3193333,0.2,8,0.133,77.7
Balochistan,7,205.57,566.18,21024.13,820000,0.5,5,0.233,95.86
Balochistan,8,102.45,346.29,12122.22,820000,0.5,5,0.233,97.49
Balochistan,7,121.44,294.53,12838.89,820000,0.5,5,0.183,97.73
Balochistan,8,71.75,215.06,8814.34,820000,0.5,5,0.183,99.86
Balochistan,7,105.23,329.26,12132.62,820000,0.5,5,0.167,77.19
Balochistan,8,153.81,341.6,15413.48,820000,0.5,5,0.167,75.47
Balochistan,7,212.99,519.25,21036.99,820000,0.5,5,0.15,77.78
Balochistan,8,114.63,267.85,12129.56,820000,0.5,5,0.15,76.75
Balochistan,7,147.17,339.57,14961.67,820000,0.5,5,0.117,75.57
Balochistan,8,174.99,443.76,17812.09,820000,0.5,5,0.117,75.02
Punjab,7,74.32,167.86,8509.63,7333333,0.3,7,0.15,97.06
Punjab,8,124.97,387.88,14002.0,7333333,0.3,7,0.15,99.53
Punjab,7,119.34,339.06,13147.56,7333333,0.3,7,0.133,70.68
Punjab,8,140.74,344.57,14593.53,7333333,0.3,7,0.133,76.58
Punjab,7,210.3,588.27,21552.28,7333333,0.3,7,0.1,73.99
Punjab,8,88.73,286.65,10634.18,7333333,0.3,7,0.1,73.78
Khyber Pakhtunkhwa,7,68.11,227.86,8705.56,2366666,0.6,6,0.183,78.11
Khyber Pakhtunkhwa,8,158.61,355.81,15867.51,2366666,0.6,6,0.183,76.84
Khyber Pakhtunkhwa,7,160.94,359.15,16052.6,2366666,0.6,6,0.133,74.54
Khyber Pakhtunkhwa,8,58.74,204.41,7862.13,2366666,0.6,6,0.133,77.0
Khyber Pakhtunkhwa,7,82.87,195.51,9341.8,2366666,0.6,6,0.15,74.64
Khyber Pakhtunkhwa,8,83.77,281.1,10256.16,2366666,0.6,6,0.15,77.22
Khyber Pakhtunkhwa,7,29.86,97.61,4916.92,2366666,0.6,6,0.117,50.76
Khyber Pakhtunkhwa,8,20.25,54.05,3856.66,2366666,0.6,6,0.117,46.91
Khyber Pakhtunkhwa,7,54.63,191.65,7467.68,2366666,0.6,6,0.093,52.73
Khyber Pakhtunkhwa,8,27.09,70.84,4469.35,2366666,0.6,6,0.093,51.83
Punjab,7,88.25,282.28,10559.19,7333333,0.3,7,0.06,69.19
Punjab,8,113.69,350.55,12895.62,7333333,0.3,7,0.06,69.19
Punjab,7,57.42,196.49,7697.34,7333333,0.3,7,0.05,46.16
Punjab,8,17.01,61.04,3715.79,7333333,0.3,7,0.05,49.19
Punjab,7,49.99,144.0,6689.49,7333333,0.3,7,0.04,46.74
Punjab,8,11.12,29.25,3015.56,7333333,0.3,7,0.04,51.11
Punjab,7,22.89,55.47,4042.86,7333333,0.3,7,0.033,47.84
Punjab,8,51.75,195.35,7316.98,7333333,0.3,7,0.033,43.92
Khyber Pakhtunkhwa,7,23.62,52.65,4061.49,2366666,0.6,6,0.05,47.45
Khyber Pakhtunkhwa,8,55.71,133.07,6952.17,2366666,0.6,6,0.05,43.99
Balochistan,7,37.71,122.26,5673.7,820000,0.5,5,0.047,48.2
Balochistan,8,51.49,130.28,6649.43,820000,0.5,5,0.047,50.34
Sindh,7,159.71,396.17,16342.6,3193333,0.2,8,0.06,75.84
Sindh,8,204.59,587.19,21170.54,3193333,0.2,8,0.06,73.47
Sindh,7,48.45,119.49,6344.4,3193333,0.2,8,0.05,67.51
Sindh,8,172.85,403.16,17266.59,3193333,0.2,8,0.05,69.38
Sindh,7,29.46,78.43,4699.54,3193333,0.2,8,0.047,48.26
Sindh,8,27.78,93.09,4736.82,3193333,0.2,8,0.047,48.25
Sindh,7,33.8,110.26,5299.76,3193333,0.2,8,0.04,43.29
Sindh,8,56.84,191.68,7611.46,3193333,0.2,8,0.04,48.02
Sindh,7,12.57,37.64,3193.54,3193333,0.2,8,0.033,43.46
Sindh,8,39.84,108.96,5679.34,3193333,0.2,8,0.033,45.8
Sindh,7,13.76,46.29,3357.13,3193333,0.2,8,0.027,46.69
Sindh,8,34.77,114.81,5408.41,3193333,0.2,8,0.027,43.08
Sindh,7,50.96,177.28,7084.84,3193333,0.2,8,0.027,45.4
Sindh,8,44.73,117.9,6086.72,3193333,0.2,8,0.027,42.67
Sindh,7,14.58,53.47,3482.36,3193333,0.2,8,0.02,48.19
Sindh,8,16.84,62.65,3721.21,3193333,0.2,8,0.02,43.26
Balochistan,7,137.54,494.7,15887.24,820000,0.5,5,0.073,72.85
Balochistan,8,171.8,599.67,19163.72,820000,0.5,5,0.073,75.87
Balochistan,7,52.46,136.37,6773.56,820000,0.5,5,0.06,49.82
Balochistan,8,34.47,88.04,5121.0,820000,0.5,5,0.06,49.34
Balochistan,7,11.7,38.79,3148.19,820000,0.5,5,0.05,47.52
Balochistan,8,24.87,91.49,4531.27,820000,0.5,5,0.05,49.51
Punjab,7,52.23,141.57,6810.44,7333333,0.3,7,0.053,47.24
Punjab,8,51.45,116.23,6506.24,7333333,0.3,7,0.053,44.59
Punjab,7,16.03,37.24,3414.2,7333333,0.3,7,0.047,48.1
Punjab,8,44.81,122.96,6142.56,7333333,0.3,7,0.047,46.58
Khyber Pakhtunkhwa,7,96.75,296.37,11252.6,2366666,0.6,6,0.283,100.0
Khyber Pakhtunkhwa,8,182.33,494.12,18792.62,2366666,0.6,6,0.283,100.0
Khyber Pakhtunkhwa,7,150.86,388.11,15686.71,2366666,0.6,6,0.217,100.0
Khyber Pakhtunkhwa,8,44.39,159.46,6480.13,2366666,0.6,6,0.217,100.0
Khyber Pakhtunkhwa,7,183.78,697.76,20923.37,2366666,0.6,6,0.183,78.34
Khyber Pakhtunkhwa,8,103.13,353.47,12238.05,2366666,0.6,6,0.183,77.23
Khyber Pakhtunkhwa,7,152.95,550.3,17444.81,2366666,0.6,6,0.167,72.53
Khyber Pakhtunkhwa,8,217.14,744.61,23559.85,2366666,0.6,6,0.167,74.14
Khyber Pakhtunkhwa,7,172.76,446.09,17690.58,2366666,0.6,6,0.16,73.68
Khyber Pakhtunkhwa,8,59.89,165.73,7549.81,2366666,0.6,6,0.16,75.19
Khyber Pakhtunkhwa,7,82.05,186.03,9193.56,2366666,0.6,6,0.133,73.9
Khyber Pakhtunkhwa,8,43.22,163.38,6442.89,2366666,0.6,6,0.133,72.13
Khyber Pakhtunkhwa,7,162.34,413.83,16690.17,2366666,0.6,6,0.117,72.84
Khyber Pakhtunkhwa,8,210.99,729.65,23011.01,2366666,0.6,6,0.117,74.92
Khyber Pakhtunkhwa,7,53.96,200.26,7509.75,2366666,0.6,6,0.1,47.85
Khyber Pakhtunkhwa,8,33.37,106.17,5230.71,2366666,0.6,6,0.1,51.83
Punjab,7,132.28,339.85,13996.92,7333333,0.3,7,0.183,100.0
Punjab,8,71.78,183.23,8497.64,7333333,0.3,7,0.183,99.36
Punjab,7,103.02,236.18,11058.31,7333333,0.3,7,0.167,96.25
Punjab,8,214.44,774.99,23688.43,7333333,0.3,7,0.167,96.75
Punjab,7,176.48,584.8,19319.39,7333333,0.3,7,0.15,74.4
Punjab,8,67.7,237.32,8773.74,7333333,0.3,7,0.15,75.34
Punjab,7,136.66,430.29,15185.47,7333333,0.3,7,0.133,74.59
Punjab,8,144.42,338.85,14775.54,7333333,0.3,7,0.133,75.27
Punjab,7,63.31,229.32,8408.51,7333333,0.3,7,0.1,75.67
Punjab,8,212.02,758.9,23370.08,7333333,0.3,7,0.1,75.59
Punjab,7,37.54,87.82,5318.48,7333333,0.3,7,0.093,51.37
Punjab,8,30.42,85.07,4828.18,7333333,0.3,7,0.093,50.97
Sindh,7,129.26,301.13,13413.03,3193333,0.2,8,0.073,71.4
Sindh,8,79.63,262.25,9798.63,3193333,0.2,8,0.073,66.34
Sindh,7,39.62,139.44,5969.76,3193333,0.2,8,0.06,45.96
Sindh,8,27.39,89.97,4680.11,3193333,0.2,8,0.06,44.42
Sindh,7,53.93,187.46,7380.14,3193333,0.2,8,0.05,48.18
Sindh,8,42.92,152.84,6318.41,3193333,0.2,8,0.05,48.06
Sindh,7,51.85,171.93,7089.64,3193333,0.2,8,0.04,48.23
Sindh,8,44.01,140.37,6264.18,3193333,0.2,8,0.04,45.5
Sindh,7,54.04,194.28,7455.67,3193333,0.2,8,0.033,47.46
Sindh,8,11.46,40.36,3148.68,3193333,0.2,8,0.033,45.76
Balochistan,7,47.18,115.92,6225.6,820000,0.5,5,0.067,46.33
Balochistan,8,50.9,179.74,7105.82,820000,0.5,5,0.067,47.55
Balochistan,7,24.35,77.61,4358.99,820000,0.5,5,0.05,47.26
Balochistan,8,59.06,189.63,7735.19,820000,0.5,5,0.05,48.76
Gilgit-Baltistan,7,37.0,127.56,5680.6,120000,0.9,3,0.06,45.0
Gilgit-Baltistan,8,15.35,52.46,3522.26,120000,0.9,3,0.06,48.78
Gilgit-Baltistan,7,27.09,87.03,4631.38,120000,0.9,3,0.04,46.9
Gilgit-Baltistan,8,56.6,133.81,7017.16,120000,0.9,3,0.04,47.15
Khyber Pakhtunkhwa,7,13.39,35.91,3229.58,2366666,0.6,6,0.05,48.07
Khyber Pakhtunkhwa,8,45.41,104.79,5999.48,2366666,0.6,6,0.05,43.63
Khyber Pakhtunkhwa,7,41.05,93.3,5601.02,2366666,0.6,6,0.04,48.73
Khyber Pakhtunkhwa,8,53.58,201.32,7495.69,2366666,0.6,6,0.04,47.53
Khyber Pakhtunkhwa,7,11.23,25.1,2980.93,2366666,0.6,6,0.033,45.45
Khyber Pakhtunkhwa,8,26.18,78.07,4482.39,2366666,0.6,6,0.033,47.96
Khyber Pakhtunkhwa,7,32.3,85.19,4951.07,2366666,0.6,6,0.027,48.36
Khyber Pakhtunkhwa,8,59.86,172.5,7615.65,2366666,0.6,6,0.027,43.74
Punjab,7,183.07,605.93,19958.55,7333333,0.3,7,0.06,72.34
Punjab,8,79.74,185.94,9042.36,7333333,0.3,7,0.06,74.94
Punjab,7,23.66,88.06,4418.68,7333333,0.3,7,0.033,49.12
Punjab,8,17.55,50.76,3648.52,7333333,0.3,7,0.033,46.27
Sindh,7,41.93,118.91,5914.3,3193333,0.2,8,0.04,48.07
Sindh,8,23.71,89.49,4436.13,3193333,0.2,8,0.04,48.6
Gilgit-Baltistan,7,21.5,54.63,3943.6,120000,0.9,3,0.027,45.79
Gilgit-Baltistan,8,11.56,37.47,3125.93,120000,0.9,3,0.027,48.1
Khyber Pakhtunkhwa,8,125.71,337.19,10240.09,35171224,0.6,6,0.35,100.0
Balochistan,12,27.39,80.11,4823.59,12254544,0.5,5,0.3,38.78
Gilgit-Baltistan,9,51.7,128.67,4036.69,1775968,0.9,3,0.2,45.95
Punjab,6,20.16,66.34,5939.15,99871614,0.3,7,0.425,45.69
Sindh,12,14.98,41.18,5182.85,49839614,0.2,8,0.475,47.38
KPK,1,14.93,37.71,2409.94,32507907,0.6,6,0.35,26.22
Azad Kashmir,10,22.64,52.09,2513.89,3683654,0.7,4,0.275,34.51
Gilgit-Baltistan,9,26.12,73.46,2963.0,1933548,0.9,3,0.2,30.05
Gilgit-Baltistan,11,30.94,87.55,3036.41,1902179,0.9,3,0.2,26.15
KPK,10,23.96,69.24,4815.66,35352880,0.6,6,0.35,34.32
Gilgit-Baltistan,4,40.53,107.43,2295.2,1678202,0.9,3,0.2,31.61
Khyber Pakhtunkhwa,3,7.56,17.63,2689.35,33395405,0.6,6,0.35,26.99
Balochistan,10,23.69,59.67,3334.16,13499617,0.5,5,0.3,29.26
Balochistan,2,59.63,199.84,6430.03,11750996,0.5,5,0.3,62.31
KPK,3,24.75,76.7,3398.98,37032357,0.6,6,0.35,38.4
Balochistan,9,23.6,62.98,3711.13,11953714,0.5,5,0.3,32.07
Khyber Pakhtunkhwa,9,20.78,62.03,3631.8,37441659,0.6,6,0.35,29.92
Khyber Pakhtunkhwa,6,18.51,46.38,4638.88,35009301,0.6,6,0.35,40.31
Sindh,9,79.58,204.79,14362.58,49469247,0.2,8,0.475,100.0
KPK,8,185.72,540.75,14148.68,33865222,0.6,6,0.35,100.0
KPK,10,9.25,24.77,3896.17,34194708,0.6,6,0.35,30.09
Punjab,4,27.91,56.02,7052.51,113060638,0.3,7,0.425,53.53
Azad Kashmir,11,37.99,83.94,2894.02,3846343,0.7,4,0.275,31.34
Azad Kashmir,8,177.89,684.02,15280.97,4294513,0.7,4,0.275,100.0
Azad Kashmir,7,133.1,465.11,12846.77,4295123,0.7,4,0.275,100.0
Sindh,4,17.28,51.63,4779.85,49348811,0.2,8,0.475,49.36
Punjab,6,19.96,69.66,5882.36,100990597,0.3,7,0.425,47.08
Punjab,6,20.25,65.04,5867.25,116551900,0.3,7,0.425,54.47
Gilgit-Baltistan,6,138.64,521.36,9876.82,1822838,0.9,3,0.2,100.0
Sindh,1,7.83,15.82,4077.46,44723697,0.2,8,0.475,47.38
Sindh,3,36.19,118.36,9764.24,50905881,0.2,8,0.475,63.13
KPK,11,27.37,84.23,6183.61,32079451,0.6,6,0.35,48.91
Sindh,4,17.36,59.04,4740.65,44081611,0.2,8,0.475,41.62
KPK,11,20.33,58.37,2937.44,37045214,0.6,6,0.35,35.19
Punjab,9,134.86,568.93,23904.44,103060872,0.3,7,0.425,100.0
Balochistan,10,13.97,29.75,3480.22,11988833,0.5,5,0.3,28.23
Balochistan,7,170.04,626.96,19593.58,12660650,0.5,5,0.3,100.0
Punjab,8,117.8,354.74,13747.73,115103077,0.3,7,0.425,100.0
Sindh,2,27.08,71.38,4782.22,45363556,0.2,8,0.475,51.08
Balochistan,1,32.8,76.92,3433.44,12639383,0.5,5,0.3,41.68
Sindh,9,78.72,306.26,12973.14,47212152,0.2,8,0.475,100.0
Azad Kashmir,8,213.68,843.76,19901.96,3819328,0.7,4,0.275,100.0
Sindh,7,130.32,343.43,22241.55,45348961,0.2,8,0.475,100.0
Punjab,3,19.35,48.37,5238.51,120871065,0.3,7,0.425,49.37
Punjab,7,288.2,1044.61,36000.0,102856664,0.3,7,0.425,100.0
Punjab,9,170.35,528.38,28944.69,109447503,0.3,7,0.425,100.0
Khyber Pakhtunkhwa,8,166.18,670.88,16061.94,36718064,0.6,6,0.35,100.0
Azad Kashmir,1,17.25,38.61,2029.68,3694119,0.7,4,0.275,22.93
Sindh,5,8.1,22.38,4835.08,45789559,0.2,8,0.475,46.58
Azad Kashmir,6,14.44,39.72,2555.5,4031786,0.7,4,0.275,32.41
Punjab,6,31.13,100.48,5506.3,99503664,0.3,7,0.425,50.77
Gilgit-Baltistan,4,22.46,64.3,2386.41,1732941,0.9,3,0.2,19.47
Gilgit-Baltistan,4,22.68,50.34,2132.55,1644542,0.9,3,0.2,22.51
KPK,4,21.17,62.69,3357.13,36349074,0.6,6,0.35,31.64
Khyber Pakhtunkhwa,5,25.02,52.22,5654.68,32360241,0.6,6,0.35,40.13
Sindh,12,11.04,33.54,3098.55,47990263,0.2,8,0.475,35.0
KPK,4,31.54,69.27,6066.57,35143471,0.6,6,0.35,43.85
KPK,6,15.53,48.99,2465.78,34904693,0.6,6,0.35,29.47
Azad Kashmir,5,15.23,42.7,2273.38,3609696,0.7,4,0.275,22.07
KPK,11,25.68,55.14,4289.13,33015345,0.6,6,0.35,43.53
Khyber Pakhtunkhwa,9,19.15,49.58,5057.23,32895329,0.6,6,0.35,40.35
Sindh,1,8.27,20.0,5085.06,45534299,0.2,8,0.475,47.78
Azad Kashmir,2,26.06,60.99,4364.17,3960495,0.7,4,0.275,35.2
Balochistan,8,195.72,517.51,11887.02,11099786,0.5,5,0.3,100.0
Khyber Pakhtunkhwa,4,15.53,35.37,2745.72,32648609,0.6,6,0.35,35.95
Punjab,6,29.94,100.26,7317.17,104012533,0.3,7,0.425,56.44
Sindh,10,25.59,63.56,4490.39,47654139,0.2,8,0.475,49.73
Azad Kashmir,12,6.01,13.02,2262.57,3676009,0.7,4,0.275,25.91
Punjab,9,66.58,290.06,12641.83,109913052,0.3,7,0.425,98.68
Azad Kashmir,1,37.0,109.29,3572.32,4382717,0.7,4,0.275,39.39
Azad Kashmir,12,42.41,132.73,4096.96,4031644,0.7,4,0.275,39.56
Balochistan,4,20.05,55.31,4200.74,12872691,0.5,5,0.3,46.06
Khyber Pakhtunkhwa,6,38.14,126.25,6370.38,37353962,0.6,6,0.35,50.32
Sindh,12,19.14,41.13,4798.21,50774679,0.2,8,0.475,49.22
Gilgit-Baltistan,7,115.72,376.15,7711.83,1808697,0.9,3,0.2,89.82
KPK,1,27.17,85.26,5306.61,37319479,0.6,6,0.35,42.99
Khyber Pakhtunkhwa,5,36.14,107.14,6541.23,33492184,0.6,6,0.35,51.59
Gilgit-Baltistan,8,6.62,14.9,1241.4,1759562,0.9,3,0.2,18.26
Balochistan,3,19.56,55.6,3538.82,12554579,0.5,5,0.3,39.0
Azad Kashmir,12,27.91,59.05,2493.58,3867390,0.7,4,0.275,33.22
Azad Kashmir,4,32.44,72.05,3413.6,3947215,0.7,4,0.275,34.35
Khyber Pakhtunkhwa,12,27.09,92.1,5270.76,34940861,0.6,6,0.35,48.49
Khyber Pakhtunkhwa,6,31.5,97.97,6679.79,33390848,0.6,6,0.35,50.3
Khyber Pakhtunkhwa,11,26.32,63.42,4505.3,34070951,0.6,6,0.35,44.12
Balochistan,5,17.95,61.13,3835.37,12622679,0.5,5,0.3,36.0
KPK,6,18.28,40.15,3471.33,38500623,0.6,6,0.35,32.84
KPK,10,17.07,40.47,4644.76,33721778,0.6,6,0.35,40.78
Punjab,9,94.59,328.7,9530.96,100378370,0.3,7,0.425,93.58
Azad Kashmir,6,25.03,74.99,4631.89,4048134,0.7,4,0.275,30.2
Sindh,5,12.43,37.06,3625.31,48525863,0.2,8,0.475,44.97
KPK,9,13.3,40.96,3250.59,32580765,0.6,6,0.35,34.22
Balochistan,2,52.63,167.77,6327.74,12577734,0.5,5,0.3,57.9
Punjab,5,19.29,44.83,3405.92,117963711,0.3,7,0.425,47.81
KPK,8,123.52,396.73,18253.31,37587326,0.6,6,0.35,100.0
Balochistan,4,24.34,76.2,2603.65,11380584,0.5,5,0.3,30.46
Gilgit-Baltistan,11,27.07,84.61,2806.98,1818904,0.9,3,0.2,25.69
KPK,1,19.33,49.44,3761.41,34771407,0.6,6,0.35,35.09
Khyber Pakhtunkhwa,8,93.49,300.43,12905.49,33912736,0.6,6,0.35,100.0
Azad Kashmir,8,99.56,359.97,7346.25,4090778,0.7,4,0.275,91.92
Khyber Pakhtunkhwa,8,156.98,402.92,14434.55,37151710,0.6,6,0.35,100.0
Gilgit-Baltistan,6,253.63,693.76,16414.58,1735080,0.9,3,0.2,100.0
Balochistan,5,21.56,75.37,4868.78,12684089,0.5,5,0.3,41.56
Khyber Pakhtunkhwa,1,19.19,44.41,3514.42,38861547,0.6,6,0.35,29.61
Gilgit-Baltistan,2,16.78,58.44,2778.63,1854600,0.9,3,0.2,18.6
Gilgit-Baltistan,3,14.29,33.81,1449.05,1651384,0.9,3,0.2,15.21
Punjab,9,267.15,995.83,33575.49,111699494,0.3,7,0.425,100.0
Gilgit-Baltistan,11,22.69,68.4,2167.31,1867077,0.9,3,0.2,21.58
Azad Kashmir,7,186.78,790.58,13946.11,3888302,0.7,4,0.275,100.0
KPK,12,20.8,43.44,4945.47,36570456,0.6,6,0.35,37.48
Gilgit-Baltistan,6,103.41,285.17,6151.34,1908847,0.9,3,0.2,75.96
Gilgit-Baltistan,10,15.08,46.16,2705.81,1917374,0.9,3,0.2,25.25
Balochistan,7,200.11,751.72,19495.12,12632319,0.5,5,0.3,100.0
Balochistan,4,14.43,29.13,2832.53,11811112,0.5,5,0.3,24.08
Khyber Pakhtunkhwa,9,36.65,120.16,6320.92,36161873,0.6,6,0.35,49.68
Sindh,12,26.6,87.33,6513.36,43719679,0.2,8,0.475,58.24
Sindh,5,42.97,129.06,10185.78,51530617,0.2,8,0.475,75.55
Azad Kashmir,8,380.0,1300.0,32625.57,4314018,0.7,4,0.275,100.0
Khyber Pakhtunkhwa,6,15.36,36.2,3536.46,32689996,0.6,6,0.35,32.39
Gilgit-Baltistan,12,44.7,94.15,2805.63,1750267,0.9,3,0.2,33.86
KPK,6,20.35,49.26,3174.04,35617665,0.6,6,0.35,25.92
Gilgit-Baltistan,1,35.65,87.0,3871.29,1762925,0.9,3,0.2,29.6
Balochistan,1,13.73,45.45,2998.37,12797556,0.5,5,0.3,32.61
Khyber Pakhtunkhwa,11,15.95,41.73,4581.93,37019631,0.6,6,0.35,34.12
KPK,1,9.83,28.57,3483.63,32762862,0.6,6,0.35,32.19
Gilgit-Baltistan,1,7.45,23.31,1183.33,1648864,0.9,3,0.2,11.87
Azad Kashmir,9,20.58,59.49,2154.05,4108876,0.7,4,0.275,29.52
Gilgit-Baltistan,9,27.61,92.58,1969.99,1812228,0.9,3,0.2,26.06
Punjab,1,18.15,47.17,5863.73,116776497,0.3,7,0.425,55.6
Azad Kashmir,9,34.65,91.65,4603.21,3820304,0.7,4,0.275,44.58
Balochistan,6,23.11,75.94,4820.15,12130223,0.5,5,0.3,45.99
Khyber Pakhtunkhwa,10,18.6,51.48,3004.38,36534757,0.6,6,0.35,33.09
Balochistan,8,144.07,471.37,16251.73,12536132,0.5,5,0.3,100.0
Sindh,6,23.17,65.8,4293.13,44713306,0.2,8,0.475,53.63
Punjab,5,7.95,26.94,3399.29,107699553,0.3,7,0.425,38.13
Gilgit-Baltistan,11,25.45,65.04,2314.18,1790642,0.9,3,0.2,19.4
Gilgit-Baltistan,4,22.58,50.31,1605.36,1969467,0.9,3,0.2,21.4
Gilgit-Baltistan,4,15.67,37.14,2476.56,1748226,0.9,3,0.2,22.56
Punjab,3,17.18,55.75,4789.28,102635325,0.3,7,0.425,39.85
Azad Kashmir,8,154.08,477.8,11481.62,4234017,0.7,4,0.275,100.0
Khyber Pakhtunkhwa,5,18.04,60.61,2969.74,36160402,0.6,6,0.35,35.39
Punjab,11,19.27,54.43,3372.37,113976629,0.3,7,0.425,33.23
Sindh,10,30.57,88.14,6189.96,45847806,0.2,8,0.475,56.82
Sindh,8,323.58,1278.61,36000.0,47478281,0.2,8,0.475,100.0
KPK,3,43.1,150.59,4519.92,31972491,0.6,6,0.35,54.76
Sindh,1,9.15,18.73,5261.45,45224741,0.2,8,0.475,42.89
Azad Kashmir,2,55.87,123.0,4659.71,3886972,0.7,4,0.275,45.12
Punjab,9,86.83,390.35,15765.17,117226324,0.3,7,0.425,100.0
Azad Kashmir,7,127.88,321.14,13459.25,4257541,0.7,4,0.275,100.0
Sindh,1,24.62,52.1,5382.9,47010080,0.2,8,0.475,55.91
Gilgit-Baltistan,11,20.92,44.12,2920.98,1808127,0.9,3,0.2,22.55
Punjab,8,172.05,659.61,19210.37,117994816,0.3,7,0.425,100.0
Khyber Pakhtunkhwa,8,92.16,337.91,13938.84,35847761,0.6,6,0.35,100.0
Gilgit-Baltistan,5,46.03,151.9,3647.88,1915715,0.9,3,0.2,34.78
Gilgit-Baltistan,4,21.75,53.38,2001.13,1822784,0.9,3,0.2,30.7
KPK,11,11.33,24.93,3417.85,32335757,0.6,6,0.35,35.17
KPK,1,18.46,38.66,4557.43,31977121,0.6,6,0.35,37.19
Balochistan,12,11.69,28.12,3372.14,11840835,0.5,5,0.3,35.82
KPK,2,17.41,60.0,2825.14,36827836,0.6,6,0.35,36.77
Punjab,1,19.52,44.39,3976.48,101851214,0.3,7,0.425,44.56
KPK,9,17.58,36.43,3300.69,38743278,0.6,6,0.35,32.04
KPK,9,17.03,34.12,4439.61,33270763,0.6,6,0.35,36.01
Balochistan,4,16.73,55.53,2640.42,12737420,0.5,5,0.3,33.64
Balochistan,2,32.62,112.92,3227.39,12748196,0.5,5,0.3,39.09
Gilgit-Baltistan,6,136.48,565.93,11180.4,1815770,0.9,3,0.2,100.0
Azad Kashmir,5,17.56,53.81,3910.66,3625137,0.7,4,0.275,34.84
Khyber Pakhtunkhwa,6,63.96,220.35,8501.53,36760550,0.6,6,0.35,70.41
KPK,7,244.75,673.32,16284.37,37418123,0.6,6,0.35,100.0
Gilgit-Baltistan,9,14.4,45.5,2054.83,1745314,0.9,3,0.2,17.56
Gilgit-Baltistan,12,15.46,51.77,2503.2,1900935,0.9,3,0.2,21.85
Balochistan,6,23.92,49.99,3976.49,12502233,0.5,5,0.3,37.53
Sindh,7,189.43,558.95,21104.04,44458892,0.2,8,0.475,100.0
Punjab,9,210.95,795.69,26275.03,113830866,0.3,7,0.425,100.0
Khyber Pakhtunkhwa,1,28.12,93.8,5570.47,32391642,0.6,6,0.35,43.82
Sindh,2,12.9,30.47,4479.41,49620762,0.2,8,0.475,44.69
Balochistan,6,32.25,85.43,3008.29,11477744,0.5,5,0.3,35.34
Balochistan,8,225.03,651.2,25219.43,13517255,0.5,5,0.3,100.0
Khyber Pakhtunkhwa,10,16.82,38.08,2924.74,32042509,0.6,6,0.35,32.62
Gilgit-Baltistan,4,30.13,78.13,3599.48,1968138,0.9,3,0.2,32.46
Balochistan,10,51.61,154.82,4615.19,12460109,0.5,5,0.3,49.31
Gilgit-Baltistan,6,235.54,848.89,17472.77,1636580,0.9,3,0.2,100.0
Punjab,12,17.77,42.1,4217.77,118682141,0.3,7,0.425,37.78
Balochistan,10,101.37,216.53,6226.68,11211949,0.5,5,0.3,63.45
Azad Kashmir,11,28.96,82.84,3574.83,4277817,0.7,4,0.275,29.03
Sindh,10,8.86,26.74,3347.56,47242626,0.2,8,0.475,43.99
Khyber Pakhtunkhwa,8,184.44,591.33,24710.81,38669841,0.6,6,0.35,100.0
Balochistan,5,29.57,68.22,3368.52,11797408,0.5,5,0.3,39.56
Azad Kashmir,12,16.74,45.04,2114.34,4261397,0.7,4,0.275,31.61
Azad Kashmir,4,29.44,97.56,4040.49,3825977,0.7,4,0.275,39.83
Azad Kashmir,5,34.65,72.49,3597.48,4178502,0.7,4,0.275,26.92
Azad Kashmir,7,78.72,311.63,10580.21,3779434,0.7,4,0.275,86.3
Azad Kashmir,4,26.01,64.71,3990.15,4253423,0.7,4,0.275,36.28
Gilgit-Baltistan,9,37.94,118.82,3049.67,1832629,0.9,3,0.2,30.59
Sindh,11,39.58,109.9,6594.25,49130398,0.2,8,0.475,59.19
Gilgit-Baltistan,9,20.82,59.13,2768.5,1875056,0.9,3,0.2,23.42
Khyber Pakhtunkhwa,4,15.54,33.37,4192.22,32816416,0.6,6,0.35,36.96
Punjab,7,111.34,310.0,11953.54,113633216,0.3,7,0.425,100.0
Balochistan,3,23.35,65.94,3227.35,12256951,0.5,5,0.3,33.61
KPK,4,10.69,32.67,4195.31,35057395,0.6,6,0.35,33.7
KPK,8,257.18,669.52,24787.58,37051023,0.6,6,0.35,100.0
Gilgit-Baltistan,8,25.04,55.02,3043.95,1676618,0.9,3,0.2,23.5
KPK,12,33.8,80.31,5500.89,36009396,0.6,6,0.35,43.76
Azad Kashmir,3,6.51,13.21,1991.17,3753142,0.7,4,0.275,24.56
KPK,1,21.29,50.47,3627.63,32545828,0.6,6,0.35,38.55
Sindh,3,14.45,50.18,5826.13,50136803,0.2,8,0.475,51.19
Azad Kashmir,7,261.94,799.61,19819.84,4384294,0.7,4,0.275,100.0
Punjab,10,21.66,57.06,4477.58,107747472,0.3,7,0.425,41.71
Khyber Pakhtunkhwa,3,16.8,50.16,4916.0,36235824,0.6,6,0.35,32.46
Azad Kashmir,11,17.8,52.92,2546.08,3612088,0.7,4,0.275,26.8
Khyber Pakhtunkhwa,6,32.74,80.85,4255.29,36193444,0.6,6,0.35,37.02
Balochistan,4,28.69,87.56,4663.47,12074053,0.5,5,0.3,43.05
Sindh,4,17.37,53.65,5586.6,50193530,0.2,8,0.475,53.42
Gilgit-Baltistan,6,151.46,510.12,8024.56,1776385,0.9,3,0.2,100.0
Sindh,11,23.06,54.5,6454.34,43985530,0.2,8,0.475,54.01
Sindh,5,21.12,49.04,4584.98,45481622,0.2,8,0.475,50.69
Khyber Pakhtunkhwa,2,22.91,78.51,5414.46,37666141,0.6,6,0.35,48.34
Khyber Pakhtunkhwa,4,23.39,72.83,5078.17,35652288,0.6,6,0.35,44.28
Khyber Pakhtunkhwa,10,8.58,28.29,3857.55,38054749,0.6,6,0.35,30.97
Punjab,8,152.23,634.39,22031.36,110770561,0.3,7,0.425,100.0
Khyber Pakhtunkhwa,5,21.42,62.08,3322.21,36140651,0.6,6,0.35,41.02
Azad Kashmir,11,34.78,90.94,4554.28,3808189,0.7,4,0.275,39.23
Gilgit-Baltistan,5,31.97,96.8,2179.5,1724107,0.9,3,0.2,22.58
KPK,12,19.74,49.96,4774.54,37553979,0.6,6,0.35,31.92
Azad Kashmir,7,158.34,693.9,18836.87,3682054,0.7,4,0.275,100.0
Sindh,6,28.11,84.76,7968.84,51336961,0.2,8,0.475,73.11
Khyber Pakhtunkhwa,9,6.63,18.12,2663.46,37208445,0.6,6,0.35,23.8
Balochistan,2,42.97,108.18,4787.31,12871738,0.5,5,0.3,47.03
Khyber Pakhtunkhwa,10,14.58,42.46,2931.13,32359898,0.6,6,0.35,30.67
Gilgit-Baltistan,3,44.74,117.3,4094.88,1933728,0.9,3,0.2,32.92
Khyber Pakhtunkhwa,10,40.31,113.67,6121.49,32107204,0.6,6,0.35,48.06
Azad Kashmir,1,37.5,103.8,3241.83,4211840,0.7,4,0.275,36.82
Khyber Pakhtunkhwa,7,210.97,699.63,28062.42,33525493,0.6,6,0.35,100.0
Punjab,12,28.57,77.08,7183.54,103475602,0.3,7,0.425,57.85
KPK,3,28.59,74.52,4658.29,32044910,0.6,6,0.35,34.22
Gilgit-Baltistan,9,25.2,52.93,2681.61,1646677,0.9,3,0.2,28.3
Punjab,6,7.08,18.13,2440.92,107130632,0.3,7,0.425,36.93
Khyber Pakhtunkhwa,12,25.04,58.24,4784.79,35386324,0.6,6,0.35,45.33
KPK,12,22.66,63.02,3809.37,36760061,0.6,6,0.35,34.82
KPK,1,11.86,30.67,2503.03,33783440,0.6,6,0.35,35.46
Azad Kashmir,3,43.11,135.26,4265.73,3931976,0.7,4,0.275,41.05
Khyber Pakhtunkhwa,6,42.06,138.48,7730.02,37092845,0.6,6,0.35,49.13
Khyber Pakhtunkhwa,1,11.98,41.18,3208.81,35850332,0.6,6,0.35,32.87
Sindh,3,19.23,43.97,5857.8,45205295,0.2,8,0.475,53.51
KPK,7,240.73,968.16,21406.0,32577533,0.6,6,0.35,100.0
Balochistan,4,9.29,19.04,3179.67,11668755,0.5,5,0.3,21.94
Balochistan,12,27.81,92.67,3682.05,13286363,0.5,5,0.3,37.9
Balochistan,6,26.5,91.45,4980.52,13291610,0.5,5,0.3,40.69
Balochistan,11,21.14,43.55,3167.51,11389998,0.5,5,0.3,34.96
KPK,11,34.92,104.11,4440.18,32052108,0.6,6,0.35,41.31
Gilgit-Baltistan,8,44.97,131.74,3753.34,1844861,0.9,3,0.2,38.35
Balochistan,10,18.57,55.96,2545.97,12493946,0.5,5,0.3,31.23
Khyber Pakhtunkhwa,7,222.19,991.48,28812.69,37661339,0.6,6,0.35,100.0
KPK,6,18.23,54.97,3554.3,38636013,0.6,6,0.35,35.49
Balochistan,12,55.34,133.53,4579.28,12634413,0.5,5,0.3,49.93
KPK,1,30.05,97.84,3938.54,32085928,0.6,6,0.35,37.32
Sindh,7,168.03,725.94,29789.74,52244866,0.2,8,0.475,100.0
Balochistan,2,11.25,32.51,2497.04,11197893,0.5,5,0.3,31.11
Balochistan,8,156.95,609.19,16560.91,12303876,0.5,5,0.3,100.0
Khyber Pakhtunkhwa,8,226.46,1017.8,18363.24,38321297,0.6,6,0.35,100.0
Azad Kashmir,7,175.9,562.01,14093.26,3916769,0.7,4,0.275,100.0
Sindh,10,11.01,29.76,3650.33,44077370,0.2,8,0.475,41.79
KPK,5,18.8,37.85,2871.83,33421638,0.6,6,0.35,32.54
Balochistan,8,156.69,411.32,11034.95,13060198,0.5,5,0.3,100.0
Azad Kashmir,2,25.9,70.63,3074.63,4050726,0.7,4,0.275,30.58
Gilgit-Baltistan,5,40.51,81.22,2452.58,1935146,0.9,3,0.2,28.38
Sindh,7,147.41,475.78,17364.5,46434857,0.2,8,0.475,100.0
Punjab,3,29.32,59.33,5649.57,109359081,0.3,7,0.425,46.47
Sindh,12,43.7,114.06,7248.92,47459223,0.2,8,0.475,63.97
Sindh,8,180.02,682.18,22600.14,48404504,0.2,8,0.475,100.0
Sindh,11,19.88,46.28,4156.77,51020310,0.2,8,0.475,42.4
Gilgit-Baltistan,6,160.14,655.85,9820.26,1651326,0.9,3,0.2,100.0
Sindh,11,28.02,65.3,5039.58,51483607,0.2,8,0.475,53.95
Azad Kashmir,6,22.32,57.25,2677.51,3812296,0.7,4,0.275,34.99
Sindh,1,19.61,57.17,6945.14,50638085,0.2,8,0.475,51.89
Balochistan,7,223.42,873.15,27610.39,11994480,0.5,5,0.3,100.0
Gilgit-Baltistan,2,17.28,58.16,2221.46,1800459,0.9,3,0.2,17.14
Azad Kashmir,4,37.23,118.9,5240.6,3772400,0.7,4,0.275,41.24
Azad Kashmir,12,12.49,28.22,2349.17,4241156,0.7,4,0.275,26.26
Gilgit-Baltistan,3,12.09,36.46,1978.96,1954492,0.9,3,0.2,20.12
Gilgit-Baltistan,6,152.14,485.35,6475.66,1966137,0.9,3,0.2,100.0
Azad Kashmir,8,170.95,535.95,17585.61,4357729,0.7,4,0.275,100.0
Khyber Pakhtunkhwa,4,20.55,41.41,4427.09,36964347,0.6,6,0.35,41.21
Azad Kashmir,12,11.93,30.01,3111.21,4348387,0.7,4,0.275,26.11
Punjab,4,19.63,47.29,4213.94,108873133,0.3,7,0.425,42.02
Azad Kashmir,2,8.26,17.95,2937.73,4227364,0.7,4,0.275,28.53
Khyber Pakhtunkhwa,12,22.5,57.04,4870.17,34045013,0.6,6,0.35,42.1
Azad Kashmir,1,48.15,158.63,6477.21,3738674,0.7,4,0.275,49.19
Balochistan,1,19.32,59.91,3732.23,12505668,0.5,5,0.3,32.65
Punjab,5,9.75,28.0,2763.58,118206426,0.3,7,0.425,35.91
Azad Kashmir,3,34.75,82.73,4811.29,3678989,0.7,4,0.275,31.44
Balochistan,7,108.94,467.5,14028.38,12791274,0.5,5,0.3,100.0
Khyber Pakhtunkhwa,11,14.24,34.81,4427.24,37763055,0.6,6,0.35,35.89
Punjab,9,102.09,362.14,12032.46,120767498,0.3,7,0.425,100.0
Sindh,1,29.29,61.93,7907.17,50715843,0.2,8,0.475,57.06
Gilgit-Baltistan,1,12.01,32.71,2294.56,1699645,0.9,3,0.2,16.83
Azad Kashmir,8,192.38,597.65,20353.15,3694915,0.7,4,0.275,100.0
Gilgit-Baltistan,10,24.25,63.33,1915.0,1856307,0.9,3,0.2,30.46
Punjab,4,46.49,101.1,7903.44,119646607,0.3,7,0.425,64.93
KPK,3,17.27,56.13,4644.63,36294000,0.6,6,0.35,35.35
Sindh,7,134.3,517.29,23711.5,43781635,0.2,8,0.475,100.0
Azad Kashmir,4,11.49,26.78,2525.81,4168091,0.7,4,0.275,25.35
Khyber Pakhtunkhwa,6,6.93,18.68,2591.97,34197765,0.6,6,0.35,23.5
Khyber Pakhtunkhwa,10,17.17,45.76,4694.77,36622190,0.6,6,0.35,37.17
Gilgit-Baltistan,6,175.63,526.7,10810.91,1718778,0.9,3,0.2,100.0
Punjab,4,29.56,90.74,6790.37,106135607,0.3,7,0.425,54.29
Sindh,9,188.88,522.21,23846.92,49043310,0.2,8,0.475,100.0
Balochistan,11,16.14,37.08,2169.8,13252313,0.5,5,0.3,23.96
Balochistan,4,3.55,9.32,2526.91,13278993,0.5,5,0.3,31.19
Sindh,10,30.34,75.95,4701.85,45361245,0.2,8,0.475,49.9
Balochistan,5,16.34,39.48,2131.6,13350214,0.5,5,0.3,30.56
Khyber Pakhtunkhwa,11,22.73,77.75,5224.65,34177316,0.6,6,0.35,41.68
Azad Kashmir,10,39.63,121.43,3912.1,4323394,0.7,4,0.275,43.42
KPK,12,3.67,8.56,2209.34,33791657,0.6,6,0.35,19.89
Azad Kashmir,10,37.35,117.23,5152.3,3987512,0.7,4,0.275,44.77
Balochistan,10,47.31,159.24,5961.72,12875407,0.5,5,0.3,48.83
Punjab,5,11.01,27.59,4606.9,104423437,0.3,7,0.425,36.83
Sindh,7,123.75,525.97,24754.26,44461810,0.2,8,0.475,100.0
Balochistan,4,22.53,47.84,2399.45,13504800,0.5,5,0.3,31.86
Azad Kashmir,7,117.19,375.42,12212.6,4005665,0.7,4,0.275,100.0
Punjab,2,45.54,125.27,8340.41,99517714,0.3,7,0.425,58.34
Khyber Pakhtunkhwa,7,144.42,512.29,13659.87,35293745,0.6,6,0.35,100.0
Azad Kashmir,12,24.84,72.13,3532.04,3648805,0.7,4,0.275,31.12
Khyber Pakhtunkhwa,3,20.87,60.34,4379.1,36795980,0.6,6,0.35,31.3
Gilgit-Baltistan,12,45.91,139.51,3027.06,1845118,0.9,3,0.2,31.14
Balochistan,6,31.18,102.09,3083.67,12876012,0.5,5,0.3,37.37
Punjab,12,8.23,16.62,2514.7,104689015,0.3,7,0.425,35.17
Sindh,3,13.33,32.58,5039.95,52357600,0.2,8,0.475,53.57
Balochistan,10,57.94,126.96,7212.64,13193002,0.5,5,0.3,58.15
Balochistan,4,23.79,83.05,4145.98,11827400,0.5,5,0.3,40.35
Gilgit-Baltistan,3,39.6,84.06,4002.9,1737296,0.9,3,0.2,32.44
Gilgit-Baltistan,6,143.15,597.59,7391.56,1665457,0.9,3,0.2,100.0
Balochistan,11,24.67,75.68,3480.42,11696024,0.5,5,0.3,39.76
Gilgit-Baltistan,7,272.29,1219.21,14782.14,1760363,0.9,3,0.2,100.0
Sindh,4,20.06,54.07,4754.0,47674498,0.2,8,0.475,48.12
Sindh,1,39.46,100.49,8860.27,49496191,0.2,8,0.475,66.96
KPK,12,9.16,32.0,2255.42,37490469,0.6,6,0.35,30.04
Balochistan,12,18.91,44.42,2666.86,12425585,0.5,5,0.3,36.0
Punjab,3,62.24,129.8,6529.04,111882929,0.3,7,0.425,61.59
Azad Kashmir,7,175.16,612.4,17039.29,3801849,0.7,4,0.275,100.0
Gilgit-Baltistan,1,32.72,101.27,2727.2,1850747,0.9,3,0.2,29.6
Balochistan,4,25.9,87.21,2735.82,11846801,0.5,5,0.3,31.92
Sindh,9,146.96,640.93,27163.76,46053349,0.2,8,0.475,100.0
KPK,6,43.0,108.3,7175.38,35263769,0.6,6,0.35,54.48
Sindh,4,19.68,65.14,5361.0,52554014,0.2,8,0.475,50.96
Gilgit-Baltistan,10,41.82,112.21,3180.88,1882977,0.9,3,0.2,38.52
Sindh,2,16.53,35.82,6037.45,45958723,0.2,8,0.475,48.82
KPK,5,21.82,50.68,2811.2,34531882,0.6,6,0.35,33.9
Balochistan,3,18.16,54.8,3528.78,11434966,0.5,5,0.3,32.45
KPK,12,20.6,60.17,4143.73,34215776,0.6,6,0.35,41.53
Azad Kashmir,9,64.99,157.0,7886.67,3699476,0.7,4,0.275,57.23
Punjab,10,32.4,97.47,6217.29,116812850,0.3,7,0.425,44.54
Gilgit-Baltistan,11,27.44,78.21,2409.99,1839735,0.9,3,0.2,24.03
Azad Kashmir,5,25.17,81.87,2876.03,3952920,0.7,4,0.275,26.45
Khyber Pakhtunkhwa,2,16.88,57.44,3744.1,35112244,0.6,6,0.35,28.38
Balochistan,7,194.63,492.15,16113.94,11121711,0.5,5,0.3,100.0
Gilgit-Baltistan,5,37.06,111.17,2308.19,1779060,0.9,3,0.2,31.18
Azad Kashmir,3,9.44,24.51,2399.6,3986635,0.7,4,0.275,22.0
Azad Kashmir,10,14.6,41.76,2890.4,4302426,0.7,4,0.275,22.89
KPK,5,63.19,206.2,7082.73,32498031,0.6,6,0.35,64.86
KPK,9,17.41,52.68,4949.47,32962151,0.6,6,0.35,39.08
Balochistan,11,16.79,49.73,3015.32,12274524,0.5,5,0.3,32.92
KPK,12,19.73,57.21,4605.18,34189082,0.6,6,0.35,36.34
Gilgit-Baltistan,5,27.95,94.58,1998.94,1721016,0.9,3,0.2,29.32
Sindh,7,177.21,584.54,24321.3,52481354,0.2,8,0.475,100.0
Azad Kashmir,8,128.53,469.99,14345.32,4243332,0.7,4,0.275,100.0
Balochistan,1,17.7,50.48,2301.2,12626694,0.5,5,0.3,39.07
Khyber Pakhtunkhwa,12,21.22,55.46,3669.57,34100092,0.6,6,0.35,42.59
Azad Kashmir,11,27.71,65.56,3952.83,3759051,0.7,4,0.275,41.4
Khyber Pakhtunkhwa,12,26.97,85.5,4935.04,33804253,0.6,6,0.35,39.09
Sindh,5,42.35,115.72,6121.96,45613570,0.2,8,0.475,62.07
Balochistan,12,17.34,47.59,2754.44,12877136,0.5,5,0.3,41.86
Balochistan,11,28.18,60.22,4204.29,12424307,0.5,5,0.3,39.54
Balochistan,8,196.33,829.17,20629.42,13261019,0.5,5,0.3,100.0
Punjab,3,22.28,55.49,3890.56,102985780,0.3,7,0.425,48.72
Azad Kashmir,2,25.89,75.68,2584.32,3670230,0.7,4,0.275,23.62
Punjab,10,9.11,29.33,2514.94,113286334,0.3,7,0.425,36.03
Sindh,9,119.84,469.05,21694.98,50847936,0.2,8,0.475,100.0
Azad Kashmir,2,16.02,39.73,1985.13,3710103,0.7,4,0.275,27.99
Khyber Pakhtunkhwa,3,23.35,48.11,4141.85,36781404,0.6,6,0.35,32.11
KPK,7,242.43,787.38,31615.05,33024735,0.6,6,0.35,100.0
Azad Kashmir,2,24.08,63.62,3694.98,4180889,0.7,4,0.275,32.47
Khyber Pakhtunkhwa,10,19.37,50.3,2616.57,35666191,0.6,6,0.35,30.64
Gilgit-Baltistan,8,30.46,67.47,2993.45,1850964,0.9,3,0.2,29.46
Gilgit-Baltistan,3,27.18,57.72,2705.91,1794832,0.9,3,0.2,25.74
Sindh,7,203.47,893.23,36000.0,46286889,0.2,8,0.475,100.0
Sindh,8,96.63,275.82,9938.06,47377023,0.2,8,0.475,100.0
Balochistan,6,44.2,109.16,6380.12,11393949,0.5,5,0.3,54.29
Sindh,8,88.36,230.37,15446.09,47665057,0.2,8,0.475,100.0
Gilgit-Baltistan,7,115.83,333.4,8317.88,1804000,0.9,3,0.2,87.12
Azad Kashmir,1,41.96,90.55,5461.99,4136810,0.7,4,0.275,42.93
Balochistan,1,11.38,28.32,1949.91,11930498,0.5,5,0.3,25.57
Punjab,4,35.76,78.62,8284.1,111817830,0.3,7,0.425,56.26
Gilgit-Baltistan,4,23.57,59.3,2458.7,1778639,0.9,3,0.2,23.97
Balochistan,7,380.0,1300.0,23848.0,12701339,0.5,5,0.3,100.0
Gilgit-Baltistan,4,45.94,136.58,3466.09,1784890,0.9,3,0.2,33.95
Punjab,7,176.64,793.37,24792.48,119255210,0.3,7,0.425,100.0
Khyber Pakhtunkhwa,9,8.26,23.39,2974.09,33947890,0.6,6,0.35,40.16
Punjab,7,235.45,697.8,32781.26,105769461,0.3,7,0.425,100.0
Balochistan,2,18.21,56.9,4277.48,11335751,0.5,5,0.3,35.82
Punjab,7,94.08,320.3,15864.06,114103306,0.3,7,0.425,100.0
Balochistan,10,17.29,48.46,2227.2,13057846,0.5,5,0.3,32.09
Punjab,10,15.65,40.67,5389.62,104875650,0.3,7,0.425,47.7
Punjab,9,230.7,577.02,23431.22,104305634,0.3,7,0.425,100.0
Azad Kashmir,7,173.3,563.88,18288.32,4324239,0.7,4,0.275,100.0
Balochistan,3,8.08,19.77,2149.74,11858187,0.5,5,0.3,25.4
Sindh,8,154.13,665.67,20035.51,50977576,0.2,8,0.475,100.0
Balochistan,6,33.16,66.98,4227.06,12962828,0.5,5,0.3,38.96
Punjab,11,27.07,92.82,6846.07,108799964,0.3,7,0.425,55.91
Khyber Pakhtunkhwa,2,20.66,64.23,4528.23,33055990,0.6,6,0.35,35.14
Balochistan,10,11.78,28.4,3588.01,13415936,0.5,5,0.3,28.98
Punjab,1,31.41,67.94,7700.11,107395562,0.3,7,0.425,56.72
Gilgit-Baltistan,10,27.63,77.26,3113.15,1917338,0.9,3,0.2,32.63
Azad Kashmir,2,53.22,172.27,6398.74,4041549,0.7,4,0.275,55.27
KPK,1,27.14,92.27,5096.13,35685185,0.6,6,0.35,42.84
Gilgit-Baltistan,11,13.19,33.86,1938.57,1768718,0.9,3,0.2,21.18
Sindh,7,153.3,605.62,22027.04,43944142,0.2,8,0.475,100.0
Sindh,8,169.78,426.51,22676.36,44290710,0.2,8,0.475,100.0
Sindh,4,25.22,70.67,4831.81,44702477,0.2,8,0.475,57.68
Balochistan,2,15.66,43.12,3257.92,12494254,0.5,5,0.3,31.98
KPK,9,26.33,56.11,4335.3,36859054,0.6,6,0.35,31.23
Gilgit-Baltistan,12,42.13,119.24,2968.08,1775108,0.9,3,0.2,34.06
Azad Kashmir,3,41.01,139.92,5236.97,4193301,0.7,4,0.275,44.03
Balochistan,6,18.48,49.45,3834.59,11948176,0.5,5,0.3,34.68
KPK,7,168.4,673.12,19301.45,33483823,0.6,6,0.35,100.0
KPK,4,14.0,42.86,2922.55,35121757,0.6,6,0.35,21.32
Punjab,5,30.98,69.07,6697.93,112205531,0.3,7,0.425,49.65
KPK,8,58.79,252.5,6302.72,34277684,0.6,6,0.35,78.78
Khyber Pakhtunkhwa,6,15.35,38.54,4403.33,32575754,0.6,6,0.35,41.97
Azad Kashmir,11,15.7,49.97,2156.58,3712437,0.7,4,0.275,29.85
Gilgit-Baltistan,1,49.59,168.25,4620.67,1730256,0.9,3,0.2,41.5
Azad Kashmir,10,14.64,45.23,2093.65,3842220,0.7,4,0.275,28.59
Khyber Pakhtunkhwa,1,52.55,153.76,9179.62,37116181,0.6,6,0.35,68.6
Punjab,12,29.28,85.92,6322.35,109775289,0.3,7,0.425,59.48
Punjab,11,21.96,69.43,4780.02,110147087,0.3,7,0.425,44.23
Gilgit-Baltistan,2,32.45,109.82,3047.02,1738038,0.9,3,0.2,23.05
Gilgit-Baltistan,6,192.74,486.47,11181.05,1886638,0.9,3,0.2,100.0
Khyber Pakhtunkhwa,10,8.68,23.33,2924.01,37509301,0.6,6,0.35,34.55
KPK,9,33.67,109.16,4950.04,38916389,0.6,6,0.35,44.46
Sindh,11,15.01,46.22,5036.71,52151394,0.2,8,0.475,53.37
Punjab,2,24.05,60.6,5739.88,106704370,0.3,7,0.425,46.3
Balochistan,12,21.81,62.09,3615.71,11770116,0.5,5,0.3,30.31
Sindh,4,21.66,51.94,4287.67,44026237,0.2,8,0.475,51.28
Punjab,5,8.97,20.9,3634.53,101252075,0.3,7,0.425,39.07
Azad Kashmir,12,28.87,87.84,2578.5,3915272,0.7,4,0.275,33.8
Punjab,8,171.13,482.8,21891.49,103223019,0.3,7,0.425,100.0
KPK,9,23.28,73.11,4894.86,34086860,0.6,6,0.35,37.71
KPK,5,18.37,64.19,3860.73,33742965,0.6,6,0.35,34.15
Sindh,11,14.77,51.37,6054.8,50856105,0.2,8,0.475,52.98
Punjab,9,82.29,225.59,15252.94,103112491,0.3,7,0.425,100.0
Azad Kashmir,10,39.44,116.06,3694.13,4101974,0.7,4,0.275,38.92
Balochistan,3,21.43,55.32,2987.19,11819046,0.5,5,0.3,31.44
KPK,2,15.6,45.9,3967.66,37988580,0.6,6,0.35,33.63
Khyber Pakhtunkhwa,3,56.85,155.41,5486.17,33672064,0.6,6,0.35,56.48
KPK,10,7.91,27.14,3693.19,36048234,0.6,6,0.35,25.97
Gilgit-Baltistan,7,236.12,652.19,15939.76,1802861,0.9,3,0.2,100.0
Azad Kashmir,8,171.54,552.26,14789.63,4173890,0.7,4,0.275,100.0
Khyber Pakhtunkhwa,4,23.19,70.35,5397.48,39027345,0.6,6,0.35,43.33
KPK,1,23.26,48.7,4994.07,34160811,0.6,6,0.35,41.48
Balochistan,1,31.91,70.0,3599.18,12988918,0.5,5,0.3,38.29
Balochistan,12,22.17,55.74,4683.8,12263666,0.5,5,0.3,36.79
Balochistan,7,193.28,502.59,11976.31,12842323,0.5,5,0.3,100.0
Azad Kashmir,5,12.48,28.5,2410.35,4348660,0.7,4,0.275,25.42
Khyber Pakhtunkhwa,3,25.89,70.29,4169.57,38250714,0.6,6,0.35,40.3
Sindh,7,273.19,961.05,36000.0,45779891,0.2,8,0.475,100.0
KPK,5,20.2,52.66,5294.34,32340260,0.6,6,0.35,35.88
Balochistan,3,23.86,50.84,3104.28,13447733,0.5,5,0.3,23.09
Azad Kashmir,6,23.48,75.51,4509.07,3673060,0.7,4,0.275,28.32
Azad Kashmir,10,17.67,47.27,3339.0,4186528,0.7,4,0.275,32.05
Azad Kashmir,2,23.06,51.97,4281.74,4282653,0.7,4,0.275,26.75
KPK,4,14.01,38.84,4586.9,36290525,0.6,6,0.35,38.23
Sindh,8,164.17,642.05,20345.63,50300733,0.2,8,0.475,100.0
Punjab,11,33.37,73.73,6326.37,118095551,0.3,7,0.425,60.67
Azad Kashmir,4,27.71,71.82,4524.45,3795196,0.7,4,0.275,33.65
KPK,7,103.86,326.32,12116.61,36833161,0.6,6,0.35,100.0
Gilgit-Baltistan,7,113.01,362.43,6438.33,1796767,0.9,3,0.2,80.03
Gilgit-Baltistan,12,14.31,38.18,2082.61,1974002,0.9,3,0.2,22.7
Azad Kashmir,3,6.17,18.6,1545.44,4076914,0.7,4,0.275,17.45
KPK,6,28.61,66.56,3493.04,38718480,0.6,6,0.35,42.67
Punjab,4,13.69,32.96,4807.32,114893050,0.3,7,0.425,43.35
Balochistan,8,177.65,592.77,15835.83,11816076,0.5,5,0.3,100.0
KPK,9,45.76,149.52,5932.0,36829363,0.6,6,0.35,50.94
Sindh,2,17.8,44.4,5731.87,50450631,0.2,8,0.475,54.37
Khyber Pakhtunkhwa,12,19.03,57.85,5249.2,33548643,0.6,6,0.35,44.4
Punjab,1,44.18,126.08,5023.52,104735593,0.3,7,0.425,62.61
Balochistan,8,188.7,639.54,11944.21,12175199,0.5,5,0.3,100.0
Azad Kashmir,4,15.32,41.29,2113.83,4342196,0.7,4,0.275,27.17
Khyber Pakhtunkhwa,6,35.67,104.97,5236.64,32225174,0.6,6,0.35,52.53
Sindh,6,17.08,55.27,3749.73,51408039,0.2,8,0.475,37.8
Azad Kashmir,10,28.24,65.82,2653.13,4068028,0.7,4,0.275,43.64
Balochistan,9,16.87,44.76,2380.89,12896054,0.5,5,0.3,25.01
Balochistan,11,34.41,115.24,3561.76,12021273,0.5,5,0.3,43.07
Khyber Pakhtunkhwa,9,18.12,57.69,4174.62,36594965,0.6,6,0.35,37.8
Gilgit-Baltistan,10,3.61,10.89,1816.42,1805121,0.9,3,0.2,10.83
Khyber Pakhtunkhwa,12,20.88,63.74,4023.47,32341220,0.6,6,0.35,37.06
Punjab,2,27.75,77.35,4046.8,120396501,0.3,7,0.425,46.35
Sindh,3,11.03,33.88,3702.37,46134104,0.2,8,0.475,41.5
Gilgit-Baltistan,11,33.02,90.51,3663.55,1885257,0.9,3,0.2,27.99
Punjab,10,10.3,27.49,4213.76,106345854,0.3,7,0.425,41.47
Khyber Pakhtunkhwa,6,32.54,86.46,4538.71,35829982,0.6,6,0.35,45.33
Azad Kashmir,10,26.7,69.48,4633.2,3917272,0.7,4,0.275,40.3
Balochistan,6,19.25,48.59,3532.46,11744563,0.5,5,0.3,32.12
Punjab,3,32.34,108.01,7245.12,105243554,0.3,7,0.425,56.01
Punjab,2,33.61,76.49,4497.07,116882721,0.3,7,0.425,50.87
Balochistan,10,44.2,92.12,5811.02,13163097,0.5,5,0.3,51.0
KPK,1,27.15,62.86,5360.45,37449461,0.6,6,0.35,41.2
Gilgit-Baltistan,12,26.91,93.23,2242.23,1694918,0.9,3,0.2,23.0
Khyber Pakhtunkhwa,1,23.83,77.42,4440.2,38422593,0.6,6,0.35,38.71
Balochistan,3,5.42,18.54,1879.44,12579660,0.5,5,0.3,24.03
KPK,4,25.87,59.05,3804.4,32610423,0.6,6,0.35,37.44
Sindh,7,129.99,358.85,20526.45,44999012,0.2,8,0.475,100.0
Balochistan,4,16.96,51.16,3621.51,12616685,0.5,5,0.3,38.61
Azad Kashmir,6,12.93,34.09,2348.05,3746738,0.7,4,0.275,20.36
Gilgit-Baltistan,11,18.39,44.37,1759.98,1928554,0.9,3,0.2,22.83
Punjab,4,9.87,31.03,4902.23,119696518,0.3,7,0.425,50.37
Sindh,5,18.54,44.54,6550.84,49175851,0.2,8,0.475,55.43
Gilgit-Baltistan,9,30.16,88.68,2163.92,1916281,0.9,3,0.2,22.02
Khyber Pakhtunkhwa,3,38.48,129.45,4989.46,37769706,0.6,6,0.35,40.8
Sindh,9,162.68,704.66,26568.43,50727156,0.2,8,0.475,100.0
Gilgit-Baltistan,5,12.83,41.37,1793.42,1651822,0.9,3,0.2,15.17
Punjab,2,16.12,56.1,5559.33,105192500,0.3,7,0.425,47.48
Balochistan,6,34.96,93.31,5164.31,12870406,0.5,5,0.3,45.4
Khyber Pakhtunkhwa,9,22.07,54.07,2826.5,36458001,0.6,6,0.35,40.45
Balochistan,6,24.35,70.76,4113.8,12096762,0.5,5,0.3,43.59
Balochistan,4,21.12,52.37,3463.12,11469777,0.5,5,0.3,36.88
Sindh,3,34.59,70.21,7195.9,47472683,0.2,8,0.475,57.86
Punjab,10,37.09,89.15,8614.76,107423866,0.3,7,0.425,65.52
KPK,8,200.1,603.62,25672.46,36701804,0.6,6,0.35,100.0
Azad Kashmir,1,8.66,30.25,2362.9,3988708,0.7,4,0.275,23.92
Gilgit-Baltistan,2,48.16,110.21,3486.55,1708494,0.9,3,0.2,33.32
Gilgit-Baltistan,6,123.64,531.32,8507.55,1673797,0.9,3,0.2,87.98
Sindh,5,37.71,98.41,9599.85,49915840,0.2,8,0.475,67.53
Punjab,3,16.3,39.57,4620.97,101408612,0.3,7,0.425,43.87
Azad Kashmir,9,29.7,94.0,4371.85,4091599,0.7,4,0.275,33.48
Punjab,12,25.9,66.94,6264.24,114063953,0.3,7,0.425,49.56
Gilgit-Baltistan,3,23.43,59.73,1783.17,1872865,0.9,3,0.2,22.38
Khyber Pakhtunkhwa,2,20.46,63.68,2826.21,32813397,0.6,6,0.35,38.14
Gilgit-Baltistan,10,17.83,58.25,1690.92,1807283,0.9,3,0.2,23.48
KPK,4,21.07,48.95,4816.41,33491432,0.6,6,0.35,36.63
Gilgit-Baltistan,6,232.75,1039.39,16008.43,1800946,0.9,3,0.2,100.0
Khyber Pakhtunkhwa,3,14.18,35.62,4468.49,38362653,0.6,6,0.35,39.14
KPK,2,31.68,73.35,4302.56,37766562,0.6,6,0.35,45.68
Khyber Pakhtunkhwa,12,15.81,46.88,4290.65,36103009,0.6,6,0.35,37.28
KPK,5,17.33,38.1,3757.88,35828357,0.6,6,0.35,33.93
Balochistan,10,7.98,17.04,2065.03,13221924,0.5,5,0.3,27.83
Punjab,12,19.44,45.69,5111.31,104185015,0.3,7,0.425,48.82
Sindh,2,26.61,58.3,5699.11,44651041,0.2,8,0.475,57.39
Gilgit-Baltistan,1,26.25,71.17,2351.05,1749141,0.9,3,0.2,34.6
Balochistan,7,243.55,773.81,15111.98,12433301,0.5,5,0.3,100.0
Gilgit-Baltistan,1,28.43,82.64,2786.52,1820678,0.9,3,0.2,27.82
Balochistan,1,15.22,42.87,3167.94,11947134,0.5,5,0.3,34.28
KPK,1,20.21,48.79,4536.84,32494019,0.6,6,0.35,33.25
KPK,6,33.29,113.77,6922.57,36092326,0.6,6,0.35,55.99
Punjab,6,24.1,63.71,4162.62,105199541,0.3,7,0.425,45.98
KPK,10,16.38,56.76,3481.09,38505330,0.6,6,0.35,27.6
Punjab,9,219.46,665.0,30375.64,100144522,0.3,7,0.425,100.0
Azad Kashmir,3,39.67,101.71,5205.91,4031729,0.7,4,0.275,41.98
Punjab,6,18.17,49.05,4204.29,101384808,0.3,7,0.425,44.62
Azad Kashmir,2,23.87,83.32,2786.17,4138115,0.7,4,0.275,33.56
KPK,11,17.85,55.08,2924.93,37886160,0.6,6,0.35,31.25
Punjab,7,106.87,371.67,14340.19,120704528,0.3,7,0.425,100.0
Sindh,11,21.92,44.17,6779.72,48586683,0.2,8,0.475,59.4
Balochistan,1,7.57,19.56,2032.27,11108611,0.5,5,0.3,23.32
Khyber Pakhtunkhwa,2,12.48,28.69,4339.96,31965507,0.6,6,0.35,30.82
Punjab,12,31.85,92.88,4135.24,118668158,0.3,7,0.425,41.64
KPK,10,20.08,52.27,2776.54,35475259,0.6,6,0.35,32.13
Khyber Pakhtunkhwa,4,17.68,39.43,3352.06,34600807,0.6,6,0.35,35.13
Azad Kashmir,8,132.04,358.04,11868.76,3697097,0.7,4,0.275,100.0
KPK,5,4.49,11.52,3189.68,36523912,0.6,6,0.35,32.29
Azad Kashmir,7,159.03,570.63,16270.97,4205541,0.7,4,0.275,100.0
Punjab,9,158.32,542.67,16628.89,106424495,0.3,7,0.425,100.0
Khyber Pakhtunkhwa,3,20.89,68.0,3389.79,32805420,0.6,6,0.35,35.03
Sindh,2,22.89,79.47,4395.25,46013369,0.2,8,0.475,44.1
Sindh,2,44.0,151.46,10378.09,49068153,0.2,8,0.475,79.02
Azad Kashmir,8,185.51,486.96,13398.03,3955552,0.7,4,0.275,100.0
Sindh,8,201.75,794.04,36000.0,49800077,0.2,8,0.475,100.0
Gilgit-Baltistan,8,4.6,14.04,1023.68,1847227,0.9,3,0.2,14.14
Balochistan,11,9.79,28.42,3268.62,13256059,0.5,5,0.3,37.63
Balochistan,9,15.0,42.65,2672.32,11277552,0.5,5,0.3,35.38
Balochistan,1,33.25,88.57,4898.18,11845924,0.5,5,0.3,46.6
Sindh,1,23.49,56.41,5412.45,44014327,0.2,8,0.475,50.72
Gilgit-Baltistan,4,15.4,33.24,2214.83,1848754,0.9,3,0.2,21.96
Azad Kashmir,6,29.16,70.04,4913.31,3740267,0.7,4,0.275,36.86
Punjab,8,304.17,949.75,29912.36,117666608,0.3,7,0.425,100.0
Azad Kashmir,2,30.25,67.96,3727.97,4264162,0.7,4,0.275,29.91
Gilgit-Baltistan,11,41.71,119.79,4435.84,1639330,0.9,3,0.2,40.59
Azad Kashmir,7,263.88,1183.14,20403.4,4266553,0.7,4,0.275,100.0
KPK,11,7.97,21.23,3026.82,37978210,0.6,6,0.35,32.8
Balochistan,1,24.18,69.5,4920.71,12694426,0.5,5,0.3,38.77
Gilgit-Baltistan,5,24.77,57.28,1971.03,1688226,0.9,3,0.2,21.13
KPK,9,18.96,45.58,4809.66,32924853,0.6,6,0.35,42.0
Sindh,5,17.66,60.26,6653.08,48045541,0.2,8,0.475,57.44
KPK,6,42.53,118.84,5088.99,32099362,0.6,6,0.35,56.22
Khyber Pakhtunkhwa,4,28.78,78.46,3376.7,35866984,0.6,6,0.35,36.4
Punjab,2,30.14,78.63,4082.81,106640346,0.3,7,0.425,46.2
KPK,12,49.42,118.21,8323.48,37106754,0.6,6,0.35,58.19
Punjab,11,29.94,83.09,4414.14,110619909,0.3,7,0.425,48.7
Balochistan,8,105.34,304.39,10017.31,13408238,0.5,5,0.3,100.0
Khyber Pakhtunkhwa,7,152.57,454.1,14981.31,35100280,0.6,6,0.35,100.0
KPK,8,146.1,542.82,22187.87,37921861,0.6,6,0.35,100.0
Sindh,12,8.21,20.71,5073.53,45089641,0.2,8,0.475,49.2
Sindh,12,20.62,57.84,6373.51,49119669,0.2,8,0.475,57.67
Balochistan,2,25.22,78.25,2808.37,11954282,0.5,5,0.3,36.16
Balochistan,2,12.76,43.22,3662.79,12299220,0.5,5,0.3,31.89
Khyber Pakhtunkhwa,7,224.49,712.26,23552.62,38902769,0.6,6,0.35,100.0
Sindh,1,9.56,26.59,4390.07,43191387,0.2,8,0.475,44.12
Punjab,9,139.58,615.61,17267.21,106117541,0.3,7,0.425,100.0
Sindh,2,15.09,42.87,4472.3,47135991,0.2,8,0.475,47.4
Azad Kashmir,7,184.54,671.31,20163.48,4353524,0.7,4,0.275,100.0
Azad Kashmir,6,23.2,48.11,2557.58,4232410,0.7,4,0.275,26.51
Gilgit-Baltistan,8,30.96,104.13,2028.16,1896878,0.9,3,0.2,32.5
Khyber Pakhtunkhwa,1,47.34,131.62,6331.13,33784587,0.6,6,0.35,45.17
KPK,6,16.49,47.95,2609.62,36727063,0.6,6,0.35,32.59
Punjab,6,28.98,71.24,5793.36,113341098,0.3,7,0.425,58.44
Khyber Pakhtunkhwa,10,21.04,55.9,4918.24,35850217,0.6,6,0.35,38.8
Balochistan,2,58.36,176.04,5311.66,12550874,0.5,5,0.3,51.05
Gilgit-Baltistan,3,24.14,55.15,3051.14,1775138,0.9,3,0.2,21.85
Azad Kashmir,2,10.21,28.4,1878.2,3652463,0.7,4,0.275,17.56
Balochistan,11,7.32,23.38,2158.79,11249199,0.5,5,0.3,30.05
KPK,6,41.39,137.01,4270.41,37847513,0.6,6,0.35,44.39
Azad Kashmir,8,221.88,943.31,23545.3,3614116,0.7,4,0.275,100.0
Balochistan,5,10.95,25.31,3215.5,13045471,0.5,5,0.3,33.44
KPK,10,26.33,66.71,5412.97,34042379,0.6,6,0.35,48.11
Gilgit-Baltistan,8,14.31,46.19,2614.26,1816230,0.9,3,0.2,27.0
KPK,12,35.75,93.75,3878.33,35058248,0.6,6,0.35,37.93
Azad Kashmir,5,36.65,75.24,4281.82,4229266,0.7,4,0.275,39.15
Balochistan,1,12.66,33.23,2188.29,12704548,0.5,5,0.3,33.06
Balochistan,9,16.62,49.19,3945.1,12883937,0.5,5,0.3,34.32
Punjab,5,11.15,30.96,4114.27,102832634,0.3,7,0.425,37.79
Sindh,3,13.71,47.43,4937.39,48472843,0.2,8,0.475,57.16
Punjab,4,31.42,92.82,4785.84,108456287,0.3,7,0.425,54.22
Balochistan,2,8.12,21.42,2588.74,12543252,0.5,5,0.3,25.24
Azad Kashmir,9,15.86,45.13,2685.15,3866365,0.7,4,0.275,23.03
KPK,7,194.56,691.39,14988.05,32734856,0.6,6,0.35,100.0
Khyber Pakhtunkhwa,1,9.47,23.68,2653.16,37445365,0.6,6,0.35,28.52
Balochistan,1,48.44,159.34,6653.7,12256274,0.5,5,0.3,57.01
Gilgit-Baltistan,6,187.88,543.81,8898.19,1863393,0.9,3,0.2,100.0
Balochistan,5,25.86,65.81,3536.21,11330985,0.5,5,0.3,32.0
KPK,5,37.05,115.53,5711.88,34300042,0.6,6,0.35,46.3
Balochistan,6,28.05,95.3,5349.15,12991974,0.5,5,0.3,38.15
Khyber Pakhtunkhwa,7,246.52,1088.51,20621.1,35729757,0.6,6,0.35,100.0
Punjab,2,17.16,47.27,3274.3,112640029,0.3,7,0.425,44.15
Sindh,2,16.83,51.44,3505.05,43203686,0.2,8,0.475,44.74
Gilgit-Baltistan,10,20.74,44.79,2749.47,1793827,0.9,3,0.2,23.86
Balochistan,2,61.03,166.31,4844.95,11353891,0.5,5,0.3,54.05
Sindh,3,43.25,136.0,9978.47,46522984,0.2,8,0.475,76.15
Sindh,5,8.63,29.27,4527.2,46746561,0.2,8,0.475,47.48
KPK,8,267.37,1131.53,23757.27,37988632,0.6,6,0.35,100.0
Balochistan,9,31.34,96.61,5439.59,12679030,0.5,5,0.3,39.96
Khyber Pakhtunkhwa,1,18.53,58.36,3932.64,34151241,0.6,6,0.35,37.46
Balochistan,4,20.43,67.91,2723.5,12818800,0.5,5,0.3,34.66
KPK,3,24.68,73.09,4204.99,34028971,0.6,6,0.35,39.86
Gilgit-Baltistan,1,53.35,139.85,2917.12,1647226,0.9,3,0.2,33.02
Gilgit-Baltistan,8,14.78,37.4,1504.13,1862021,0.9,3,0.2,21.17
Gilgit-Baltistan,4,13.23,43.88,1373.87,1909739,0.9,3,0.2,22.89
Gilgit-Baltistan,4,10.74,35.91,1729.46,1784025,0.9,3,0.2,22.11
Punjab,1,14.32,36.57,4720.5,107518032,0.3,7,0.425,46.06
Azad Kashmir,3,7.16,20.83,2556.52,3616846,0.7,4,0.275,27.12
Sindh,12,35.56,108.49,6965.6,43840977,0.2,8,0.475,57.82
KPK,4,9.4,27.05,3232.52,35114681,0.6,6,0.35,29.31
KPK,2,17.08,34.62,4626.86,32506122,0.6,6,0.35,39.39
Khyber Pakhtunkhwa,4,27.8,90.19,4198.25,35271015,0.6,6,0.35,43.16
Sindh,6,34.81,90.72,6938.39,43255368,0.2,8,0.475,59.79
Azad Kashmir,12,51.41,132.75,4354.27,4339595,0.7,4,0.275,40.82
Azad Kashmir,1,17.71,47.65,2563.8,3626358,0.7,4,0.275,27.77
Balochistan,8,124.98,432.94,14376.33,12182692,0.5,5,0.3,100.0
Azad Kashmir,12,14.68,35.43,3565.36,3857233,0.7,4,0.275,24.53
Gilgit-Baltistan,12,19.79,68.36,2707.46,1696336,0.9,3,0.2,16.11
Khyber Pakhtunkhwa,2,10.86,27.06,2117.37,36927179,0.6,6,0.35,29.88
Azad Kashmir,8,234.84,620.19,15298.99,3859605,0.7,4,0.275,100.0
Khyber Pakhtunkhwa,2,12.72,34.73,3866.55,38104672,0.6,6,0.35,26.53
Sindh,7,220.28,802.52,22726.69,49087532,0.2,8,0.475,100.0
Azad Kashmir,8,152.26,580.3,11395.94,3824422,0.7,4,0.275,100.0
Punjab,3,8.97,27.77,3470.8,112842822,0.3,7,0.425,43.66
Azad Kashmir,3,18.47,44.21,2457.67,3986411,0.7,4,0.275,27.74
KPK,3,40.38,140.82,7237.41,33444752,0.6,6,0.35,51.81
Punjab,1,18.86,42.7,3508.02,104604886,0.3,7,0.425,33.43
Khyber Pakhtunkhwa,11,43.67,122.82,4619.96,37389715,0.6,6,0.35,32.99
Gilgit-Baltistan,2,24.45,82.45,2242.55,1796649,0.9,3,0.2,29.87
Azad Kashmir,7,168.99,717.24,11250.29,4283406,0.7,4,0.275,100.0
Sindh,4,26.55,91.67,5424.99,51334145,0.2,8,0.475,54.17
Punjab,4,2.88,9.07,2573.49,118527383,0.3,7,0.425,36.76
KPK,12,29.66,102.39,6024.1,32109389,0.6,6,0.35,43.62
KPK,2,32.16,90.14,3966.85,34239393,0.6,6,0.35,43.24
Sindh,1,18.51,64.3,6970.19,50636710,0.2,8,0.475,61.66
Khyber Pakhtunkhwa,6,21.15,44.83,2756.3,35130471,0.6,6,0.35,37.97
Azad Kashmir,10,15.14,40.04,3473.44,3841164,0.7,4,0.275,29.05
KPK,1,26.97,91.47,6238.39,35889263,0.6,6,0.35,50.4
KPK,5,23.56,67.88,5483.34,36587629,0.6,6,0.35,44.43
Khyber Pakhtunkhwa,2,10.14,33.77,2201.34,38437465,0.6,6,0.35,29.67
Khyber Pakhtunkhwa,11,40.52,113.04,5068.6,34524340,0.6,6,0.35,44.5
Gilgit-Baltistan,8,10.82,30.27,1792.78,1873031,0.9,3,0.2,25.48
Gilgit-Baltistan,3,11.07,31.67,1483.81,1930184,0.9,3,0.2,14.37
Balochistan,3,1.85,4.45,2233.61,12382697,0.5,5,0.3,25.79
KPK,4,10.96,23.95,3361.79,36746279,0.6,6,0.35,35.45
Khyber Pakhtunkhwa,11,18.77,42.28,4430.27,38942996,0.6,6,0.35,36.59
Balochistan,10,23.43,65.86,4553.88,12251131,0.5,5,0.3,38.18
Gilgit-Baltistan,5,78.78,237.23,5881.45,1655818,0.9,3,0.2,53.73
Punjab,9,111.1,429.61,18367.06,110040485,0.3,7,0.425,100.0
Gilgit-Baltistan,2,20.58,68.78,1628.32,1745496,0.9,3,0.2,25.84
Azad Kashmir,12,23.36,70.9,2972.44,4100787,0.7,4,0.275,33.6
KPK,7,195.26,681.74,18838.41,32455379,0.6,6,0.35,100.0
Azad Kashmir,10,6.21,18.83,2712.23,3839090,0.7,4,0.275,20.46
Sindh,12,19.17,57.11,4116.68,48420200,0.2,8,0.475,43.4
Azad Kashmir,1,19.89,52.66,3765.44,4274359,0.7,4,0.275,34.37
Khyber Pakhtunkhwa,5,25.08,79.21,5592.33,37350306,0.6,6,0.35,49.44
KPK,5,16.25,49.02,3694.36,32617335,0.6,6,0.35,36.53
Azad Kashmir,12,30.76,87.24,4869.54,4267543,0.7,4,0.275,43.35
Khyber Pakhtunkhwa,6,9.64,19.57,3151.95,36911719,0.6,6,0.35,34.32
KPK,10,16.24,33.8,4063.44,32525522,0.6,6,0.35,30.49
Balochistan,1,28.49,96.85,5255.13,12775719,0.5,5,0.3,44.56
Azad Kashmir,12,33.67,73.66,2957.19,4045454,0.7,4,0.275,29.38
Punjab,1,16.15,52.56,6031.58,99496508,0.3,7,0.425,44.79
Azad Kashmir,10,33.22,105.64,2945.34,3895506,0.7,4,0.275,36.69
Sindh,10,48.35,139.15,9216.51,49245829,0.2,8,0.475,73.74
Azad Kashmir,5,23.15,70.64,4071.51,3880780,0.7,4,0.275,32.62
Punjab,5,13.07,45.53,3282.81,100027066,0.3,7,0.425,37.77
KPK,9,36.18,94.55,5954.96,35250468,0.6,6,0.35,45.7
Azad Kashmir,5,11.66,37.49,3003.49,4131033,0.7,4,0.275,26.13
Azad Kashmir,1,19.13,46.13,3484.49,3675247,0.7,4,0.275,24.32
KPK,4,41.26,96.38,7335.7,35415541,0.6,6,0.35,56.47
Khyber Pakhtunkhwa,4,17.05,52.13,3754.87,34668855,0.6,6,0.35,40.7
Punjab,11,5.69,18.63,4438.48,118512726,0.3,7,0.425,48.19
Gilgit-Baltistan,8,34.27,115.02,2760.18,1861291,0.9,3,0.2,24.84
Azad Kashmir,6,31.49,102.7,4003.5,3631262,0.7,4,0.275,42.51
Balochistan,12,30.58,92.83,4346.83,12670492,0.5,5,0.3,40.73
KPK,9,32.36,94.01,4546.32,38933540,0.6,6,0.35,42.39
Gilgit-Baltistan,3,13.07,26.6,1804.43,1739768,0.9,3,0.2,16.82
Punjab,7,129.46,375.47,14909.2,112019773,0.3,7,0.425,100.0
Punjab,5,27.27,62.3,4039.78,114868319,0.3,7,0.425,49.55
Sindh,11,23.2,57.42,6354.21,43411252,0.2,8,0.475,57.11
Balochistan,2,13.12,32.57,3762.78,13496367,0.5,5,0.3,37.65
KPK,10,17.74,60.23,3058.04,36065390,0.6,6,0.35,36.72
Azad Kashmir,8,141.55,529.62,14737.21,4055617,0.7,4,0.275,100.0
KPK,9,18.04,60.38,3314.76,36999987,0.6,6,0.35,35.42
Balochistan,5,25.94,65.11,2558.25,12249617,0.5,5,0.3,32.16
Azad Kashmir,9,19.08,40.24,3859.75,3778604,0.7,4,0.275,29.97
Punjab,2,30.22,60.67,6581.71,118867114,0.3,7,0.425,53.35
Gilgit-Baltistan,7,212.47,591.15,8088.61,1911650,0.9,3,0.2,100.0
Azad Kashmir,6,30.79,69.08,4189.12,3706775,0.7,4,0.275,47.35
Azad Kashmir,8,163.69,451.34,12727.6,4252283,0.7,4,0.275,100.0
Azad Kashmir,12,79.85,231.88,7724.81,3611627,0.7,4,0.275,68.56
Balochistan,7,190.05,721.44,16320.29,12226146,0.5,5,0.3,100.0
Gilgit-Baltistan,1,29.86,87.95,3286.01,1777445,0.9,3,0.2,28.06
Punjab,2,7.72,18.84,3247.98,117753469,0.3,7,0.425,40.43
Balochistan,5,38.72,115.31,5677.58,11071763,0.5,5,0.3,57.01
Gilgit-Baltistan,6,106.88,293.5,8872.7,1733478,0.9,3,0.2,83.84
KPK,5,20.73,42.1,3170.11,32351261,0.6,6,0.35,31.68
KPK,2,6.94,23.66,3651.59,35974323,0.6,6,0.35,29.65
Punjab,1,54.38,184.58,7130.06,108610920,0.3,7,0.425,67.78
KPK,9,6.07,16.94,3044.98,33423033,0.6,6,0.35,27.95
Gilgit-Baltistan,1,11.59,25.48,2027.53,1923284,0.9,3,0.2,15.0
Khyber Pakhtunkhwa,6,9.77,29.77,3708.89,34049845,0.6,6,0.35,32.2
Khyber Pakhtunkhwa,5,4.1,9.41,1794.06,33356728,0.6,6,0.35,18.3
Balochistan,8,78.71,251.21,7450.83,11090790,0.5,5,0.3,86.95
Khyber Pakhtunkhwa,7,348.27,1300.0,25781.87,32333738,0.6,6,0.35,100.0
Khyber Pakhtunkhwa,10,38.63,89.44,5077.03,34197877,0.6,6,0.35,46.22
Gilgit-Baltistan,1,41.42,135.58,3987.62,1796563,0.9,3,0.2,35.88
Azad Kashmir,5,19.46,62.38,2208.1,4393673,0.7,4,0.275,31.62
Sindh,7,148.67,531.48,15955.26,43132488,0.2,8,0.475,100.0
Sindh,10,43.85,92.94,10196.84,45607183,0.2,8,0.475,67.3
Sindh,2,29.88,94.22,7224.03,46340395,0.2,8,0.475,61.92
Gilgit-Baltistan,1,19.01,51.57,2021.18,1850762,0.9,3,0.2,16.92
Sindh,9,152.97,605.4,31242.26,45781593,0.2,8,0.475,100.0
KPK,3,28.36,79.26,5282.39,37854174,0.6,6,0.35,40.8
Gilgit-Baltistan,11,15.8,32.34,1695.34,1631807,0.9,3,0.2,17.05
Punjab,3,12.96,28.92,5112.15,115664319,0.3,7,0.425,45.51
Punjab,6,11.39,30.26,4627.95,116246955,0.3,7,0.425,39.69
Khyber Pakhtunkhwa,6,19.85,57.81,4169.33,38773939,0.6,6,0.35,38.79
Khyber Pakhtunkhwa,3,35.46,107.48,3999.6,38500264,0.6,6,0.35,42.36
Sindh,7,271.54,700.41,36000.0,47403476,0.2,8,0.475,100.0
Balochistan,4,28.91,84.61,4026.01,13269464,0.5,5,0.3,35.47
Punjab,7,170.91,566.1,27343.91,104007915,0.3,7,0.425,100.0
Azad Kashmir,6,26.87,88.97,4620.56,4221763,0.7,4,0.275,35.09
Azad Kashmir,6,18.85,38.85,3341.58,3960789,0.7,4,0.275,29.55
Gilgit-Baltistan,5,22.3,71.41,2291.39,1741072,0.9,3,0.2,22.92
KPK,5,71.44,244.54,7097.92,38806137,0.6,6,0.35,62.07
Sindh,2,9.89,26.24,3937.31,50129490,0.2,8,0.475,41.94
Balochistan,7,194.57,848.72,25650.58,11959204,0.5,5,0.3,100.0
KPK,9,27.08,71.05,5650.45,33580886,0.6,6,0.35,44.92
Gilgit-Baltistan,6,80.36,252.37,7079.93,1767321,0.9,3,0.2,70.61
KPK,1,28.31,97.16,6293.52,38782335,0.6,6,0.35,44.56
Sindh,10,21.09,67.08,3854.71,47734537,0.2,8,0.475,42.38
KPK,3,15.17,48.4,4814.95,36772024,0.6,6,0.35,41.94
Azad Kashmir,9,16.87,54.96,2056.32,4016146,0.7,4,0.275,25.92
KPK,2,7.08,17.45,3030.69,36855754,0.6,6,0.35,39.73
Khyber Pakhtunkhwa,10,11.69,33.03,3709.41,32762510,0.6,6,0.35,36.87
Khyber Pakhtunkhwa,8,146.44,423.72,19571.88,32699748,0.6,6,0.35,100.0
Khyber Pakhtunkhwa,4,38.36,109.63,5593.81,35438991,0.6,6,0.35,48.0
Sindh,9,260.48,994.69,36000.0,52521301,0.2,8,0.475,100.0
Sindh,3,12.95,32.53,5990.14,48125528,0.2,8,0.475,52.53
Sindh,10,21.5,54.31,6469.43,48689401,0.2,8,0.475,50.95
Khyber Pakhtunkhwa,6,17.71,60.56,3829.28,38162069,0.6,6,0.35,32.23
KPK,7,88.16,275.65,9003.51,37157153,0.6,6,0.35,94.95
Punjab,6,11.34,32.58,5166.98,115752094,0.3,7,0.425,41.08
Khyber Pakhtunkhwa,6,8.12,19.33,3685.89,32672457,0.6,6,0.35,32.56
Gilgit-Baltistan,2,41.07,104.31,3665.99,1634614,0.9,3,0.2,36.89
Khyber Pakhtunkhwa,4,23.64,56.04,5605.92,32683983,0.6,6,0.35,44.4
Sindh,8,144.4,498.46,27855.27,43442808,0.2,8,0.475,100.0
Khyber Pakhtunkhwa,10,14.71,36.98,2568.74,32444485,0.6,6,0.35,36.29
Punjab,9,91.39,339.74,10810.75,103966787,0.3,7,0.425,100.0
Azad Kashmir,3,31.5,63.86,2679.97,4008314,0.7,4,0.275,25.08
Punjab,4,20.78,67.79,5466.64,113177309,0.3,7,0.425,49.25
Punjab,2,29.61,68.76,3961.73,103425003,0.3,7,0.425,48.6
Gilgit-Baltistan,3,13.16,31.66,1304.7,1837836,0.9,3,0.2,9.64
Punjab,12,35.39,97.05,4903.25,114316871,0.3,7,0.425,50.07
Sindh,5,21.54,69.02,5482.95,50638045,0.2,8,0.475,56.38
Azad Kashmir,4,24.88,80.44,3708.98,3743838,0.7,4,0.275,36.91
Azad Kashmir,10,50.71,166.26,5693.56,3757851,0.7,4,0.275,47.82
Gilgit-Baltistan,3,18.51,59.58,1704.33,1704022,0.9,3,0.2,13.32
Gilgit-Baltistan,5,49.35,144.48,2840.99,1676279,0.9,3,0.2,35.32
KPK,9,21.94,51.34,4265.53,34956415,0.6,6,0.35,43.92
Punjab,8,225.6,1004.17,28645.81,112091019,0.3,7,0.425,100.0
Khyber Pakhtunkhwa,7,133.98,430.83,12612.42,37681198,0.6,6,0.35,100.0
Balochistan,5,29.69,96.46,5303.03,12112869,0.5,5,0.3,42.31
Punjab,7,200.04,809.14,32634.16,120015340,0.3,7,0.425,100.0
Azad Kashmir,12,11.59,31.41,2760.85,4326298,0.7,4,0.275,24.02
Gilgit-Baltistan,11,7.31,24.16,1138.69,1876591,0.9,3,0.2,18.09
Balochistan,8,142.23,450.54,15337.71,12716372,0.5,5,0.3,100.0
Azad Kashmir,11,23.19,70.36,3561.69,4286937,0.7,4,0.275,28.26
Gilgit-Baltistan,1,31.78,84.62,3709.83,1670980,0.9,3,0.2,34.76
Sindh,10,33.19,111.25,6187.12,50807930,0.2,8,0.475,58.11
Khyber Pakhtunkhwa,5,13.99,28.3,2716.36,33951751,0.6,6,0.35,24.08
KPK,4,15.74,46.84,4020.59,38739170,0.6,6,0.35,34.97
Gilgit-Baltistan,12,33.23,78.01,2258.59,1911709,0.9,3,0.2,29.52
Sindh,8,92.93,236.47,17378.66,48418553,0.2,8,0.475,100.0
Azad Kashmir,6,27.47,59.74,3191.27,4374566,0.7,4,0.275,34.53
Sindh,5,12.81,28.47,4185.74,47740895,0.2,8,0.475,48.39
Khyber Pakhtunkhwa,4,17.21,51.48,2794.79,35411829,0.6,6,0.35,30.73
Sindh,11,35.37,71.7,7149.91,50652801,0.2,8,0.475,64.32
Sindh,10,13.53,44.87,5014.57,49568760,0.2,8,0.475,46.0
Gilgit-Baltistan,8,17.13,43.87,1954.49,1654448,0.9,3,0.2,26.8
Azad Kashmir,11,15.38,32.32,2893.36,4217625,0.7,4,0.275,34.48
Balochistan,9,31.73,107.19,5702.24,12172475,0.5,5,0.3,47.53
Sindh,12,6.84,22.51,2763.9,49601515,0.2,8,0.475,32.72
Punjab,12,20.29,67.5,4095.8,109198052,0.3,7,0.425,43.76
Azad Kashmir,7,198.06,830.79,12167.97,3922312,0.7,4,0.275,100.0
Azad Kashmir,11,11.55,31.72,2969.15,4258614,0.7,4,0.275,24.23
KPK,9,48.86,162.02,6489.33,38418211,0.6,6,0.35,52.09
Sindh,2,25.29,54.29,3940.32,44653338,0.2,8,0.475,46.37
Sindh,12,13.75,39.97,3990.88,51371168,0.2,8,0.475,39.23
Azad Kashmir,8,209.99,696.84,15014.94,4247182,0.7,4,0.275,100.0
Khyber Pakhtunkhwa,3,65.08,171.64,6737.75,33831747,0.6,6,0.35,56.78
Sindh,1,12.12,28.12,3495.1,47064224,0.2,8,0.475,35.21
KPK,12,10.04,23.15,2350.58,38200995,0.6,6,0.35,32.98
Khyber Pakhtunkhwa,3,17.39,49.35,4291.98,33210121,0.6,6,0.35,36.26
Azad Kashmir,2,14.16,35.23,2052.44,4167946,0.7,4,0.275,20.32
KPK,3,13.98,40.24,3044.07,32567270,0.6,6,0.35,33.74
Balochistan,7,132.1,333.45,11846.79,12560168,0.5,5,0.3,100.0
Khyber Pakhtunkhwa,7,155.4,645.96,16285.25,33634505,0.6,6,0.35,100.0
Gilgit-Baltistan,12,40.6,125.26,4109.56,1724219,0.9,3,0.2,35.61
Punjab,5,21.99,52.5,6272.24,117120503,0.3,7,0.425,52.18
Balochistan,2,19.47,50.73,2713.35,11945682,0.5,5,0.3,27.06
KPK,11,26.68,68.81,5989.5,34726754,0.6,6,0.35,41.54
Sindh,11,21.56,57.1,3911.99,48058515,0.2,8,0.475,43.74
Sindh,4,22.76,71.06,4685.7,50556491,0.2,8,0.475,56.51
KPK,11,15.43,40.53,4120.83,32756308,0.6,6,0.35,32.93
Gilgit-Baltistan,12,7.42,15.14,1349.19,1813704,0.9,3,0.2,11.52
Azad Kashmir,5,21.02,64.26,2910.74,3688850,0.7,4,0.275,35.03
Gilgit-Baltistan,8,12.37,27.77,1771.44,1782818,0.9,3,0.2,22.64
Azad Kashmir,5,17.3,59.64,3067.2,4102044,0.7,4,0.275,28.96
KPK,4,7.15,19.42,3338.58,33783676,0.6,6,0.35,29.04
KPK,7,117.16,321.7,10138.42,34803858,0.6,6,0.35,100.0
Khyber Pakhtunkhwa,12,37.13,106.4,4976.4,32545503,0.6,6,0.35,49.67
Gilgit-Baltistan,6,133.23,437.37,7145.11,1743495,0.9,3,0.2,97.07
KPK,8,138.45,485.43,16579.26,38483398,0.6,6,0.35,100.0
Sindh,9,268.77,682.15,36000.0,52049224,0.2,8,0.475,100.0
Punjab,9,137.86,384.41,22617.16,108696835,0.3,7,0.425,100.0
Azad Kashmir,5,22.18,71.54,4189.64,4092499,0.7,4,0.275,31.6
Gilgit-Baltistan,11,16.94,42.79,2682.55,1668230,0.9,3,0.2,28.94
Azad Kashmir,2,13.53,36.06,1840.91,3855721,0.7,4,0.275,18.18
KPK,10,7.61,17.21,3503.07,34067183,0.6,6,0.35,25.15
KPK,9,15.51,38.58,2734.83,34353539,0.6,6,0.35,31.33
KPK,4,29.6,64.15,3560.15,34989675,0.6,6,0.35,29.37
Azad Kashmir,8,300.3,1254.79,29176.58,4001819,0.7,4,0.275,100.0
Khyber Pakhtunkhwa,1,15.87,49.04,2715.62,33412944,0.6,6,0.35,35.77
Punjab,4,8.65,28.5,4728.77,105675970,0.3,7,0.425,37.97
Azad Kashmir,3,31.04,62.33,3866.8,3871362,0.7,4,0.275,29.09
KPK,2,38.83,93.08,5586.18,35148809,0.6,6,0.35,48.95
Punjab,5,56.43,161.23,6304.57,101561801,0.3,7,0.425,66.3
Balochistan,1,13.53,40.17,3320.48,11986417,0.5,5,0.3,29.47
Balochistan,11,32.15,82.31,4865.36,13125875,0.5,5,0.3,45.76
Punjab,5,8.13,22.06,3070.08,110328448,0.3,7,0.425,38.78
Balochistan,1,27.24,64.73,4364.52,13166283,0.5,5,0.3,31.41
Gilgit-Baltistan,1,2.53,7.93,1792.33,1784981,0.9,3,0.2,17.72
Khyber Pakhtunkhwa,1,24.61,74.46,5351.97,32751292,0.6,6,0.35,47.78
KPK,4,35.36,72.92,4347.07,33684059,0.6,6,0.35,42.28
Khyber Pakhtunkhwa,9,22.18,67.72,4635.97,38940975,0.6,6,0.35,37.88
Gilgit-Baltistan,8,11.89,32.53,1886.21,1775648,0.9,3,0.2,11.33
Punjab,2,23.89,83.52,4740.99,106871268,0.3,7,0.425,49.72
Gilgit-Baltistan,7,156.3,632.97,9748.55,1801577,0.9,3,0.2,100.0
Azad Kashmir,6,15.67,52.17,3396.25,3938294,0.7,4,0.275,22.99
Gilgit-Baltistan,3,44.46,137.11,2904.94,1741669,0.9,3,0.2,30.62
Balochistan,2,19.16,62.86,4145.09,11171780,0.5,5,0.3,43.23
KPK,2,17.52,46.91,4780.51,37731536,0.6,6,0.35,34.46
Gilgit-Baltistan,4,16.59,37.87,1851.65,1954990,0.9,3,0.2,25.68
Balochistan,1,21.12,67.68,2968.52,11172881,0.5,5,0.3,22.97
Khyber Pakhtunkhwa,8,199.68,854.3,22864.35,36617854,0.6,6,0.35,100.0
Balochistan,1,27.21,92.76,3448.38,12386396,0.5,5,0.3,40.43
KPK,7,132.5,457.15,17976.06,34505166,0.6,6,0.35,100.0
KPK,10,45.91,119.85,5848.77,35813678,0.6,6,0.35,51.33
Sindh,10,7.32,16.03,4917.29,48905421,0.2,8,0.475,44.51
Sindh,12,35.09,89.57,9320.2,50970019,0.2,8,0.475,66.07
Sindh,11,12.55,41.2,3171.7,43839037,0.2,8,0.475,38.95
Balochistan,4,16.34,32.83,2881.35,12073396,0.5,5,0.3,28.49
Gilgit-Baltistan,10,40.72,81.44,4091.86,1913115,0.9,3,0.2,37.64
Azad Kashmir,4,29.45,101.32,4443.55,4056449,0.7,4,0.275,39.77
Azad Kashmir,7,88.06,383.37,8363.95,3793268,0.7,4,0.275,91.2
Punjab,9,250.47,749.88,36000.0,112959768,0.3,7,0.425,100.0
Punjab,3,9.66,26.59,3775.05,108864072,0.3,7,0.425,36.0
Khyber Pakhtunkhwa,9,18.79,41.92,4086.54,34354367,0.6,6,0.35,38.92
Khyber Pakhtunkhwa,5,18.71,41.33,3101.56,35130623,0.6,6,0.35,33.07
Balochistan,5,17.36,41.19,2742.41,12966203,0.5,5,0.3,27.59
Khyber Pakhtunkhwa,10,9.55,25.6,3062.94,36830468,0.6,6,0.35,28.16
Azad Kashmir,8,100.27,312.8,9207.01,4130963,0.7,4,0.275,88.13
Azad Kashmir,5,32.18,104.2,4989.72,4347839,0.7,4,0.275,42.19
KPK,12,36.14,115.4,7354.32,35267740,0.6,6,0.35,46.42
Gilgit-Baltistan,9,48.74,137.03,2729.1,1629498,0.9,3,0.2,31.41
Khyber Pakhtunkhwa,8,196.23,791.06,22367.99,38202746,0.6,6,0.35,100.0
Balochistan,6,15.87,53.25,3410.4,12282824,0.5,5,0.3,28.42
Khyber Pakhtunkhwa,6,21.89,58.97,2967.02,38889320,0.6,6,0.35,33.07
Gilgit-Baltistan,8,23.05,77.43,2572.84,1669594,0.9,3,0.2,30.43
KPK,5,16.92,42.56,4143.2,38227872,0.6,6,0.35,26.49
Khyber Pakhtunkhwa,11,21.36,63.58,5150.33,32747919,0.6,6,0.35,43.99
Sindh,10,21.92,71.33,4502.78,51294634,0.2,8,0.475,50.23
Khyber Pakhtunkhwa,9,48.64,118.05,6388.19,35722448,0.6,6,0.35,55.34
KPK,7,171.36,727.82,14559.72,33701487,0.6,6,0.35,100.0
Punjab,4,41.67,144.99,8682.47,112522104,0.3,7,0.425,68.13
Punjab,7,241.96,953.17,23864.58,112942888,0.3,7,0.425,100.0
Gilgit-Baltistan,1,14.68,38.07,1568.36,1922945,0.9,3,0.2,17.18
Azad Kashmir,6,22.66,47.12,2251.21,3844260,0.7,4,0.275,29.08
Punjab,6,23.26,53.95,5452.12,107255420,0.3,7,0.425,45.65
Balochistan,2,19.61,58.67,4575.64,11717151,0.5,5,0.3,44.89
KPK,6,28.39,73.2,5349.63,32443512,0.6,6,0.35,48.32
Punjab,5,59.28,197.48,8171.82,108635207,0.3,7,0.425,68.67
Punjab,9,139.95,627.04,15108.34,113559395,0.3,7,0.425,100.0
Punjab,4,12.44,38.34,3487.16,117376742,0.3,7,0.425,44.15
Gilgit-Baltistan,1,19.62,63.22,3057.21,1936890,0.9,3,0.2,22.48
Azad Kashmir,3,19.58,62.77,4027.22,4099002,0.7,4,0.275,31.84
Azad Kashmir,4,12.06,27.35,2774.17,3971417,0.7,4,0.275,14.9
Azad Kashmir,6,19.31,59.95,3263.2,4343216,0.7,4,0.275,27.9
Azad Kashmir,2,9.81,20.52,3085.95,3713546,0.7,4,0.275,29.65
Balochistan,11,18.05,43.58,2606.75,11695277,0.5,5,0.3,33.51
Khyber Pakhtunkhwa,6,20.13,67.17,3013.04,38971017,0.6,6,0.35,33.75
Khyber Pakhtunkhwa,11,27.0,79.69,5526.08,32189902,0.6,6,0.35,38.74
Azad Kashmir,7,163.92,424.26,12063.46,3933113,0.7,4,0.275,100.0
Khyber Pakhtunkhwa,1,22.46,66.39,4669.66,37819766,0.6,6,0.35,39.7
Balochistan,2,18.04,38.04,3560.55,12383708,0.5,5,0.3,27.71
Sindh,10,12.06,39.02,4242.36,44090938,0.2,8,0.475,38.7
Punjab,1,7.09,24.33,3288.33,106418838,0.3,7,0.425,34.26
Khyber Pakhtunkhwa,6,23.54,70.38,4207.93,33545090,0.6,6,0.35,42.57
Azad Kashmir,10,27.84,63.49,4542.59,4015998,0.7,4,0.275,33.71
Azad Kashmir,9,34.17,93.64,3312.66,4189782,0.7,4,0.275,31.63
KPK,7,252.79,1066.88,32442.77,38615124,0.6,6,0.35,100.0
Balochistan,3,31.77,81.96,3783.31,12534575,0.5,5,0.3,35.37
Balochistan,2,19.89,48.32,2676.95,13373427,0.5,5,0.3,32.07
Punjab,3,17.63,43.77,3413.43,107280525,0.3,7,0.425,45.25
Sindh,7,210.35,740.97,36000.0,47694832,0.2,8,0.475,100.0
Azad Kashmir,10,29.56,100.38,3360.41,3920284,0.7,4,0.275,33.75
Gilgit-Baltistan,1,25.69,59.83,2843.91,1901754,0.9,3,0.2,32.83
Balochistan,11,15.44,44.31,4008.94,11239127,0.5,5,0.3,26.45
Azad Kashmir,1,27.99,56.86,4602.85,3969884,0.7,4,0.275,30.15
Sindh,10,10.08,30.13,3735.27,50459577,0.2,8,0.475,43.11
KPK,4,18.29,42.26,2996.32,35545225,0.6,6,0.35,35.38
Gilgit-Baltistan,6,211.56,894.93,14006.23,1670725,0.9,3,0.2,100.0
Punjab,2,7.66,18.44,2706.75,114806123,0.3,7,0.425,34.49
Punjab,5,38.89,97.43,7005.09,111656151,0.3,7,0.425,57.93
Khyber Pakhtunkhwa,3,9.69,31.57,2974.09,37108758,0.6,6,0.35,39.73
Khyber Pakhtunkhwa,8,173.61,613.78,23423.35,36631590,0.6,6,0.35,100.0
Azad Kashmir,9,9.68,20.9,2347.79,4214774,0.7,4,0.275,21.03
Punjab,1,15.77,53.75,3021.16,114966963,0.3,7,0.425,44.8
Khyber Pakhtunkhwa,11,24.88,77.95,3824.3,35335548,0.6,6,0.35,36.15
Balochistan,11,31.28,86.69,3590.62,11155805,0.5,5,0.3,35.65
Balochistan,12,17.79,36.98,2290.58,12690812,0.5,5,0.3,29.04
Sindh,1,25.7,73.93,4256.0,47785969,0.2,8,0.475,52.5
KPK,9,19.95,46.98,4613.01,38847537,0.6,6,0.35,30.42
Sindh,10,14.07,40.68,3198.99,45596510,0.2,8,0.475,41.71
Khyber Pakhtunkhwa,10,25.49,51.84,4280.44,33900281,0.6,6,0.35,43.9
Balochistan,6,32.1,102.32,4402.4,12390093,0.5,5,0.3,45.21
Azad Kashmir,7,253.8,1099.66,16088.86,3724221,0.7,4,0.275,100.0
Khyber Pakhtunkhwa,10,42.17,127.39,7266.05,37737965,0.6,6,0.35,55.26
Sindh,2,20.71,57.8,6376.27,51142839,0.2,8,0.475,45.34
Azad Kashmir,6,16.75,47.55,3240.15,4382660,0.7,4,0.275,32.68
Balochistan,8,245.56,991.3,18990.22,12821982,0.5,5,0.3,100.0
KPK,7,173.95,685.6,20722.58,34952422,0.6,6,0.35,100.0
Balochistan,8,221.1,676.11,15284.21,12429158,0.5,5,0.3,100.0
Punjab,11,18.98,40.82,5244.0,113955998,0.3,7,0.425,45.94
Khyber Pakhtunkhwa,12,24.94,64.52,5390.72,31951710,0.6,6,0.35,44.75
Gilgit-Baltistan,8,17.5,59.65,1664.29,1696330,0.9,3,0.2,19.89
Balochistan,5,17.05,50.39,2654.18,12494185,0.5,5,0.3,37.01
Azad Kashmir,4,29.2,68.37,2457.01,3842808,0.7,4,0.275,30.79
Balochistan,7,130.06,376.89,8642.7,13129074,0.5,5,0.3,99.91
Punjab,12,19.8,67.17,5091.25,106779005,0.3,7,0.425,46.06
Khyber Pakhtunkhwa,10,45.52,145.09,8544.8,37535335,0.6,6,0.35,61.7
Gilgit-Baltistan,12,28.63,61.97,3047.28,1668919,0.9,3,0.2,21.51
Khyber Pakhtunkhwa,2,25.28,74.6,4074.03,36233611,0.6,6,0.35,41.37
Khyber Pakhtunkhwa,6,15.62,38.12,2441.59,37742328,0.6,6,0.35,22.76
Punjab,6,21.29,71.25,6685.86,107744735,0.3,7,0.425,49.88
KPK,2,13.19,35.8,4198.03,32177978,0.6,6,0.35,39.75
Sindh,11,30.73,84.03,4611.55,49093641,0.2,8,0.475,58.27
Balochistan,5,43.45,87.69,3384.74,12797752,0.5,5,0.3,44.07
Balochistan,7,104.75,466.27,12473.07,13372924,0.5,5,0.3,100.0
Punjab,12,20.65,57.38,6538.01,99254588,0.3,7,0.425,46.9
Gilgit-Baltistan,10,13.81,28.15,2082.43,1941387,0.9,3,0.2,28.1
Balochistan,4,12.33,30.98,2220.58,13090152,0.5,5,0.3,35.87
Khyber Pakhtunkhwa,1,49.63,151.58,6580.51,33677238,0.6,6,0.35,56.48
KPK,4,38.27,113.04,4955.72,38928908,0.6,6,0.35,46.38
Azad Kashmir,7,183.68,675.38,16679.19,4124637,0.7,4,0.275,100.0
Azad Kashmir,6,47.06,110.14,3957.45,3729133,0.7,4,0.275,44.56
KPK,12,25.46,78.44,3778.79,33143801,0.6,6,0.35,39.67
KPK,7,190.09,559.86,16441.75,35584505,0.6,6,0.35,100.0
Khyber Pakhtunkhwa,2,19.2,52.56,2854.67,33169027,0.6,6,0.35,30.23
Punjab,6,40.8,90.51,8332.07,99342376,0.3,7,0.425,67.8
Sindh,12,10.21,22.31,4103.49,49099579,0.2,8,0.475,42.05
KPK,8,183.96,779.16,19741.04,32455202,0.6,6,0.35,100.0
KPK,2,42.45,100.2,4955.2,32327156,0.6,6,0.35,47.02
KPK,5,9.0,24.16,3621.82,37829222,0.6,6,0.35,26.2
Khyber Pakhtunkhwa,6,8.87,24.65,2278.76,35593304,0.6,6,0.35,24.02
Gilgit-Baltistan,3,54.94,148.65,3740.28,1755345,0.9,3,0.2,34.53
Azad Kashmir,4,13.27,36.89,2984.8,3668600,0.7,4,0.275,26.34
Balochistan,11,13.47,31.22,3534.43,12121414,0.5,5,0.3,35.42
KPK,9,31.59,87.12,6198.87,36784592,0.6,6,0.35,52.4
Azad Kashmir,2,24.14,58.84,2871.77,3790630,0.7,4,0.275,38.24
Balochistan,8,187.31,540.86,13830.24,12330973,0.5,5,0.3,100.0
Balochistan,8,165.96,671.51,14748.4,13115284,0.5,5,0.3,100.0
Khyber Pakhtunkhwa,7,87.95,266.79,13530.15,33086526,0.6,6,0.35,100.0
Balochistan,11,11.2,38.13,1898.74,12516198,0.5,5,0.3,30.91
Gilgit-Baltistan,11,15.09,46.34,2644.23,1651837,0.9,3,0.2,18.24
KPK,5,8.4,22.25,3885.09,32579294,0.6,6,0.35,28.62
Khyber Pakhtunkhwa,12,60.01,158.76,7032.23,34610590,0.6,6,0.35,57.95
Sindh,10,20.92,46.34,5434.88,43179167,0.2,8,0.475,46.87
Balochistan,12,35.98,80.3,3721.63,12886670,0.5,5,0.3,38.51
Khyber Pakhtunkhwa,8,138.53,347.31,9892.92,31980842,0.6,6,0.35,100.0
Balochistan,10,5.3,13.69,2957.65,12120682,0.5,5,0.3,25.22
KPK,5,9.78,33.57,2160.18,33368070,0.6,6,0.35,30.52
Azad Kashmir,10,16.37,50.21,3079.42,3671202,0.7,4,0.275,27.05
Punjab,3,25.02,63.19,6580.17,101783978,0.3,7,0.425,50.2
Gilgit-Baltistan,9,24.88,67.98,3243.53,1807556,0.9,3,0.2,23.66
Punjab,4,14.76,36.55,4565.97,113360714,0.3,7,0.425,39.48
Gilgit-Baltistan,6,255.44,1081.89,11129.54,1756886,0.9,3,0.2,100.0
Sindh,12,36.57,122.77,7764.74,47562632,0.2,8,0.475,57.69
Khyber Pakhtunkhwa,11,15.99,50.62,4416.05,36976968,0.6,6,0.35,36.57
Gilgit-Baltistan,9,19.24,45.57,2189.21,1911363,0.9,3,0.2,22.39
Balochistan,8,125.87,386.86,15608.97,12567363,0.5,5,0.3,100.0
Khyber Pakhtunkhwa,11,12.97,26.75,2559.4,38091457,0.6,6,0.35,36.26
Azad Kashmir,4,11.66,26.07,2734.75,4029038,0.7,4,0.275,23.27
Azad Kashmir,6,43.61,109.85,5471.59,4277538,0.7,4,0.275,44.28
KPK,5,25.03,74.84,5202.72,34709457,0.6,6,0.35,37.68
Balochistan,10,24.07,83.27,3284.99,12831589,0.5,5,0.3,42.99
Sindh,9,125.37,384.66,23510.24,46245057,0.2,8,0.475,100.0
Gilgit-Baltistan,6,121.61,426.87,8170.7,1970651,0.9,3,0.2,89.49
Sindh,7,83.75,313.76,17633.07,49649737,0.2,8,0.475,100.0
Punjab,1,10.77,37.02,4558.75,115450288,0.3,7,0.425,40.02
Balochistan,1,3.14,10.69,2331.97,11861742,0.5,5,0.3,23.43
Gilgit-Baltistan,11,17.64,50.89,1880.67,1632623,0.9,3,0.2,16.93
KPK,9,35.63,98.68,6153.3,33891870,0.6,6,0.35,49.03
Azad Kashmir,9,10.26,25.48,2520.79,4289029,0.7,4,0.275,25.63
Gilgit-Baltistan,12,28.44,58.72,2713.1,1927253,0.9,3,0.2,19.26
Gilgit-Baltistan,12,6.55,22.52,1721.47,1915026,0.9,3,0.2,13.91
Punjab,3,15.31,41.98,3498.74,107403636,0.3,7,0.425,33.4
Azad Kashmir,11,57.86,148.54,6489.24,3616018,0.7,4,0.275,45.39
Khyber Pakhtunkhwa,10,31.06,108.58,5314.82,35811948,0.6,6,0.35,39.1
Punjab,10,10.48,26.53,4804.45,118821196,0.3,7,0.425,42.86
Sindh,12,18.73,53.01,5384.77,46192240,0.2,8,0.475,48.75
Gilgit-Baltistan,4,23.01,54.78,2948.57,1872067,0.9,3,0.2,33.62
Punjab,10,28.75,66.48,6224.19,119047635,0.3,7,0.425,47.12
Balochistan,6,22.35,62.69,4214.87,11414558,0.5,5,0.3,33.13
KPK,9,15.81,34.8,2750.74,34489247,0.6,6,0.35,34.57
KPK,7,122.79,435.97,11464.43,35675287,0.6,6,0.35,100.0
Balochistan,5,30.25,91.97,5517.67,12834468,0.5,5,0.3,42.12
Punjab,1,33.42,77.59,4369.94,118611985,0.3,7,0.425,50.62
Khyber Pakhtunkhwa,10,23.84,61.36,5524.2,35018031,0.6,6,0.35,32.93
Punjab,10,49.85,138.02,9227.84,108299112,0.3,7,0.425,64.03
Gilgit-Baltistan,9,30.33,72.33,3150.0,1646478,0.9,3,0.2,30.85
KPK,3,15.12,51.79,3903.88,32055569,0.6,6,0.35,31.33
Sindh,1,15.53,36.33,5879.62,46066067,0.2,8,0.475,48.8
Azad Kashmir,5,23.74,64.49,3901.47,3896568,0.7,4,0.275,32.68
Sindh,1,23.44,70.17,4400.11,48427077,0.2,8,0.475,46.0
Khyber Pakhtunkhwa,9,9.75,29.44,2546.73,35563924,0.6,6,0.35,26.5
Punjab,10,13.09,29.65,4366.86,107011362,0.3,7,0.425,48.16
Balochistan,2,23.74,75.12,3761.96,11622885,0.5,5,0.3,43.02
Balochistan,11,14.07,40.36,3729.83,13204658,0.5,5,0.3,36.32
Sindh,5,21.27,63.32,4337.05,49303806,0.2,8,0.475,47.28
Balochistan,3,37.28,113.98,3963.55,13026406,0.5,5,0.3,39.09
Azad Kashmir,1,11.06,29.97,2834.29,3946957,0.7,4,0.275,30.3
KPK,3,30.39,104.5,5152.3,38460549,0.6,6,0.35,41.27
Khyber Pakhtunkhwa,11,9.48,29.15,2763.97,37535232,0.6,6,0.35,30.45
Balochistan,5,36.7,87.29,3099.34,12790053,0.5,5,0.3,44.06
Gilgit-Baltistan,10,31.14,93.01,2051.41,1679758,0.9,3,0.2,16.03
Gilgit-Baltistan,3,41.81,135.86,4003.27,1827843,0.9,3,0.2,40.51
Khyber Pakhtunkhwa,5,11.12,38.15,2467.19,36901974,0.6,6,0.35,24.04
Gilgit-Baltistan,9,16.01,40.76,1719.84,1802408,0.9,3,0.2,23.81
Gilgit-Baltistan,9,32.76,107.53,2980.31,1932706,0.9,3,0.2,30.37
Khyber Pakhtunkhwa,5,26.2,72.09,4162.05,36393594,0.6,6,0.35,40.22
Balochistan,11,24.44,63.97,3627.91,11355402,0.5,5,0.3,35.2
Sindh,10,10.3,29.65,3636.3,51829923,0.2,8,0.475,44.01
Balochistan,3,57.32,146.84,4443.14,12022736,0.5,5,0.3,42.04
KPK,8,253.89,1006.24,23652.94,33193936,0.6,6,0.35,100.0
Punjab,3,32.26,74.98,4500.07,105872929,0.3,7,0.425,42.5
Azad Kashmir,9,38.96,87.29,4710.66,4343540,0.7,4,0.275,41.32
Balochistan,11,15.19,36.16,3236.94,12387612,0.5,5,0.3,27.03
Punjab,7,211.5,815.77,19325.97,109582413,0.3,7,0.425,100.0
KPK,1,8.53,20.85,3101.77,34937988,0.6,6,0.35,32.58
Balochistan,7,171.08,428.7,12066.31,11866471,0.5,5,0.3,100.0
Azad Kashmir,2,23.7,59.84,2811.55,4037533,0.7,4,0.275,34.56
KPK,12,35.53,110.71,6974.38,38525724,0.6,6,0.35,49.92
Gilgit-Baltistan,10,13.51,30.24,2441.06,1620960,0.9,3,0.2,21.76
Punjab,11,20.86,60.25,6229.31,106851550,0.3,7,0.425,57.0
Gilgit-Baltistan,8,3.86,11.7,1146.22,1834698,0.9,3,0.2,15.08
Azad Kashmir,8,181.84,648.46,11948.55,4072994,0.7,4,0.275,100.0
Azad Kashmir,11,25.07,63.56,3470.29,4140597,0.7,4,0.275,34.58
Punjab,9,211.66,923.39,28099.43,119966355,0.3,7,0.425,100.0
Punjab,7,43.5,149.55,9503.78,99340614,0.3,7,0.425,78.3
Azad Kashmir,1,33.28,79.27,5075.64,4220252,0.7,4,0.275,42.46
Khyber Pakhtunkhwa,10,24.36,74.78,3094.42,34693550,0.6,6,0.35,36.95
Azad Kashmir,8,240.5,664.8,19786.28,3959474,0.7,4,0.275,100.0
Sindh,7,112.02,340.98,19539.42,43575113,0.2,8,0.475,100.0
Azad Kashmir,2,10.77,37.13,3340.04,3954972,0.7,4,0.275,24.8
Azad Kashmir,4,16.89,35.33,2172.25,3953478,0.7,4,0.275,24.64
Sindh,7,79.71,321.88,15951.56,50215110,0.2,8,0.475,100.0
KPK,3,20.43,42.69,5150.68,32460819,0.6,6,0.35,39.63
Gilgit-Baltistan,7,282.12,1005.65,14710.38,1856079,0.9,3,0.2,100.0
Khyber Pakhtunkhwa,10,10.31,35.07,4156.68,32765286,0.6,6,0.35,32.74
Balochistan,12,45.14,146.85,5179.29,12171938,0.5,5,0.3,44.23
Gilgit-Baltistan,1,17.28,49.15,1665.98,1731574,0.9,3,0.2,23.45
Azad Kashmir,10,31.71,85.75,3537.88,4289923,0.7,4,0.275,32.64
Azad Kashmir,9,20.23,65.71,2826.18,4354439,0.7,4,0.275,28.72
Balochistan,2,35.84,116.56,5635.36,11879575,0.5,5,0.3,52.18
Gilgit-Baltistan,1,25.26,77.72,3366.85,1869648,0.9,3,0.2,21.72
Punjab,10,29.75,91.8,7660.96,116502765,0.3,7,0.425,64.88
Khyber Pakhtunkhwa,10,33.98,98.94,4070.91,33417901,0.6,6,0.35,38.44
Gilgit-Baltistan,4,28.53,69.98,2681.51,1843547,0.9,3,0.2,28.32
Punjab,5,33.28,77.95,4165.64,107443026,0.3,7,0.425,50.0
Punjab,7,151.23,453.3,18660.69,113694542,0.3,7,0.425,100.0
Sindh,2,8.91,27.12,3482.2,45952494,0.2,8,0.475,36.35
Khyber Pakhtunkhwa,1,50.71,143.89,4655.67,35225948,0.6,6,0.35,58.84
Khyber Pakhtunkhwa,6,14.86,33.54,3278.2,33278929,0.6,6,0.35,31.88
Balochistan,11,49.22,139.34,6513.71,13276714,0.5,5,0.3,52.97
Gilgit-Baltistan,5,27.26,91.14,2336.92,1718309,0.9,3,0.2,29.3
Azad Kashmir,4,13.01,30.01,3341.75,3811594,0.7,4,0.275,24.02
Azad Kashmir,11,19.28,56.04,3765.31,4209079,0.7,4,0.275,28.27
KPK,6,9.86,20.52,3242.26,32286529,0.6,6,0.35,25.22
Balochistan,5,23.2,76.1,3159.08,11824233,0.5,5,0.3,33.61
Gilgit-Baltistan,1,26.5,54.55,2867.38,1852249,0.9,3,0.2,21.51
Sindh,8,113.3,465.08,21989.27,45958303,0.2,8,0.475,100.0
KPK,5,34.06,112.1,3677.18,36809773,0.6,6,0.35,37.75
Sindh,6,19.79,65.91,6409.42,44687541,0.2,8,0.475,46.71
Khyber Pakhtunkhwa,2,27.11,70.42,3568.37,34669766,0.6,6,0.35,36.53
Sindh,11,27.23,61.69,7560.3,46872649,0.2,8,0.475,63.95
KPK,7,220.61,882.94,26402.22,37411226,0.6,6,0.35,100.0
Gilgit-Baltistan,3,20.39,53.62,3015.61,1745814,0.9,3,0.2,27.3
Punjab,12,14.53,45.27,4225.52,104011616,0.3,7,0.425,41.12
Sindh,10,14.05,34.04,4565.39,43535306,0.2,8,0.475,45.47
KPK,10,22.26,70.83,3590.16,37371786,0.6,6,0.35,32.32
Balochistan,8,244.57,1042.45,22802.97,13135334,0.5,5,0.3,100.0
Gilgit-Baltistan,9,23.56,51.35,2243.35,1646194,0.9,3,0.2,22.12
Khyber Pakhtunkhwa,7,128.73,396.72,11945.86,37363999,0.6,6,0.35,100.0
Gilgit-Baltistan,2,11.51,33.19,2083.63,1753174,0.9,3,0.2,10.89
Sindh,7,167.11,629.95,32396.38,47193297,0.2,8,0.475,100.0
Khyber Pakhtunkhwa,6,13.92,37.11,3396.43,37854644,0.6,6,0.35,31.95
Khyber Pakhtunkhwa,2,34.23,69.75,4652.84,38950318,0.6,6,0.35,41.9
Gilgit-Baltistan,12,19.11,45.03,1575.5,1845769,0.9,3,0.2,24.63
Sindh,5,14.73,34.16,5794.67,43671300,0.2,8,0.475,56.6
KPK,8,150.88,472.1,19851.64,36234264,0.6,6,0.35,100.0
Khyber Pakhtunkhwa,8,76.52,243.87,8772.73,37353885,0.6,6,0.35,88.94
Azad Kashmir,9,24.85,70.05,3596.66,3642672,0.7,4,0.275,27.21
Balochistan,1,12.38,34.32,3557.01,11943957,0.5,5,0.3,35.9
Azad Kashmir,11,14.05,36.08,3240.22,4239993,0.7,4,0.275,30.57
Balochistan,1,49.66,152.39,5319.13,11898217,0.5,5,0.3,48.5
Khyber Pakhtunkhwa,8,167.28,458.15,20317.95,34435744,0.6,6,0.35,100.0
Khyber Pakhtunkhwa,6,43.3,108.63,5758.51,32673975,0.6,6,0.35,44.26
Punjab,12,15.27,43.09,5656.78,102966382,0.3,7,0.425,40.85
Azad Kashmir,9,28.61,94.16,4699.67,3697830,0.7,4,0.275,42.34
Azad Kashmir,5,9.46,30.38,2048.97,3603143,0.7,4,0.275,21.35
KPK,7,175.98,470.59,15217.68,37498580,0.6,6,0.35,100.0
Khyber Pakhtunkhwa,10,33.52,72.53,4148.91,38301225,0.6,6,0.35,42.06
Azad Kashmir,5,34.28,108.88,4766.71,3978243,0.7,4,0.275,45.34
Balochistan,6,16.08,44.57,2353.09,11599075,0.5,5,0.3,26.26
Azad Kashmir,5,40.4,103.67,5362.27,3881153,0.7,4,0.275,41.96
Gilgit-Baltistan,3,21.3,49.56,2942.11,1730520,0.9,3,0.2,25.18
Azad Kashmir,2,6.1,19.44,2330.88,4058394,0.7,4,0.275,27.1
Punjab,7,155.36,475.88,14469.2,102191967,0.3,7,0.425,100.0
Gilgit-Baltistan,1,29.05,93.93,2836.43,1938788,0.9,3,0.2,30.75
Gilgit-Baltistan,8,22.82,55.44,1983.4,1757255,0.9,3,0.2,21.02
Balochistan,2,12.08,32.43,3392.52,12006511,0.5,5,0.3,37.7
Azad Kashmir,5,29.27,59.79,4525.26,4198516,0.7,4,0.275,32.14
Sindh,1,4.99,14.32,3279.11,43879431,0.2,8,0.475,32.18
Punjab,10,33.17,72.22,7038.75,101158615,0.3,7,0.425,52.95
Gilgit-Baltistan,12,19.9,66.21,1634.02,1680512,0.9,3,0.2,23.11
Khyber Pakhtunkhwa,4,68.52,171.25,7483.8,36170306,0.6,6,0.35,62.9
Punjab,4,19.61,55.72,4450.3,104912004,0.3,7,0.425,41.2
Balochistan,5,19.37,63.86,3454.45,12477481,0.5,5,0.3,27.29
Balochistan,11,37.38,80.59,5170.94,11583739,0.5,5,0.3,43.89
Balochistan,3,11.05,32.77,3149.68,11789827,0.5,5,0.3,28.14
Sindh,6,10.05,23.79,3083.35,48219379,0.2,8,0.475,42.01
Balochistan,4,32.09,80.18,3083.83,13392872,0.5,5,0.3,43.75
KPK,7,169.8,639.84,16126.05,32320513,0.6,6,0.35,100.0
Azad Kashmir,12,25.42,62.52,2592.08,4036450,0.7,4,0.275,28.58
Punjab,6,15.21,47.02,4880.27,118157829,0.3,7,0.425,48.65
Sindh,4,14.77,29.67,6129.02,44862122,0.2,8,0.475,57.8
Khyber Pakhtunkhwa,1,12.18,31.59,2565.9,34531757,0.6,6,0.35,31.52
Azad Kashmir,8,151.83,596.84,15794.23,4373561,0.7,4,0.275,100.0
Azad Kashmir,7,165.88,488.35,12199.18,4218646,0.7,4,0.275,100.0
KPK,4,19.04,46.37,3425.74,38595281,0.6,6,0.35,42.16
Azad Kashmir,6,24.32,82.19,3647.19,3680051,0.7,4,0.275,31.55
Azad Kashmir,5,11.57,33.45,3216.18,4136530,0.7,4,0.275,27.93
Azad Kashmir,8,177.11,774.06,15124.38,4025512,0.7,4,0.275,100.0
Balochistan,10,22.9,73.02,3168.93,12611065,0.5,5,0.3,36.03
Sindh,9,188.97,699.92,33979.76,50070873,0.2,8,0.475,100.0
Balochistan,10,22.4,72.54,4783.21,13045685,0.5,5,0.3,40.39
Azad Kashmir,1,19.63,67.49,3099.31,4115611,0.7,4,0.275,30.22
Khyber Pakhtunkhwa,5,18.95,44.75,3712.49,35362407,0.6,6,0.35,27.16
Khyber Pakhtunkhwa,12,27.95,59.92,4214.28,38746949,0.6,6,0.35,43.14
Khyber Pakhtunkhwa,12,12.33,40.52,3876.41,38225634,0.6,6,0.35,36.84
Gilgit-Baltistan,10,25.28,76.58,2277.58,1683648,0.9,3,0.2,22.12
Gilgit-Baltistan,10,10.59,29.41,2093.37,1913609,0.9,3,0.2,16.16
Azad Kashmir,11,21.02,57.3,2327.06,3703149,0.7,4,0.275,25.95
Sindh,5,8.86,22.06,3051.93,44608059,0.2,8,0.475,45.33
Balochistan,11,27.17,82.0,5255.52,12327071,0.5,5,0.3,41.73
Punjab,12,12.36,41.01,3013.56,104670281,0.3,7,0.425,35.9
Punjab,1,19.97,44.67,5831.47,108845929,0.3,7,0.425,45.68
Balochistan,4,2.23,6.23,1521.32,12033650,0.5,5,0.3,21.87
KPK,7,156.41,422.45,12372.19,38766089,0.6,6,0.35,100.0
Balochistan,6,14.52,43.3,2182.41,11666131,0.5,5,0.3,32.3
Azad Kashmir,10,36.19,96.75,5597.9,4367867,0.7,4,0.275,43.02
Gilgit-Baltistan,10,10.66,34.7,1438.27,1645493,0.9,3,0.2,18.7
Azad Kashmir,2,34.57,103.78,2893.25,3901390,0.7,4,0.275,37.51
Gilgit-Baltistan,3,28.93,66.4,2902.37,1784909,0.9,3,0.2,23.89
Khyber Pakhtunkhwa,11,28.96,87.4,4000.53,32718121,0.6,6,0.35,39.1
Punjab,3,38.38,123.43,6773.44,101725372,0.3,7,0.425,61.74
Gilgit-Baltistan,6,303.96,961.36,23106.92,1930839,0.9,3,0.2,100.0
Sindh,6,15.11,39.39,5986.12,44924032,0.2,8,0.475,46.38
Punjab,8,288.73,764.75,28812.47,112803658,0.3,7,0.425,100.0
Balochistan,5,29.48,65.01,4918.49,12586539,0.5,5,0.3,50.26
Khyber Pakhtunkhwa,5,25.12,65.57,3706.08,38904100,0.6,6,0.35,36.95
Punjab,3,11.28,38.96,5217.25,116012076,0.3,7,0.425,48.19
KPK,7,192.09,769.49,20877.96,37895024,0.6,6,0.35,100.0
KPK,6,29.8,82.74,3981.22,36062801,0.6,6,0.35,38.02
Khyber Pakhtunkhwa,5,25.42,59.68,5457.65,37883769,0.6,6,0.35,39.86
Khyber Pakhtunkhwa,12,15.36,52.86,4109.69,33193741,0.6,6,0.35,36.7
Sindh,3,13.32,31.66,4316.25,47779679,0.2,8,0.475,45.26
Azad Kashmir,7,135.96,552.73,15691.21,4066985,0.7,4,0.275,100.0
Punjab,1,18.67,49.84,3981.36,101295625,0.3,7,0.425,47.93
Azad Kashmir,8,225.56,755.48,17351.02,4010715,0.7,4,0.275,100.0
Sindh,8,254.66,859.41,36000.0,51960264,0.2,8,0.475,100.0
Azad Kashmir,1,31.08,70.34,4176.98,4380350,0.7,4,0.275,36.26
Sindh,7,161.97,606.2,25345.89,51367424,0.2,8,0.475,100.0
Punjab,2,8.61,18.52,3153.4,107342661,0.3,7,0.425,39.14
KPK,1,24.77,56.07,3773.48,32429625,0.6,6,0.35,35.41
Khyber Pakhtunkhwa,12,49.17,101.24,8018.19,32624962,0.6,6,0.35,62.68
Sindh,9,245.43,1005.05,36000.0,46123351,0.2,8,0.475,100.0
Gilgit-Baltistan,4,38.03,119.59,2412.95,1899659,0.9,3,0.2,30.4
KPK,1,13.98,47.35,2549.92,38553047,0.6,6,0.35,29.3
KPK,11,28.11,65.33,5275.93,36534543,0.6,6,0.35,47.37
KPK,7,182.27,594.07,24507.48,34819783,0.6,6,0.35,100.0
Balochistan,5,21.85,59.97,3394.36,13417736,0.5,5,0.3,36.35
Balochistan,8,110.02,492.71,15225.02,11876755,0.5,5,0.3,100.0
KPK,5,28.31,69.95,5210.66,33480357,0.6,6,0.35,48.68
Khyber Pakhtunkhwa,7,136.12,500.22,12589.34,37559526,0.6,6,0.35,100.0
Gilgit-Baltistan,3,31.84,109.35,2701.84,1658007,0.9,3,0.2,23.81
Azad Kashmir,8,283.27,891.48,20155.48,4129534,0.7,4,0.275,100.0
Khyber Pakhtunkhwa,2,10.56,24.19,3414.65,38019972,0.6,6,0.35,32.84
Gilgit-Baltistan,9,30.43,96.18,2205.39,1786978,0.9,3,0.2,18.43
Gilgit-Baltistan,11,38.72,86.32,3789.21,1747961,0.9,3,0.2,26.62
Balochistan,8,200.71,850.43,24911.65,12775455,0.5,5,0.3,100.0
Balochistan,7,149.01,507.16,9611.14,13097003,0.5,5,0.3,100.0
KPK,4,20.18,62.7,3071.33,34661098,0.6,6,0.35,42.22
KPK,8,189.4,673.52,19538.11,33858459,0.6,6,0.35,100.0
KPK,12,18.66,40.76,3914.98,33867679,0.6,6,0.35,30.33
Gilgit-Baltistan,12,20.78,72.05,2306.8,1674161,0.9,3,0.2,19.46
Balochistan,11,10.28,33.8,3003.61,11534345,0.5,5,0.3,38.28
Balochistan,4,16.19,41.5,4088.33,11817596,0.5,5,0.3,34.83
Balochistan,2,22.92,51.17,3708.83,13102622,0.5,5,0.3,31.61
Balochistan,7,109.16,396.81,13304.66,12447005,0.5,5,0.3,100.0
KPK,1,3.2,10.05,3321.75,37472320,0.6,6,0.35,24.56
Gilgit-Baltistan,7,129.8,481.67,9841.77,1864876,0.9,3,0.2,100.0
Balochistan,2,25.68,53.57,3579.63,13026819,0.5,5,0.3,44.15
Azad Kashmir,6,12.51,35.71,2631.48,4272006,0.7,4,0.275,25.96
Balochistan,5,16.76,49.14,4087.75,11805860,0.5,5,0.3,27.37
Sindh,5,18.51,45.51,5725.95,49867817,0.2,8,0.475,56.13
Azad Kashmir,11,11.95,33.16,3073.93,3946113,0.7,4,0.275,30.36
Balochistan,2,22.12,59.65,4511.26,11740529,0.5,5,0.3,42.07
Balochistan,2,19.09,47.73,3446.95,12063051,0.5,5,0.3,31.19
KPK,5,15.87,52.91,4132.21,36328840,0.6,6,0.35,30.45
KPK,6,19.46,57.68,4944.26,35403623,0.6,6,0.35,38.23
Sindh,5,34.04,102.96,7913.71,51553092,0.2,8,0.475,58.23
Gilgit-Baltistan,3,20.74,53.48,2720.68,1880924,0.9,3,0.2,26.79
Balochistan,1,17.45,37.77,2337.9,12532405,0.5,5,0.3,31.14
Sindh,11,15.34,49.12,6321.52,50358169,0.2,8,0.475,49.81
KPK,6,18.77,64.23,4597.38,38208414,0.6,6,0.35,35.08
Punjab,10,19.54,61.79,5884.85,113289574,0.3,7,0.425,58.44
Khyber Pakhtunkhwa,3,17.0,56.83,4766.46,38271997,0.6,6,0.35,34.62
Punjab,1,6.89,15.19,2598.78,112869278,0.3,7,0.425,37.32
KPK,8,178.01,530.58,16777.67,38444122,0.6,6,0.35,100.0
Punjab,11,23.38,50.12,3897.0,102826851,0.3,7,0.425,41.92
Balochistan,9,37.74,90.92,3591.82,11198013,0.5,5,0.3,44.13
Punjab,2,17.74,50.98,3298.67,100049029,0.3,7,0.425,41.63
Sindh,10,21.4,65.86,7110.73,47278171,0.2,8,0.475,59.33
Gilgit-Baltistan,11,18.8,40.51,1534.05,1653939,0.9,3,0.2,16.84
Gilgit-Baltistan,2,18.92,59.51,2642.26,1708497,0.9,3,0.2,26.91
Azad Kashmir,6,38.02,112.52,3490.52,4146205,0.7,4,0.275,45.61
KPK,10,15.27,47.09,3900.23,33020628,0.6,6,0.35,34.76
Khyber Pakhtunkhwa,10,15.56,34.41,4378.92,33234908,0.6,6,0.35,34.93
Gilgit-Baltistan,6,277.61,936.43,12007.27,1949742,0.9,3,0.2,100.0
KPK,9,16.45,33.42,2435.2,35552294,0.6,6,0.35,28.17
Sindh,12,20.63,53.38,5653.94,49671694,0.2,8,0.475,57.97
Balochistan,3,19.09,39.03,3356.75,12946570,0.5,5,0.3,36.44
Gilgit-Baltistan,8,6.03,12.24,1140.14,1912268,0.9,3,0.2,15.6
Balochistan,5,29.18,87.68,4656.75,12334545,0.5,5,0.3,47.23
Balochistan,5,18.04,50.85,3558.79,13370715,0.5,5,0.3,30.51
Azad Kashmir,1,6.23,15.97,2112.18,3935511,0.7,4,0.275,21.77
Punjab,6,39.65,94.19,6962.13,116578228,0.3,7,0.425,49.94
Gilgit-Baltistan,1,16.53,45.23,1672.45,1889996,0.9,3,0.2,16.21
KPK,3,9.7,26.28,3563.85,37381986,0.6,6,0.35,32.92
Balochistan,6,11.8,36.9,3044.24,11317440,0.5,5,0.3,31.52
Khyber Pakhtunkhwa,4,15.33,39.3,2832.37,34890174,0.6,6,0.35,26.41
Gilgit-Baltistan,4,34.36,85.13,2260.12,1905541,0.9,3,0.2,23.59
KPK,3,21.94,53.76,4514.41,38473849,0.6,6,0.35,33.5
KPK,10,22.94,79.31,5273.57,35803691,0.6,6,0.35,52.9
Gilgit-Baltistan,1,12.92,28.3,1680.79,1742067,0.9,3,0.2,10.74
Gilgit-Baltistan,11,32.57,110.66,4012.95,1901202,0.9,3,0.2,38.73
Balochistan,3,13.97,29.24,2979.39,11491374,0.5,5,0.3,30.93
Balochistan,1,28.93,70.98,3472.35,12303883,0.5,5,0.3,38.9
Sindh,2,21.74,46.1,6324.37,44459186,0.2,8,0.475,53.86
Punjab,7,119.73,401.18,15772.8,118181280,0.3,7,0.425,100.0
Balochistan,5,18.19,40.39,4057.34,11767330,0.5,5,0.3,35.86
Punjab,8,179.14,794.54,34739.64,101563981,0.3,7,0.425,100.0
KPK,3,44.03,133.06,6868.94,37002414,0.6,6,0.35,53.34
KPK,4,16.48,36.05,3154.55,35961499,0.6,6,0.35,33.59
KPK,2,21.24,54.15,4379.39,32410957,0.6,6,0.35,41.71
Sindh,12,25.4,60.92,5179.91,48167376,0.2,8,0.475,53.01
Khyber Pakhtunkhwa,4,12.68,31.29,3171.95,32806007,0.6,6,0.35,32.97
Azad Kashmir,4,14.81,51.32,2002.55,3744501,0.7,4,0.275,21.92
Azad Kashmir,3,30.78,105.23,3018.75,4294518,0.7,4,0.275,35.99
Gilgit-Baltistan,6,87.67,248.69,6649.2,1686146,0.9,3,0.2,69.82
Gilgit-Baltistan,9,18.93,63.42,1711.28,1731840,0.9,3,0.2,21.72
Gilgit-Baltistan,3,49.56,110.66,2496.73,1976342,0.9,3,0.2,43.19
Punjab,3,13.14,26.48,4470.77,120571886,0.3,7,0.425,43.02
Balochistan,3,6.7,23.04,2671.5,13153735,0.5,5,0.3,18.57
Balochistan,10,36.5,107.57,3930.11,12134132,0.5,5,0.3,44.46
Azad Kashmir,1,14.14,38.35,2354.37,3858596,0.7,4,0.275,29.3
Balochistan,4,13.33,37.59,3001.0,13470596,0.5,5,0.3,26.25
KPK,1,16.82,58.41,3884.94,38536231,0.6,6,0.35,33.61
KPK,12,14.8,47.82,3063.79,37605494,0.6,6,0.35,28.9
Sindh,10,19.5,41.56,4762.21,47964072,0.2,8,0.475,49.07
Sindh,8,64.5,196.33,14615.67,45700608,0.2,8,0.475,100.0
Azad Kashmir,12,36.92,122.72,3891.8,4258871,0.7,4,0.275,36.35
KPK,6,14.87,35.38,4569.21,38073757,0.6,6,0.35,35.05
Punjab,9,212.17,552.54,22737.47,108430252,0.3,7,0.425,100.0
Sindh,10,21.48,68.79,7444.3,43417178,0.2,8,0.475,56.87
Gilgit-Baltistan,8,20.72,59.05,1856.89,1855732,0.9,3,0.2,23.25
Azad Kashmir,10,29.12,80.14,3424.37,3736599,0.7,4,0.275,33.13
KPK,7,224.26,818.07,16716.07,33818871,0.6,6,0.35,100.0
Azad Kashmir,3,30.59,104.91,3464.78,3905627,0.7,4,0.275,36.21
Sindh,7,197.25,815.24,26815.3,47267304,0.2,8,0.475,100.0
Gilgit-Baltistan,4,11.62,28.45,2144.72,1694017,0.9,3,0.2,24.19
Azad Kashmir,10,16.39,47.25,3018.53,4128282,0.7,4,0.275,30.7
Sindh,8,224.32,809.12,36000.0,44899874,0.2,8,0.475,100.0
Punjab,5,5.33,18.13,4301.58,120095901,0.3,7,0.425,37.55
Azad Kashmir,12,28.52,70.57,4799.48,3722482,0.7,4,0.275,34.47
Balochistan,1,36.42,100.2,3836.61,12403000,0.5,5,0.3,44.33
Gilgit-Baltistan,4,7.0,16.0,2049.97,1631597,0.9,3,0.2,9.03
Khyber Pakhtunkhwa,6,15.13,39.94,4670.46,37515807,0.6,6,0.35,36.14
Khyber Pakhtunkhwa,1,36.07,78.07,4393.03,32281114,0.6,6,0.35,47.64
Sindh,11,24.84,58.51,6605.54,52451476,0.2,8,0.475,59.61
Khyber Pakhtunkhwa,7,205.52,752.5,22339.93,37124722,0.6,6,0.35,100.0
Azad Kashmir,2,11.27,24.15,2211.19,3629255,0.7,4,0.275,26.43
Khyber Pakhtunkhwa,3,17.77,51.03,4978.09,32102223,0.6,6,0.35,37.99
Sindh,8,201.01,877.31,34330.0,44483969,0.2,8,0.475,100.0
KPK,5,15.14,46.61,2459.11,35960400,0.6,6,0.35,29.38
Khyber Pakhtunkhwa,8,295.32,775.16,30971.23,38422215,0.6,6,0.35,100.0
Punjab,5,19.45,58.69,6089.48,104161689,0.3,7,0.425,53.02
Gilgit-Baltistan,2,5.53,12.23,1704.49,1889086,0.9,3,0.2,14.13
Punjab,8,117.57,396.74,18918.06,114034549,0.3,7,0.425,100.0
Punjab,10,5.17,14.17,2796.17,106176071,0.3,7,0.425,35.22
Sindh,1,12.74,41.84,4048.17,46872546,0.2,8,0.475,48.74
Gilgit-Baltistan,8,19.4,55.27,2164.17,1814381,0.9,3,0.2,20.57
Punjab,2,16.72,49.59,3084.85,114941889,0.3,7,0.425,38.43
Khyber Pakhtunkhwa,10,27.47,70.29,4038.51,36360047,0.6,6,0.35,40.36
Balochistan,7,132.72,336.46,12693.16,12196457,0.5,5,0.3,100.0
Punjab,6,26.43,56.18,4114.15,115130505,0.3,7,0.425,38.95
Khyber Pakhtunkhwa,4,32.19,83.9,5202.38,38609999,0.6,6,0.35,49.47
KPK,3,46.93,122.77,5390.08,36279040,0.6,6,0.35,51.23
KPK,7,378.36,1300.0,35024.17,38705488,0.6,6,0.35,100.0
Punjab,4,26.91,89.29,6777.95,119536401,0.3,7,0.425,57.9
KPK,5,31.14,78.47,5797.73,33813439,0.6,6,0.35,48.98
Sindh,10,29.71,74.36,7678.67,51304886,0.2,8,0.475,52.86
Sindh,3,6.43,20.16,4126.5,50944747,0.2,8,0.475,44.99
Azad Kashmir,10,23.81,65.26,3666.82,3652472,0.7,4,0.275,37.58
Gilgit-Baltistan,7,286.15,731.12,10988.24,1884193,0.9,3,0.2,100.0
Balochistan,8,207.92,703.81,14651.42,12536016,0.5,5,0.3,100.0
KPK,9,11.37,34.43,3098.98,38090010,0.6,6,0.35,22.94
Azad Kashmir,3,21.61,60.45,3651.22,3789851,0.7,4,0.275,33.14
Khyber Pakhtunkhwa,9,17.87,54.85,3541.26,38536899,0.6,6,0.35,35.81
Punjab,8,280.6,793.66,23469.17,101662345,0.3,7,0.425,100.0
Balochistan,2,42.62,116.89,6670.9,12909033,0.5,5,0.3,52.95
Balochistan,7,198.77,599.23,14874.69,12081911,0.5,5,0.3,100.0
Khyber Pakhtunkhwa,10,32.5,91.71,3702.63,38448288,0.6,6,0.35,41.21
KPK,9,6.55,16.79,3330.46,37873214,0.6,6,0.35,26.45
Punjab,10,41.03,95.55,7706.0,111816137,0.3,7,0.425,60.47
Azad Kashmir,1,22.72,72.8,3184.48,3751131,0.7,4,0.275,23.41
Balochistan,3,19.02,55.18,3495.87,12065452,0.5,5,0.3,31.06
Azad Kashmir,1,23.71,52.6,2254.36,4346819,0.7,4,0.275,22.4
Khyber Pakhtunkhwa,7,270.07,891.47,30486.61,38238908,0.6,6,0.35,100.0
Gilgit-Baltistan,2,6.99,14.27,2016.6,1915772,0.9,3,0.2,9.67
KPK,7,196.36,742.11,22958.09,32751612,0.6,6,0.35,100.0
Gilgit-Baltistan,1,29.73,70.47,2359.21,1938869,0.9,3,0.2,22.37
Balochistan,3,17.69,38.3,2985.7,11113751,0.5,5,0.3,30.56
Gilgit-Baltistan,7,95.26,324.65,6106.81,1799008,0.9,3,0.2,76.53
KPK,8,168.15,642.81,23627.77,37287967,0.6,6,0.35,100.0
Punjab,11,43.87,130.18,7841.89,113166730,0.3,7,0.425,67.18
KPK,2,27.76,61.52,5638.31,33967663,0.6,6,0.35,34.94
Sindh,8,140.06,369.9,23287.14,45501944,0.2,8,0.475,100.0
Balochistan,4,17.14,41.61,3978.24,13189448,0.5,5,0.3,42.71
Gilgit-Baltistan,7,80.96,253.44,7217.23,1925826,0.9,3,0.2,77.43
Khyber Pakhtunkhwa,7,278.58,1244.63,27805.34,37589901,0.6,6,0.35,100.0
Sindh,1,32.47,79.16,5534.04,44347126,0.2,8,0.475,50.83
KPK,11,33.67,72.9,5187.69,33703107,0.6,6,0.35,47.59
Sindh,8,128.76,403.52,15617.5,51788226,0.2,8,0.475,100.0
Khyber Pakhtunkhwa,2,18.24,47.88,3092.99,37067340,0.6,6,0.35,37.51
Gilgit-Baltistan,9,15.84,48.88,1660.45,1947429,0.9,3,0.2,14.75
Azad Kashmir,8,155.12,590.64,10230.62,3855081,0.7,4,0.275,100.0
KPK,12,30.48,73.62,4003.89,33615263,0.6,6,0.35,43.64
Punjab,10,4.75,12.82,2154.81,109597011,0.3,7,0.425,36.01
Sindh,2,17.59,40.21,5225.0,50910140,0.2,8,0.475,48.88
Punjab,3,22.38,63.86,6124.79,114337075,0.3,7,0.425,51.35
Khyber Pakhtunkhwa,6,16.24,34.55,4111.25,36873323,0.6,6,0.35,31.58
Punjab,12,20.45,63.77,6581.02,112086821,0.3,7,0.425,47.52
Balochistan,9,6.99,18.52,2462.38,11741675,0.5,5,0.3,33.02
Khyber Pakhtunkhwa,2,9.68,23.13,3005.94,36584092,0.6,6,0.35,27.85
Azad Kashmir,4,44.02,92.93,3153.26,3974986,0.7,4,0.275,31.22
Gilgit-Baltistan,1,74.11,161.08,3503.32,1891570,0.9,3,0.2,46.63
Sindh,3,16.12,42.55,3706.28,49806277,0.2,8,0.475,40.11
Balochistan,3,20.35,67.24,2538.54,13224678,0.5,5,0.3,32.99
Gilgit-Baltistan,4,7.03,23.4,1889.0,1861100,0.9,3,0.2,13.41
Balochistan,10,33.49,82.51,4773.29,13240242,0.5,5,0.3,37.27
Khyber Pakhtunkhwa,5,8.11,22.38,3250.71,37530603,0.6,6,0.35,26.36
Punjab,6,12.16,32.35,3323.55,114033937,0.3,7,0.425,34.14
Sindh,4,44.43,153.04,6608.3,45551769,0.2,8,0.475,66.33
Khyber Pakhtunkhwa,2,33.7,114.0,3760.42,38028524,0.6,6,0.35,43.47
Khyber Pakhtunkhwa,1,36.85,118.19,6569.85,38519841,0.6,6,0.35,51.54
Azad Kashmir,6,15.89,32.65,3357.37,4073159,0.7,4,0.275,24.29
Punjab,7,180.48,726.75,24101.85,117955917,0.3,7,0.425,100.0
Khyber Pakhtunkhwa,5,12.48,42.13,2445.98,34984647,0.6,6,0.35,28.88
Azad Kashmir,4,18.85,47.61,2560.07,4061919,0.7,4,0.275,28.84
Sindh,10,14.77,49.4,5859.14,44980657,0.2,8,0.475,50.87
Gilgit-Baltistan,1,23.77,67.15,2797.48,1865729,0.9,3,0.2,21.78
Azad Kashmir,8,164.97,696.86,14614.56,4332553,0.7,4,0.275,100.0
Punjab,9,242.84,923.75,32101.14,116389135,0.3,7,0.425,100.0
Gilgit-Baltistan,6,160.58,434.85,9856.66,1827451,0.9,3,0.2,100.0
Azad Kashmir,8,285.24,1050.84,24655.53,3995124,0.7,4,0.275,100.0
Punjab,7,156.67,544.81,15198.55,103197031,0.3,7,0.425,100.0
Sindh,1,14.76,32.5,3185.03,44573879,0.2,8,0.475,46.1
Sindh,6,21.78,44.18,5942.83,46792637,0.2,8,0.475,51.25
Balochistan,1,10.83,35.03,2593.72,13492326,0.5,5,0.3,31.04
Gilgit-Baltistan,10,24.83,82.46,3422.74,1736838,0.9,3,0.2,29.97
Sindh,6,11.26,22.51,5088.49,46273434,0.2,8,0.475,47.14
Sindh,3,45.52,101.07,10688.06,50099628,0.2,8,0.475,68.23
KPK,12,22.52,46.44,4874.57,35867103,0.6,6,0.35,45.91
Azad Kashmir,8,273.71,1061.38,29780.04,4159503,0.7,4,0.275,100.0
Punjab,4,9.53,23.2,4014.66,103090946,0.3,7,0.425,35.81
Balochistan,12,14.47,29.9,3385.07,11245700,0.5,5,0.3,30.18
Khyber Pakhtunkhwa,6,23.65,59.94,4749.6,37127572,0.6,6,0.35,39.18
Punjab,9,151.54,504.56,19354.66,109277830,0.3,7,0.425,100.0
Punjab,6,18.11,45.71,5209.14,110821870,0.3,7,0.425,45.41
Khyber Pakhtunkhwa,9,57.51,127.16,5388.89,36489675,0.6,6,0.35,53.57
Sindh,3,16.94,56.26,5555.49,51355779,0.2,8,0.475,49.15
Khyber Pakhtunkhwa,1,17.03,41.99,4575.08,33160075,0.6,6,0.35,37.7
Balochistan,8,259.63,814.93,23982.23,11260141,0.5,5,0.3,100.0
Sindh,7,138.96,503.56,20655.84,47506420,0.2,8,0.475,100.0
Azad Kashmir,4,25.98,71.03,4289.27,3679002,0.7,4,0.275,29.73
Khyber Pakhtunkhwa,12,27.02,73.01,5789.1,37393554,0.6,6,0.35,41.82
Azad Kashmir,10,9.99,30.49,1702.34,4365699,0.7,4,0.275,19.55
KPK,6,14.19,46.64,3674.25,34866036,0.6,6,0.35,34.3
Khyber Pakhtunkhwa,1,26.5,81.02,4100.83,36037195,0.6,6,0.35,43.6
Azad Kashmir,11,13.71,30.49,3222.14,4306491,0.7,4,0.275,22.44
Azad Kashmir,7,143.39,552.44,10298.29,4010570,0.7,4,0.275,100.0
KPK,10,25.98,63.63,3810.24,37627125,0.6,6,0.35,41.75
Punjab,2,43.71,142.15,6975.38,109010717,0.3,7,0.425,62.84
Punjab,9,275.66,1070.77,36000.0,110843245,0.3,7,0.425,100.0
Khyber Pakhtunkhwa,8,91.92,255.45,10915.2,37188627,0.6,6,0.35,93.29
Khyber Pakhtunkhwa,1,8.92,20.86,3025.93,36889791,0.6,6,0.35,24.46
Punjab,10,18.93,50.17,4694.9,118642273,0.3,7,0.425,42.85
Khyber Pakhtunkhwa,8,243.36,882.81,26689.05,37091090,0.6,6,0.35,100.0
Azad Kashmir,11,18.71,48.03,3634.8,4366886,0.7,4,0.275,31.67
Balochistan,4,26.78,66.59,4109.6,12395846,0.5,5,0.3,39.0
Punjab,5,21.75,69.14,5012.83,99826603,0.3,7,0.425,53.98
Punjab,4,37.35,98.33,8193.71,114319611,0.3,7,0.425,66.16
Punjab,7,164.92,425.58,24544.24,112368906,0.3,7,0.425,100.0
KPK,10,24.17,83.22,5390.61,38161661,0.6,6,0.35,39.65
Khyber Pakhtunkhwa,8,162.17,660.03,18441.6,35446116,0.6,6,0.35,100.0
Gilgit-Baltistan,1,26.09,75.55,3352.74,1951335,0.9,3,0.2,35.59
Gilgit-Baltistan,9,32.92,66.37,3270.07,1658375,0.9,3,0.2,31.59
KPK,8,186.94,580.88,24811.68,36163969,0.6,6,0.35,100.0
KPK,10,10.32,31.17,2960.08,37106203,0.6,6,0.35,23.91
Sindh,4,13.15,27.93,5434.25,49164152,0.2,8,0.475,56.33
Azad Kashmir,9,19.04,43.32,2009.44,3875808,0.7,4,0.275,23.43
Gilgit-Baltistan,12,19.82,49.96,2432.41,1635442,0.9,3,0.2,16.99
Khyber Pakhtunkhwa,3,50.61,133.44,5080.15,37851086,0.6,6,0.35,47.64
Balochistan,6,32.84,112.8,5799.83,11486888,0.5,5,0.3,46.1
Gilgit-Baltistan,11,15.44,33.54,2309.04,1897210,0.9,3,0.2,21.47
Gilgit-Baltistan,8,21.88,54.93,2047.73,1946143,0.9,3,0.2,25.19
Khyber Pakhtunkhwa,6,30.52,84.63,5562.6,32500473,0.6,6,0.35,49.46
Punjab,5,14.87,30.04,3897.84,100614448,0.3,7,0.425,38.17
Khyber Pakhtunkhwa,9,18.96,44.14,2720.0,37031283,0.6,6,0.35,28.03
Balochistan,9,17.11,53.43,4130.6,11192427,0.5,5,0.3,42.0
Khyber Pakhtunkhwa,9,20.88,72.77,3733.85,37934989,0.6,6,0.35,38.05
Gilgit-Baltistan,9,14.99,33.45,2513.93,1957801,0.9,3,0.2,18.34
Balochistan,6,12.9,34.05,2890.44,12502609,0.5,5,0.3,34.95
KPK,6,29.69,87.9,5815.01,36480577,0.6,6,0.35,49.47
Sindh,2,35.17,104.83,6278.27,47640639,0.2,8,0.475,54.12
Azad Kashmir,6,28.24,63.85,3746.37,4329759,0.7,4,0.275,25.95
Punjab,9,140.86,502.39,21529.57,99915271,0.3,7,0.425,100.0
Balochistan,8,158.62,443.86,18631.7,13257642,0.5,5,0.3,100.0
Sindh,6,43.44,109.15,7731.85,44483294,0.2,8,0.475,62.96
Azad Kashmir,1,10.46,28.19,2327.14,4223469,0.7,4,0.275,22.47
Sindh,3,21.49,69.39,5959.21,47753822,0.2,8,0.475,53.99
KPK,2,12.8,31.4,4097.49,32071751,0.6,6,0.35,30.31
Sindh,11,32.09,92.04,7032.37,43194520,0.2,8,0.475,48.98
Khyber Pakhtunkhwa,2,9.42,32.65,2217.96,38327369,0.6,6,0.35,30.36
Balochistan,3,11.18,31.01,2440.31,11750608,0.5,5,0.3,22.91
Balochistan,1,14.16,35.01,2959.89,11675743,0.5,5,0.3,28.69
Azad Kashmir,2,5.18,12.45,1906.97,4305790,0.7,4,0.275,18.04
Gilgit-Baltistan,8,18.9,46.28,2843.68,1661540,0.9,3,0.2,30.49
Azad Kashmir,12,41.18,95.78,5906.14,4273340,0.7,4,0.275,44.47
Sindh,3,26.27,58.29,6171.65,49324755,0.2,8,0.475,46.45
Azad Kashmir,2,39.59,89.31,2996.07,3748459,0.7,4,0.275,35.99
Punjab,4,26.79,82.38,4213.76,116366351,0.3,7,0.425,46.02
Azad Kashmir,7,241.68,1005.12,17151.51,4245743,0.7,4,0.275,100.0
Khyber Pakhtunkhwa,5,10.07,29.86,4156.78,32035265,0.6,6,0.35,32.0
Gilgit-Baltistan,9,31.85,86.23,2430.76,1640170,0.9,3,0.2,27.51
Gilgit-Baltistan,11,22.1,48.66,2975.14,1942027,0.9,3,0.2,21.85
Punjab,8,234.51,704.04,36000.0,117755233,0.3,7,0.425,100.0
Gilgit-Baltistan,9,37.49,82.03,2349.36,1863625,0.9,3,0.2,28.01
Azad Kashmir,7,239.38,803.1,14658.88,3946981,0.7,4,0.275,100.0
Balochistan,7,122.04,378.66,8979.66,11416415,0.5,5,0.3,100.0
Balochistan,10,32.27,109.36,4104.2,12198472,0.5,5,0.3,42.68
Azad Kashmir,2,25.03,77.79,3004.95,3613514,0.7,4,0.275,36.41
Khyber Pakhtunkhwa,4,14.34,40.25,2531.19,38525177,0.6,6,0.35,38.95
Khyber Pakhtunkhwa,9,36.04,117.34,4831.27,33275455,0.6,6,0.35,39.92
Azad Kashmir,10,12.25,42.33,2229.32,3988627,0.7,4,0.275,27.12
Khyber Pakhtunkhwa,7,192.8,621.87,13828.67,35656876,0.6,6,0.35,100.0
KPK,9,14.73,44.77,3874.26,37656660,0.6,6,0.35,28.52
Sindh,2,43.71,115.91,7764.15,50392769,0.2,8,0.475,66.08
Khyber Pakhtunkhwa,2,8.06,23.14,3517.6,37534952,0.6,6,0.35,28.32
Balochistan,5,29.23,89.29,3800.31,13265987,0.5,5,0.3,34.04
Khyber Pakhtunkhwa,6,17.45,40.48,3409.14,34208343,0.6,6,0.35,36.11
Balochistan,10,12.66,29.01,2644.56,12015474,0.5,5,0.3,36.53
Khyber Pakhtunkhwa,7,228.47,884.72,17507.43,37763713,0.6,6,0.35,100.0
Sindh,5,18.62,49.45,3740.94,52178799,0.2,8,0.475,55.25
Azad Kashmir,9,20.34,46.42,2728.28,3916897,0.7,4,0.275,29.17
Balochistan,8,84.67,246.41,9705.11,13059961,0.5,5,0.3,89.48
Sindh,4,31.99,77.93,8603.71,46231503,0.2,8,0.475,56.67
KPK,1,15.75,48.94,4667.07,38489309,0.6,6,0.35,42.19
Azad Kashmir,4,17.2,45.55,2195.12,4002025,0.7,4,0.275,26.04
Gilgit-Baltistan,2,28.14,85.3,2479.71,1706799,0.9,3,0.2,28.51
Azad Kashmir,1,60.65,124.8,5368.06,4138791,0.7,4,0.275,50.13
Balochistan,6,29.64,76.55,4116.03,12961087,0.5,5,0.3,41.21
Azad Kashmir,3,17.44,43.57,2743.16,4082275,0.7,4,0.275,24.56
Sindh,7,68.34,247.23,12506.16,45076141,0.2,8,0.475,100.0
Gilgit-Baltistan,9,21.04,53.89,2707.53,1782981,0.9,3,0.2,27.16
Khyber Pakhtunkhwa,5,22.12,62.46,3350.11,35832754,0.6,6,0.35,39.57
Balochistan,11,14.23,31.73,3609.38,11557014,0.5,5,0.3,33.08
KPK,4,41.9,125.99,7907.38,37414422,0.6,6,0.35,54.51
Khyber Pakhtunkhwa,3,37.49,114.24,5181.5,33236933,0.6,6,0.35,48.97
Punjab,2,18.49,54.9,3884.81,119160032,0.3,7,0.425,39.1
Balochistan,11,37.62,124.25,4678.45,12385262,0.5,5,0.3,47.27
Khyber Pakhtunkhwa,3,26.91,59.62,4283.07,34471172,0.6,6,0.35,35.27
Azad Kashmir,6,30.48,82.53,4482.32,3712031,0.7,4,0.275,39.49
Khyber Pakhtunkhwa,7,121.38,325.81,10690.13,32660128,0.6,6,0.35,99.82
Punjab,1,19.41,45.39,5027.51,99616117,0.3,7,0.425,47.2
Azad Kashmir,10,9.23,23.89,2633.71,3975911,0.7,4,0.275,24.88
KPK,4,23.05,65.8,4587.76,34545254,0.6,6,0.35,33.8
Gilgit-Baltistan,6,186.55,822.94,15734.89,1923792,0.9,3,0.2,100.0
Gilgit-Baltistan,11,25.75,56.45,2439.02,1820930,0.9,3,0.2,22.44
Khyber Pakhtunkhwa,6,16.98,57.44,3626.43,38085222,0.6,6,0.35,31.93
Punjab,5,7.38,19.65,3129.96,103912931,0.3,7,0.425,34.39
KPK,2,40.01,138.03,5521.33,36572336,0.6,6,0.35,52.97
Gilgit-Baltistan,5,14.33,31.12,1446.54,1952115,0.9,3,0.2,13.99
Khyber Pakhtunkhwa,8,217.71,636.13,22077.18,36781939,0.6,6,0.35,100.0
Sindh,1,9.75,27.25,4037.57,47834813,0.2,8,0.475,45.63
Punjab,3,19.87,42.98,5448.16,105713483,0.3,7,0.425,41.81
Azad Kashmir,10,13.47,28.53,1938.72,3740686,0.7,4,0.275,28.85
Khyber Pakhtunkhwa,7,143.86,506.62,13152.21,35867653,0.6,6,0.35,100.0
Azad Kashmir,5,15.18,39.0,3359.66,4330286,0.7,4,0.275,27.4
KPK,7,333.96,963.12,32205.08,34798625,0.6,6,0.35,100.0
Sindh,7,166.28,593.78,31143.96,43667087,0.2,8,0.475,100.0
Balochistan,8,144.14,544.57,13403.5,13459941,0.5,5,0.3,100.0
Punjab,8,83.25,272.89,16351.59,120483158,0.3,7,0.425,100.0
Khyber Pakhtunkhwa,10,44.05,116.02,4315.8,37698848,0.6,6,0.35,44.44
Sindh,11,13.05,44.18,5580.51,44841833,0.2,8,0.475,49.36
Sindh,10,41.99,113.34,8771.88,45964432,0.2,8,0.475,72.69
Gilgit-Baltistan,6,211.68,933.19,18210.41,1703975,0.9,3,0.2,100.0
Gilgit-Baltistan,1,54.93,186.99,5277.59,1951308,0.9,3,0.2,40.69
Khyber Pakhtunkhwa,1,52.47,161.33,9415.55,34424391,0.6,6,0.35,65.42
Gilgit-Baltistan,6,259.05,1114.13,13796.62,1845178,0.9,3,0.2,100.0
Azad Kashmir,11,18.93,56.44,2221.19,4082881,0.7,4,0.275,28.54
Punjab,10,20.74,65.04,5317.96,116220185,0.3,7,0.425,46.55
KPK,10,19.14,66.29,4028.99,32359263,0.6,6,0.35,31.04
Sindh,5,51.74,106.06,7363.87,47609231,0.2,8,0.475,69.01
KPK,7,90.18,355.28,13967.05,34754787,0.6,6,0.35,100.0
Punjab,3,16.6,36.63,4850.12,120541882,0.3,7,0.425,52.8
Gilgit-Baltistan,1,27.87,75.72,2983.08,1825900,0.9,3,0.2,22.02
Sindh,8,116.47,473.43,14819.28,47646645,0.2,8,0.475,100.0
Gilgit-Baltistan,5,25.32,82.16,2103.6,1939999,0.9,3,0.2,22.95
KPK,9,33.68,103.57,3667.26,34601994,0.6,6,0.35,47.78
Balochistan,1,9.81,23.84,2145.35,12051437,0.5,5,0.3,28.22
Sindh,3,39.23,89.98,9621.82,45510472,0.2,8,0.475,74.71
Azad Kashmir,10,16.59,34.42,2901.3,3616599,0.7,4,0.275,22.51
Khyber Pakhtunkhwa,3,15.71,39.0,4000.73,33482651,0.6,6,0.35,30.56
Balochistan,7,141.03,596.42,12540.96,12583025,0.5,5,0.3,100.0
Khyber Pakhtunkhwa,6,37.68,120.43,3966.28,36924670,0.6,6,0.35,46.42
Sindh,4,34.45,70.69,6009.61,52300372,0.2,8,0.475,63.44
Khyber Pakhtunkhwa,10,15.8,52.78,3050.05,33296498,0.6,6,0.35,33.8
Azad Kashmir,10,21.52,72.38,4000.54,4200477,0.7,4,0.275,35.63
Punjab,7,279.29,1012.9,25957.3,113359915,0.3,7,0.425,100.0
Punjab,6,20.65,62.14,4946.9,100964183,0.3,7,0.425,46.24
Punjab,9,195.89,766.16,24366.72,115535877,0.3,7,0.425,100.0
Gilgit-Baltistan,7,111.83,374.88,9294.89,1704542,0.9,3,0.2,91.61
Gilgit-Baltistan,3,35.3,82.85,3083.67,1903245,0.9,3,0.2,30.3
Gilgit-Baltistan,8,11.12,33.76,1880.89,1723883,0.9,3,0.2,14.92
Azad Kashmir,4,33.82,107.72,3464.39,3913798,0.7,4,0.275,40.29
Azad Kashmir,3,5.65,15.92,2727.91,4393438,0.7,4,0.275,22.97
Punjab,8,170.89,656.48,25934.24,104361776,0.3,7,0.425,100.0
Punjab,8,176.01,590.44,27379.72,109348967,0.3,7,0.425,100.0
Sindh,4,28.12,77.11,5054.66,52008232,0.2,8,0.475,55.26
KPK,10,8.26,27.33,3132.48,38186182,0.6,6,0.35,30.86
Khyber Pakhtunkhwa,2,11.51,38.76,3085.37,36450494,0.6,6,0.35,31.25
Balochistan,6,14.5,29.28,3107.57,11231042,0.5,5,0.3,32.75
Gilgit-Baltistan,9,13.84,41.32,1935.61,1909425,0.9,3,0.2,18.38
Khyber Pakhtunkhwa,10,52.35,142.15,9076.13,37044062,0.6,6,0.35,63.85
Sindh,2,20.58,54.38,5562.61,45730937,0.2,8,0.475,52.79
Punjab,2,41.3,103.46,7594.55,109964171,0.3,7,0.425,60.79
Balochistan,12,7.27,21.45,1910.85,12066087,0.5,5,0.3,25.62
Azad Kashmir,12,28.87,98.41,4726.55,4256500,0.7,4,0.275,38.04
Khyber Pakhtunkhwa,5,33.71,80.16,4716.83,38930452,0.6,6,0.35,40.2
Balochistan,1,10.5,26.95,3021.11,13081282,0.5,5,0.3,26.31
Gilgit-Baltistan,2,13.29,34.6,2117.89,1809715,0.9,3,0.2,28.2
Balochistan,8,187.84,691.41,13864.78,13495077,0.5,5,0.3,100.0
Azad Kashmir,11,17.06,54.19,2530.03,4122833,0.7,4,0.275,24.5
Punjab,11,49.22,99.31,7527.12,114345481,0.3,7,0.425,68.27
Sindh,10,10.55,29.8,3076.29,52145502,0.2,8,0.475,34.42
Balochistan,12,13.41,28.25,3338.19,11245281,0.5,5,0.3,36.8
Azad Kashmir,11,18.92,44.02,3504.22,4227435,0.7,4,0.275,27.83
Azad Kashmir,11,58.22,181.99,7795.09,3878945,0.7,4,0.275,55.65
Gilgit-Baltistan,10,51.85,115.08,4564.1,1773223,0.9,3,0.2,40.43
Azad Kashmir,8,167.5,741.28,12217.6,4388618,0.7,4,0.275,100.0
KPK,4,31.55,104.95,5796.87,36911745,0.6,6,0.35,46.26
Gilgit-Baltistan,7,321.27,856.79,20610.63,1637213,0.9,3,0.2,100.0
Sindh,8,131.87,578.27,22349.29,44190023,0.2,8,0.475,100.0
Punjab,10,12.33,39.26,3651.04,104634356,0.3,7,0.425,46.0
Azad Kashmir,8,104.89,308.52,9957.86,4296287,0.7,4,0.275,96.63
Gilgit-Baltistan,3,34.71,78.69,3310.74,1629853,0.9,3,0.2,24.73
Azad Kashmir,12,27.95,83.74,4746.92,4181247,0.7,4,0.275,30.97
Azad Kashmir,2,25.87,65.88,3848.67,4289342,0.7,4,0.275,33.18
Azad Kashmir,5,30.48,69.28,2916.87,4290240,0.7,4,0.275,34.67
KPK,1,33.0,83.2,5006.28,37291113,0.6,6,0.35,39.54
Khyber Pakhtunkhwa,4,16.49,40.37,2513.09,32181472,0.6,6,0.35,25.07
Sindh,1,66.14,157.32,9921.32,44439320,0.2,8,0.475,84.49
Punjab,5,25.32,80.91,4059.9,103010893,0.3,7,0.425,45.45
KPK,12,21.59,71.46,4144.17,33108876,0.6,6,0.35,38.23
Gilgit-Baltistan,10,11.85,34.87,2360.19,1907054,0.9,3,0.2,12.54
Azad Kashmir,12,12.78,33.55,1974.22,3730764,0.7,4,0.275,20.21
Balochistan,7,344.96,1300.0,30038.23,11376124,0.5,5,0.3,100.0
KPK,8,108.21,405.96,12957.54,32964080,0.6,6,0.35,100.0
Balochistan,1,18.03,48.54,2235.41,11906013,0.5,5,0.3,33.26
Azad Kashmir,6,15.05,30.95,2319.69,3930949,0.7,4,0.275,25.07
Balochistan,5,15.16,33.4,2487.38,13464827,0.5,5,0.3,29.64
Balochistan,4,51.12,128.08,4207.48,11763022,0.5,5,0.3,49.88
Punjab,6,23.57,50.11,4064.15,100775912,0.3,7,0.425,41.57
KPK,12,18.64,43.47,3636.53,37404380,0.6,6,0.35,36.54
Sindh,12,33.11,85.44,4766.84,46967878,0.2,8,0.475,46.92
Punjab,5,14.59,47.77,3931.3,104285402,0.3,7,0.425,37.02
Balochistan,1,21.66,66.57,3663.26,12350675,0.5,5,0.3,42.6
Sindh,5,14.24,40.72,5424.21,50247868,0.2,8,0.475,50.69
Khyber Pakhtunkhwa,4,12.27,33.23,2329.41,35656543,0.6,6,0.35,29.05
KPK,1,44.56,116.69,5034.86,37860836,0.6,6,0.35,52.25
Gilgit-Baltistan,6,313.1,1289.34,19973.67,1872971,0.9,3,0.2,100.0
Gilgit-Baltistan,11,22.96,75.73,2371.24,1890112,0.9,3,0.2,22.72
Sindh,2,35.78,77.44,8853.22,43449798,0.2,8,0.475,63.33
Gilgit-Baltistan,5,35.15,100.2,3614.03,1892730,0.9,3,0.2,26.2
Gilgit-Baltistan,9,44.03,111.44,4581.01,1776420,0.9,3,0.2,39.61
KPK,12,10.24,21.3,3424.22,32475321,0.6,6,0.35,29.87
Gilgit-Baltistan,7,67.76,253.52,6441.73,1746501,0.9,3,0.2,72.33
Khyber Pakhtunkhwa,8,152.79,684.73,21945.98,37892269,0.6,6,0.35,100.0
Balochistan,2,21.48,62.13,4010.81,12036625,0.5,5,0.3,40.53
KPK,11,20.36,66.76,4539.35,32267883,0.6,6,0.35,40.42
Azad Kashmir,1,31.74,100.55,4678.93,4160589,0.7,4,0.275,35.4
Punjab,7,173.43,565.05,29096.84,104487927,0.3,7,0.425,100.0
Sindh,12,20.02,56.16,6219.52,45094798,0.2,8,0.475,54.01
Azad Kashmir,10,10.62,23.01,2722.5,3844927,0.7,4,0.275,29.12
Punjab,8,184.64,625.76,16354.6,101928233,0.3,7,0.425,100.0
Punjab,9,148.38,426.24,24378.34,114525128,0.3,7,0.425,100.0
Azad Kashmir,11,19.81,56.07,3441.15,3861456,0.7,4,0.275,30.45
KPK,10,44.66,118.77,6752.82,32307577,0.6,6,0.35,52.05
Balochistan,8,77.53,326.57,11309.14,12176167,0.5,5,0.3,100.0
Gilgit-Baltistan,12,31.83,95.69,3216.99,1821384,0.9,3,0.2,26.25
Sindh,5,17.63,44.47,5347.35,51450657,0.2,8,0.475,50.61
Punjab,8,266.43,720.17,31294.81,108417051,0.3,7,0.425,100.0
KPK,10,20.77,66.6,5158.9,34503420,0.6,6,0.35,42.04
Sindh,9,108.31,466.37,13446.13,50990746,0.2,8,0.475,100.0
Punjab,6,27.79,94.44,5737.64,115157840,0.3,7,0.425,48.09
Punjab,2,10.88,28.94,3560.09,113796478,0.3,7,0.425,42.34
Balochistan,10,9.21,19.13,3373.59,12881930,0.5,5,0.3,23.3
Khyber Pakhtunkhwa,9,22.86,66.28,3387.3,37503577,0.6,6,0.35,42.99
Gilgit-Baltistan,5,22.87,55.06,2759.22,1649783,0.9,3,0.2,28.44
Balochistan,11,28.39,87.24,4686.53,12512504,0.5,5,0.3,45.67
Balochistan,6,18.03,43.06,2832.99,11651167,0.5,5,0.3,29.6
Khyber Pakhtunkhwa,11,10.2,20.39,2347.93,38216589,0.6,6,0.35,32.61
Azad Kashmir,6,29.07,95.69,4804.8,3850407,0.7,4,0.275,35.98
Gilgit-Baltistan,5,11.26,38.56,2253.24,1689123,0.9,3,0.2,18.98
KPK,9,19.82,65.32,4646.05,32112661,0.6,6,0.35,39.23
Khyber Pakhtunkhwa,9,31.97,78.44,6234.7,37382704,0.6,6,0.35,47.28
Gilgit-Baltistan,11,30.23,84.14,2543.79,1625773,0.9,3,0.2,30.1
Balochistan,10,14.4,41.42,2705.28,13144966,0.5,5,0.3,33.03
Azad Kashmir,12,21.4,55.32,3529.97,3803487,0.7,4,0.275,29.88
Gilgit-Baltistan,3,20.85,54.85,1673.25,1692698,0.9,3,0.2,18.26
Sindh,11,11.24,31.36,4405.92,51474865,0.2,8,0.475,40.05
Khyber Pakhtunkhwa,6,36.5,106.77,4321.55,34882685,0.6,6,0.35,32.43
Balochistan,4,10.03,30.6,1807.47,11901700,0.5,5,0.3,29.64
Khyber Pakhtunkhwa,8,127.17,468.11,11396.42,33698053,0.6,6,0.35,100.0
Balochistan,1,12.64,43.4,3455.56,12066931,0.5,5,0.3,21.97
Gilgit-Baltistan,4,17.19,49.81,2070.94,1834905,0.9,3,0.2,24.86
Sindh,12,13.48,45.95,5470.85,51974784,0.2,8,0.475,46.12
Azad Kashmir,4,18.35,45.71,2238.83,3654757,0.7,4,0.275,21.92
Khyber Pakhtunkhwa,11,13.82,28.09,3959.3,32481056,0.6,6,0.35,30.61
Khyber Pakhtunkhwa,3,36.18,81.57,5920.18,33543811,0.6,6,0.35,47.0
KPK,3,18.13,47.16,2736.63,37406350,0.6,6,0.35,33.39
Khyber Pakhtunkhwa,11,43.07,109.0,6827.9,34087004,0.6,6,0.35,49.85
Khyber Pakhtunkhwa,12,19.78,57.88,5213.41,34155999,0.6,6,0.35,42.4
KPK,3,17.08,46.78,3394.86,35293793,0.6,6,0.35,33.18
Balochistan,4,42.56,107.52,4091.22,11356498,0.5,5,0.3,43.67
Punjab,3,30.66,88.09,5001.98,108821795,0.3,7,0.425,45.78
KPK,12,13.72,38.81,4451.88,38490144,0.6,6,0.35,40.33
Punjab,1,19.5,67.49,4881.42,107659109,0.3,7,0.425,41.04
Punjab,9,122.35,395.98,17012.57,117662473,0.3,7,0.425,100.0
Gilgit-Baltistan,7,159.93,708.08,14399.28,1740999,0.9,3,0.2,100.0
Gilgit-Baltistan,12,50.66,159.32,4618.64,1803500,0.9,3,0.2,50.45
Khyber Pakhtunkhwa,2,30.59,104.93,4005.13,33521716,0.6,6,0.35,39.58
Balochistan,9,14.33,34.45,3582.44,11086217,0.5,5,0.3,34.88
Punjab,11,10.22,33.5,4177.8,113073445,0.3,7,0.425,41.99
Khyber Pakhtunkhwa,4,64.78,198.05,7055.25,32360140,0.6,6,0.35,60.57
Punjab,11,6.43,14.68,3269.45,118550709,0.3,7,0.425,26.68
KPK,4,11.34,26.31,3313.16,36901451,0.6,6,0.35,26.72
Balochistan,7,247.76,858.9,23602.55,12279813,0.5,5,0.3,100.0
Khyber Pakhtunkhwa,12,47.45,129.72,4694.53,34758884,0.6,6,0.35,53.77
Punjab,4,26.29,78.15,4816.55,117597372,0.3,7,0.425,44.46
Sindh,6,16.7,34.17,3291.36,46899102,0.2,8,0.475,44.99
Khyber Pakhtunkhwa,5,13.77,32.0,2300.65,37307230,0.6,6,0.35,33.74
Punjab,2,19.65,57.79,6151.25,114803924,0.3,7,0.425,53.24
Gilgit-Baltistan,12,32.4,85.37,3113.84,1742981,0.9,3,0.2,28.61
Sindh,4,11.15,37.11,3754.05,45445311,0.2,8,0.475,45.76
Azad Kashmir,1,7.08,22.46,1766.23,4226096,0.7,4,0.275,26.78
Punjab,6,32.98,76.17,5952.88,110313323,0.3,7,0.425,55.03
Punjab,6,12.74,35.07,3232.94,115060241,0.3,7,0.425,41.02
Gilgit-Baltistan,3,35.57,85.33,2809.62,1869147,0.9,3,0.2,27.2
Azad Kashmir,10,37.48,120.75,3103.53,3638187,0.7,4,0.275,37.89
KPK,4,38.65,114.32,7112.25,38460582,0.6,6,0.35,64.92
Azad Kashmir,2,28.56,65.57,2637.55,3660346,0.7,4,0.275,30.39
Punjab,12,43.4,139.3,6358.99,107200559,0.3,7,0.425,59.3
Balochistan,7,326.22,914.09,31034.63,12245925,0.5,5,0.3,100.0
Balochistan,1,41.53,103.2,5909.69,12742413,0.5,5,0.3,41.46
Khyber Pakhtunkhwa,4,29.77,102.89,6714.55,32874580,0.6,6,0.35,47.99
Gilgit-Baltistan,4,11.53,35.22,1468.85,1750796,0.9,3,0.2,20.13
Balochistan,9,15.65,43.36,3466.11,11255110,0.5,5,0.3,29.64
Gilgit-Baltistan,7,135.41,350.86,10170.42,1814676,0.9,3,0.2,100.0
KPK,12,32.14,80.77,3901.91,35867852,0.6,6,0.35,40.58
Punjab,6,29.43,87.45,5579.56,110673831,0.3,7,0.425,59.18
Sindh,6,25.85,78.24,8094.05,47217100,0.2,8,0.475,59.63
Gilgit-Baltistan,11,29.92,65.72,2844.45,1862010,0.9,3,0.2,28.89
Gilgit-Baltistan,7,187.06,798.66,12830.17,1961450,0.9,3,0.2,100.0
Sindh,9,125.26,485.39,13964.36,51032754,0.2,8,0.475,100.0
Gilgit-Baltistan,5,8.67,22.27,1842.13,1912734,0.9,3,0.2,12.96
Khyber Pakhtunkhwa,7,158.09,400.27,19659.19,35649115,0.6,6,0.35,100.0
Punjab,1,23.38,75.26,6224.92,112001999,0.3,7,0.425,42.09
Punjab,7,238.81,706.93,31359.81,110502205,0.3,7,0.425,100.0
Azad Kashmir,2,45.17,148.79,4377.89,3725647,0.7,4,0.275,35.68
Sindh,1,12.61,26.39,5557.76,43473558,0.2,8,0.475,48.6
Khyber Pakhtunkhwa,11,18.17,38.29,4649.72,37387361,0.6,6,0.35,39.24
Khyber Pakhtunkhwa,10,11.33,37.93,3306.86,36836419,0.6,6,0.35,29.97
Khyber Pakhtunkhwa,1,16.57,45.01,3369.31,34567940,0.6,6,0.35,32.7
Punjab,11,18.22,48.56,6010.92,101962496,0.3,7,0.425,50.85
Azad Kashmir,9,41.97,133.32,6041.08,4171666,0.7,4,0.275,40.05
Punjab,12,24.68,52.29,5130.52,114359468,0.3,7,0.425,42.42
Punjab,7,357.15,1053.01,36000.0,111974227,0.3,7,0.425,100.0
Balochistan,11,17.91,49.1,2923.48,11854380,0.5,5,0.3,31.25
KPK,10,26.9,86.51,4206.17,33181580,0.6,6,0.35,42.39
Balochistan,7,79.57,204.08,5680.52,13150282,0.5,5,0.3,77.44
KPK,2,26.8,80.89,5884.97,35140286,0.6,6,0.35,36.6
Sindh,10,19.05,60.88,5819.03,44219869,0.2,8,0.475,49.41
Azad Kashmir,4,20.53,64.37,2569.45,3866076,0.7,4,0.275,30.05
Balochistan,4,8.78,24.75,3139.34,11814702,0.5,5,0.3,31.71
Sindh,6,28.06,86.31,8177.44,49251185,0.2,8,0.475,57.12
Azad Kashmir,5,19.68,44.7,2203.01,3800880,0.7,4,0.275,30.65
Gilgit-Baltistan,12,11.46,24.38,1762.09,1955860,0.9,3,0.2,15.82
KPK,1,15.91,53.87,2515.71,36052888,0.6,6,0.35,33.01
Balochistan,4,29.79,83.7,3636.74,12145700,0.5,5,0.3,44.65
KPK,9,30.42,98.32,3535.65,38738776,0.6,6,0.35,33.07
Punjab,2,15.1,44.81,4355.1,112887989,0.3,7,0.425,41.26
KPK,7,144.83,626.42,20336.41,37833734,0.6,6,0.35,100.0
Khyber Pakhtunkhwa,2,42.48,110.35,4275.88,34014004,0.6,6,0.35,38.39
Balochistan,6,19.66,62.58,3946.98,11862445,0.5,5,0.3,39.22
Azad Kashmir,5,11.04,26.1,3272.01,4361699,0.7,4,0.275,34.21
Balochistan,5,30.58,105.13,4709.27,12635304,0.5,5,0.3,44.81
Balochistan,3,30.59,67.93,4089.12,12191089,0.5,5,0.3,37.07
Gilgit-Baltistan,11,38.87,94.91,3266.6,1848253,0.9,3,0.2,34.51
Sindh,8,186.75,829.9,36000.0,45704571,0.2,8,0.475,100.0
Azad Kashmir,7,107.99,425.44,9890.33,3850059,0.7,4,0.275,100.0
Punjab,3,26.19,64.36,4407.6,103684370,0.3,7,0.425,49.02
Khyber Pakhtunkhwa,4,8.5,22.17,2169.25,35734607,0.6,6,0.35,27.73
Punjab,12,20.1,59.23,6402.21,107301666,0.3,7,0.425,54.2
Punjab,1,18.69,54.82,3418.02,114281690,0.3,7,0.425,37.75
KPK,10,14.31,33.79,2722.77,37922706,0.6,6,0.35,31.71
Punjab,7,115.2,496.08,16349.49,116834785,0.3,7,0.425,100.0
Sindh,3,25.7,55.95,6763.11,48446125,0.2,8,0.475,49.27
Gilgit-Baltistan,9,21.22,66.01,1998.02,1871500,0.9,3,0.2,26.34
Azad Kashmir,10,19.5,48.8,3189.95,4225906,0.7,4,0.275,32.3
Sindh,4,32.3,96.41,8431.54,49223376,0.2,8,0.475,63.24
Khyber Pakhtunkhwa,8,143.73,601.65,18287.38,34593118,0.6,6,0.35,100.0
KPK,7,111.47,363.31,11576.76,34731411,0.6,6,0.35,100.0
Gilgit-Baltistan,11,34.93,121.59,2769.66,1841496,0.9,3,0.2,29.39
KPK,5,6.7,13.77,3328.89,32860611,0.6,6,0.35,28.18
KPK,10,13.4,28.0,2574.0,37600411,0.6,6,0.35,36.91
KPK,12,44.17,136.4,6300.28,36270286,0.6,6,0.35,51.72
Punjab,11,26.18,82.61,7031.61,119784209,0.3,7,0.425,53.87
Khyber Pakhtunkhwa,2,51.54,130.01,7637.54,33493703,0.6,6,0.35,61.37
Balochistan,1,6.65,20.47,2608.61,12778188,0.5,5,0.3,30.33
Balochistan,9,15.72,46.4,2319.09,12991366,0.5,5,0.3,33.78
Khyber Pakhtunkhwa,1,44.66,144.16,6974.88,37037057,0.6,6,0.35,46.93
Sindh,11,12.5,28.03,3028.16,50128712,0.2,8,0.475,38.25
Khyber Pakhtunkhwa,10,16.29,48.19,3304.92,32786431,0.6,6,0.35,32.47
KPK,12,8.4,24.29,2265.14,37322799,0.6,6,0.35,30.24
Azad Kashmir,1,19.27,63.54,3973.87,4226938,0.7,4,0.275,33.8
Punjab,1,15.22,52.83,5079.5,115574305,0.3,7,0.425,48.15
Balochistan,3,34.67,101.28,4680.93,12002050,0.5,5,0.3,47.96
KPK,6,7.96,27.69,2683.5,36526510,0.6,6,0.35,30.41
Gilgit-Baltistan,7,179.21,701.5,8349.34,1892531,0.9,3,0.2,100.0
Punjab,11,24.75,64.57,5684.48,108654651,0.3,7,0.425,50.1
Punjab,12,25.99,56.17,4015.52,110276847,0.3,7,0.425,42.04
Balochistan,7,93.88,253.26,7924.07,12367713,0.5,5,0.3,87.37
Balochistan,10,23.49,68.76,2649.79,12213220,0.5,5,0.3,28.62
Gilgit-Baltistan,3,24.95,69.42,1919.7,1692899,0.9,3,0.2,22.59
Punjab,5,11.5,38.07,4010.88,106285881,0.3,7,0.425,44.53
Sindh,3,7.1,18.31,2774.32,44444550,0.2,8,0.475,30.96
KPK,4,23.58,64.13,5543.64,33657896,0.6,6,0.35,35.33
Punjab,10,47.74,107.86,9300.67,102080565,0.3,7,0.425,71.28
Balochistan,5,57.03,160.35,8090.59,12246954,0.5,5,0.3,63.46
KPK,10,23.88,54.56,4860.21,38733423,0.6,6,0.35,38.53
Azad Kashmir,2,31.19,92.47,3727.5,3994412,0.7,4,0.275,39.9
Azad Kashmir,1,21.64,47.52,3316.8,3671081,0.7,4,0.275,31.35
Gilgit-Baltistan,10,12.73,32.49,2114.47,1810447,0.9,3,0.2,19.76
Punjab,10,52.78,180.18,9114.2,102314481,0.3,7,0.425,81.46
Azad Kashmir,12,29.06,101.26,4166.25,3687105,0.7,4,0.275,38.24
Khyber Pakhtunkhwa,10,15.01,46.5,3170.68,33833800,0.6,6,0.35,39.8
KPK,7,69.0,282.2,7682.18,33077747,0.6,6,0.35,86.43
Azad Kashmir,1,18.74,59.3,2753.39,4126557,0.7,4,0.275,31.28
Sindh,2,14.22,49.49,5127.5,49170110,0.2,8,0.475,51.39
Sindh,8,170.44,709.17,22430.83,45227790,0.2,8,0.475,100.0
KPK,2,29.16,79.49,4693.68,36529242,0.6,6,0.35,40.32
Gilgit-Baltistan,7,225.21,771.06,14958.41,1784054,0.9,3,0.2,100.0
Punjab,3,40.02,100.74,5069.71,120082566,0.3,7,0.425,53.24
KPK,1,30.52,74.88,3984.74,35982022,0.6,6,0.35,38.46
Punjab,1,34.49,73.18,7809.9,109797759,0.3,7,0.425,54.94
Gilgit-Baltistan,7,153.11,651.72,8069.95,1894333,0.9,3,0.2,100.0
Sindh,10,35.36,100.86,8213.91,43928109,0.2,8,0.475,68.36
Gilgit-Baltistan,11,24.53,53.43,2567.79,1968881,0.9,3,0.2,16.82
KPK,7,73.52,186.4,10746.46,37694512,0.6,6,0.35,88.49
Gilgit-Baltistan,10,16.73,37.41,1918.39,1959353,0.9,3,0.2,28.02
Khyber Pakhtunkhwa,8,159.7,462.05,22136.55,33677295,0.6,6,0.35,100.0
Khyber Pakhtunkhwa,10,10.71,25.32,3339.8,38342877,0.6,6,0.35,25.94
Sindh,12,32.08,72.12,5058.74,48296893,0.2,8,0.475,51.87
Balochistan,12,66.06,197.33,6766.44,12741440,0.5,5,0.3,59.49
Gilgit-Baltistan,4,29.76,68.15,1886.81,1945222,0.9,3,0.2,28.85
Gilgit-Baltistan,7,231.47,1038.01,19275.06,1729581,0.9,3,0.2,100.0
Azad Kashmir,7,83.24,210.02,8696.28,4192042,0.7,4,0.275,80.14
Khyber Pakhtunkhwa,12,23.24,79.64,3531.99,38450881,0.6,6,0.35,41.98
Balochistan,5,15.39,43.61,3709.39,11702429,0.5,5,0.3,30.15
Khyber Pakhtunkhwa,2,22.98,80.23,4629.43,37803677,0.6,6,0.35,31.97
KPK,8,149.28,627.68,14293.87,38844567,0.6,6,0.35,100.0
Gilgit-Baltistan,3,17.64,55.72,2896.42,1959633,0.9,3,0.2,21.76
Gilgit-Baltistan,2,23.4,56.79,2031.11,1936529,0.9,3,0.2,24.78
Sindh,8,127.93,434.93,21697.76,50921614,0.2,8,0.475,100.0
Sindh,1,53.32,170.34,7663.18,51779706,0.2,8,0.475,70.93
Azad Kashmir,2,10.49,21.43,3075.32,3944600,0.7,4,0.275,20.29
Azad Kashmir,9,46.62,93.9,6160.94,3873129,0.7,4,0.275,45.39
Balochistan,8,144.3,603.83,17311.46,13510692,0.5,5,0.3,100.0
Gilgit-Baltistan,7,125.45,489.38,8026.24,1817177,0.9,3,0.2,96.89
Azad Kashmir,7,158.26,415.29,9115.74,3838795,0.7,4,0.275,100.0
Khyber Pakhtunkhwa,10,22.87,55.32,4801.65,36057885,0.6,6,0.35,39.19
Punjab,9,239.69,656.3,22159.73,106338179,0.3,7,0.425,100.0
KPK,11,32.27,110.11,5761.96,33003711,0.6,6,0.35,49.93
Punjab,6,46.78,136.71,8979.59,118406370,0.3,7,0.425,62.44
Gilgit-Baltistan,2,19.57,42.67,1631.2,1956550,0.9,3,0.2,13.16
Balochistan,4,12.44,41.32,2044.69,13384753,0.5,5,0.3,23.44
Sindh,9,86.0,223.41,12278.74,51288404,0.2,8,0.475,100.0
Punjab,8,380.0,1300.0,36000.0,109256202,0.3,7,0.425,100.0
Gilgit-Baltistan,5,18.31,57.43,2817.93,1878015,0.9,3,0.2,20.9
Azad Kashmir,1,24.08,68.76,3907.82,3856206,0.7,4,0.275,35.65
KPK,12,14.16,32.96,2379.96,35441595,0.6,6,0.35,26.84
KPK,6,13.29,32.66,2310.96,33007099,0.6,6,0.35,28.1
Sindh,7,139.61,558.87,17713.3,43541037,0.2,8,0.475,100.0
Punjab,8,97.37,276.56,8926.78,106058133,0.3,7,0.425,100.0
Sindh,3,46.41,144.43,10017.88,52083715,0.2,8,0.475,67.43
Balochistan,8,192.33,482.51,16737.86,13364683,0.5,5,0.3,100.0
Sindh,8,152.96,533.7,25184.78,47946732,0.2,8,0.475,100.0
Balochistan,5,21.98,52.13,2961.82,13476491,0.5,5,0.3,32.48
Azad Kashmir,3,51.56,123.59,4867.38,4074092,0.7,4,0.275,48.86
KPK,6,37.27,85.83,6391.41,34498035,0.6,6,0.35,48.69
Khyber Pakhtunkhwa,5,20.73,42.42,5018.59,32998870,0.6,6,0.35,42.77
Punjab,8,156.51,467.91,16000.89,103839937,0.3,7,0.425,100.0
Gilgit-Baltistan,8,31.68,99.81,3894.98,1871421,0.9,3,0.2,35.19
KPK,4,23.67,79.98,5810.98,35387387,0.6,6,0.35,44.91
Sindh,2,15.47,40.69,6163.02,46454562,0.2,8,0.475,43.8
Khyber Pakhtunkhwa,5,13.48,37.73,2356.42,38700971,0.6,6,0.35,30.55
Sindh,3,10.77,31.59,3205.29,46111680,0.2,8,0.475,42.22
Khyber Pakhtunkhwa,7,134.53,476.19,12783.0,32627154,0.6,6,0.35,100.0
Gilgit-Baltistan,7,204.72,910.02,16306.03,1839026,0.9,3,0.2,100.0
Gilgit-Baltistan,7,197.95,781.37,12791.68,1775496,0.9,3,0.2,100.0
Azad Kashmir,1,5.63,19.21,2856.11,3675982,0.7,4,0.275,23.48
Gilgit-Baltistan,8,66.74,165.43,3446.31,1626343,0.9,3,0.2,41.42
Balochistan,5,10.79,33.13,1855.2,11846832,0.5,5,0.3,26.09
KPK,6,41.64,125.89,5798.36,38933548,0.6,6,0.35,53.62
KPK,4,11.57,35.11,3420.1,35000564,0.6,6,0.35,33.2
Punjab,4,33.39,112.82,4641.53,107836770,0.3,7,0.425,54.56
Azad Kashmir,11,13.16,39.57,2192.22,3792258,0.7,4,0.275,27.17
Khyber Pakhtunkhwa,9,6.91,14.97,2700.47,36628099,0.6,6,0.35,27.26
Khyber Pakhtunkhwa,9,22.12,56.35,3341.43,35638078,0.6,6,0.35,33.47
KPK,10,8.21,19.23,1979.31,34402866,0.6,6,0.35,29.3
Khyber Pakhtunkhwa,1,7.89,18.25,3214.65,34537497,0.6,6,0.35,35.01
Sindh,7,143.39,365.78,22429.72,45638716,0.2,8,0.475,100.0
Balochistan,4,19.79,50.22,2287.57,11308394,0.5,5,0.3,30.26
Sindh,2,9.06,21.0,3149.04,43754050,0.2,8,0.475,41.37
Sindh,11,33.34,82.0,8099.25,46039169,0.2,8,0.475,62.11
Azad Kashmir,1,7.7,21.88,1709.42,4359981,0.7,4,0.275,20.57
Punjab,8,167.24,491.39,14992.97,111001754,0.3,7,0.425,100.0
Khyber Pakhtunkhwa,3,25.71,71.13,3171.22,33417293,0.6,6,0.35,32.97
Sindh,3,33.53,69.09,6940.86,44382192,0.2,8,0.475,57.44
Azad Kashmir,8,226.36,632.8,20565.07,4108909,0.7,4,0.275,100.0
Gilgit-Baltistan,4,24.67,67.99,2898.64,1792527,0.9,3,0.2,25.19
Azad Kashmir,2,29.1,99.0,4712.67,3644532,0.7,4,0.275,37.28
Sindh,5,16.68,52.88,4225.01,45571761,0.2,8,0.475,48.48
Khyber Pakhtunkhwa,6,21.47,54.8,4204.99,37234565,0.6,6,0.35,37.14
Sindh,11,28.86,72.58,8213.91,44254632,0.2,8,0.475,59.62
Balochistan,9,24.59,51.37,3223.29,12201648,0.5,5,0.3,39.27
Khyber Pakhtunkhwa,6,23.82,64.86,4812.67,35467707,0.6,6,0.35,40.92
Sindh,9,158.44,622.92,19191.6,43674344,0.2,8,0.475,100.0
Sindh,4,10.39,35.29,3535.18,50134637,0.2,8,0.475,43.68
Khyber Pakhtunkhwa,5,23.33,66.44,2902.77,33403319,0.6,6,0.35,33.71
KPK,3,39.3,91.8,5372.17,32764625,0.6,6,0.35,50.47
Khyber Pakhtunkhwa,1,33.99,101.33,4127.28,32400776,0.6,6,0.35,37.96
Khyber Pakhtunkhwa,3,50.9,108.08,7909.87,36156320,0.6,6,0.35,60.77
Khyber Pakhtunkhwa,12,11.1,22.69,2425.92,33447507,0.6,6,0.35,34.13
Sindh,1,27.83,93.4,8415.17,47270208,0.2,8,0.475,68.77
KPK,12,8.53,23.98,2987.2,32662232,0.6,6,0.35,34.65
Azad Kashmir,9,11.96,26.68,3315.33,3793631,0.7,4,0.275,36.28
Sindh,4,12.35,33.03,3450.01,48465282,0.2,8,0.475,38.92
Balochistan,7,133.81,468.18,9821.26,13052110,0.5,5,0.3,100.0
KPK,8,154.42,474.14,12509.68,37339293,0.6,6,0.35,100.0
Khyber Pakhtunkhwa,6,46.22,117.71,6752.45,35277173,0.6,6,0.35,56.14
KPK,3,40.66,99.61,4276.81,32754672,0.6,6,0.35,46.83
KPK,5,7.52,19.56,3180.34,38820402,0.6,6,0.35,27.17
Azad Kashmir,7,275.15,1111.54,24847.07,4031602,0.7,4,0.275,100.0
Balochistan,9,42.72,143.55,6558.71,11993233,0.5,5,0.3,43.86
Gilgit-Baltistan,6,172.82,591.08,11470.27,1924160,0.9,3,0.2,100.0
KPK,11,27.59,56.89,5879.33,32979443,0.6,6,0.35,45.96
Azad Kashmir,3,21.47,53.09,4039.48,3787263,0.7,4,0.275,34.45
KPK,1,37.36,122.65,4028.3,38211933,0.6,6,0.35,39.34
Sindh,10,29.69,94.12,7419.23,44229061,0.2,8,0.475,56.74
Balochistan,4,31.45,69.97,3666.44,11406812,0.5,5,0.3,41.97
Balochistan,6,22.96,70.6,4101.35,13157498,0.5,5,0.3,30.77
Sindh,7,123.95,404.29,17098.45,43688925,0.2,8,0.475,100.0
Balochistan,12,18.49,42.97,3834.77,11756389,0.5,5,0.3,41.61
Azad Kashmir,5,30.47,83.7,3748.99,3607202,0.7,4,0.275,28.6
Azad Kashmir,1,32.63,85.04,4703.94,4084727,0.7,4,0.275,39.17
KPK,11,24.38,50.4,4150.86,35400384,0.6,6,0.35,40.52
KPK,3,23.76,51.11,5133.97,34245572,0.6,6,0.35,42.54
Gilgit-Baltistan,10,35.82,106.97,3161.83,1630292,0.9,3,0.2,27.51
Gilgit-Baltistan,8,34.09,87.01,2409.74,1913473,0.9,3,0.2,24.84
Azad Kashmir,6,33.25,97.44,2813.33,3923673,0.7,4,0.275,38.02
Khyber Pakhtunkhwa,7,212.9,792.49,31244.75,38873866,0.6,6,0.35,100.0
Khyber Pakhtunkhwa,5,14.36,45.16,2649.98,37365630,0.6,6,0.35,33.75
Khyber Pakhtunkhwa,7,145.67,390.85,11190.62,32719949,0.6,6,0.35,100.0
KPK,4,20.56,62.89,4612.88,35610191,0.6,6,0.35,34.31
Gilgit-Baltistan,7,218.35,870.48,12764.23,1924919,0.9,3,0.2,100.0
Gilgit-Baltistan,12,17.24,55.6,2871.37,1785917,0.9,3,0.2,23.5
Sindh,3,20.46,69.19,7267.87,50762987,0.2,8,0.475,63.9
Azad Kashmir,3,26.46,77.38,4660.25,4000049,0.7,4,0.275,30.91
KPK,11,22.47,70.38,5526.53,37232356,0.6,6,0.35,39.87
KPK,5,34.36,92.71,3922.76,32366043,0.6,6,0.35,42.11
Punjab,3,14.2,44.84,3223.65,118952029,0.3,7,0.425,40.51
Balochistan,1,7.51,23.0,1728.24,11556302,0.5,5,0.3,21.89
Sindh,7,233.23,621.1,36000.0,47432242,0.2,8,0.475,100.0
Balochistan,4,13.72,42.73,3753.99,12671062,0.5,5,0.3,38.79
Sindh,12,24.68,76.62,8013.08,44210580,0.2,8,0.475,61.01
Punjab,9,91.27,242.94,9863.7,118185387,0.3,7,0.425,95.77
KPK,7,93.53,325.2,11848.83,38318719,0.6,6,0.35,100.0
Gilgit-Baltistan,11,6.0,20.35,1209.46,1968731,0.9,3,0.2,7.38
Sindh,4,27.26,88.42,8125.43,49266488,0.2,8,0.475,64.27
KPK,12,10.28,34.53,2212.18,34772361,0.6,6,0.35,29.54
Azad Kashmir,10,57.14,168.3,7704.92,4148541,0.7,4,0.275,60.36
Khyber Pakhtunkhwa,7,176.4,497.66,23797.49,34186967,0.6,6,0.35,100.0
KPK,4,23.39,57.33,4423.8,36203619,0.6,6,0.35,37.06
Khyber Pakhtunkhwa,1,18.46,58.31,3904.28,34150809,0.6,6,0.35,31.01
Sindh,3,40.75,117.9,10173.33,46493537,0.2,8,0.475,76.13
Azad Kashmir,10,9.35,22.46,2218.13,3651326,0.7,4,0.275,25.68
Gilgit-Baltistan,9,72.15,191.04,5739.37,1915704,0.9,3,0.2,52.19
Gilgit-Baltistan,12,37.49,81.52,3940.4,1696882,0.9,3,0.2,32.11
Azad Kashmir,10,11.81,36.67,2924.24,4034466,0.7,4,0.275,20.58
Khyber Pakhtunkhwa,11,16.44,55.09,3966.92,37223194,0.6,6,0.35,31.99
Gilgit-Baltistan,7,294.28,1062.57,11945.45,1807120,0.9,3,0.2,100.0
KPK,2,35.52,72.84,4918.02,36772003,0.6,6,0.35,40.75
Sindh,4,35.72,74.49,7968.06,48676135,0.2,8,0.475,62.03
Azad Kashmir,2,30.34,80.22,4631.46,3911069,0.7,4,0.275,40.54
Azad Kashmir,5,8.54,22.37,1810.79,3617612,0.7,4,0.275,23.69
Khyber Pakhtunkhwa,4,7.05,21.36,3244.11,34491571,0.6,6,0.35,41.23
Azad Kashmir,6,32.73,107.95,5078.17,3698553,0.7,4,0.275,44.69
Khyber Pakhtunkhwa,5,32.73,86.57,3718.85,34716126,0.6,6,0.35,45.61
Punjab,5,33.14,79.18,5642.86,116663060,0.3,7,0.425,52.78
Sindh,10,14.84,48.92,4291.36,46240579,0.2,8,0.475,46.3
Azad Kashmir,11,24.88,50.22,2848.62,3607377,0.7,4,0.275,34.09
Balochistan,11,21.38,46.2,2709.45,13496223,0.5,5,0.3,30.61
Khyber Pakhtunkhwa,4,19.67,55.72,5107.91,34320203,0.6,6,0.35,40.95
Balochistan,7,126.87,561.36,11380.74,13126051,0.5,5,0.3,100.0
Balochistan,1,14.34,31.88,1951.16,13456778,0.5,5,0.3,22.89
Punjab,2,17.94,41.95,3195.41,101066236,0.3,7,0.425,38.12
Azad Kashmir,7,149.73,528.69,11225.34,4126479,0.7,4,0.275,100.0
Azad Kashmir,7,265.09,920.93,20390.31,4364369,0.7,4,0.275,100.0
Sindh,12,16.79,54.44,6601.01,49197927,0.2,8,0.475,57.98
Balochistan,6,15.53,49.68,2383.94,11617069,0.5,5,0.3,31.27
Balochistan,4,32.52,84.92,5114.46,12133551,0.5,5,0.3,38.81
Sindh,12,17.28,39.17,6594.41,50323622,0.2,8,0.475,57.48
Azad Kashmir,2,21.31,66.45,3292.76,3636126,0.7,4,0.275,33.55
Punjab,2,39.43,87.75,6168.24,109210437,0.3,7,0.425,60.0
Balochistan,2,10.33,30.23,2293.24,11195391,0.5,5,0.3,30.47
Punjab,7,295.63,1265.41,31847.25,119303209,0.3,7,0.425,100.0
Azad Kashmir,1,27.96,63.64,3845.98,3641689,0.7,4,0.275,35.65
Sindh,6,10.73,26.35,3195.23,45492234,0.2,8,0.475,42.9
Sindh,2,40.05,122.1,6737.63,50095417,0.2,8,0.475,60.94
KPK,12,46.48,125.49,7986.76,34680544,0.6,6,0.35,64.02
Gilgit-Baltistan,11,11.76,26.87,2039.75,1876591,0.9,3,0.2,18.45
Balochistan,6,22.55,49.75,4565.43,12206132,0.5,5,0.3,44.49
Balochistan,4,30.02,94.92,2929.8,12365236,0.5,5,0.3,37.78
Khyber Pakhtunkhwa,6,17.29,41.06,3692.54,32869831,0.6,6,0.35,33.17
Sindh,2,25.45,64.8,7389.34,50400261,0.2,8,0.475,56.27
Sindh,4,12.45,38.98,5220.26,51479944,0.2,8,0.475,52.05
Khyber Pakhtunkhwa,12,10.04,28.16,3373.12,39012044,0.6,6,0.35,36.3
Azad Kashmir,1,29.5,78.09,4750.33,3849551,0.7,4,0.275,38.48
Sindh,4,20.12,56.05,6135.22,43530920,0.2,8,0.475,47.93
Khyber Pakhtunkhwa,12,11.23,38.86,2825.11,33589808,0.6,6,0.35,29.41
Gilgit-Baltistan,5,35.97,89.57,2600.98,1937505,0.9,3,0.2,27.07
KPK,1,19.2,45.24,4788.68,37148050,0.6,6,0.35,40.22
Azad Kashmir,11,26.04,74.77,3175.52,4271522,0.7,4,0.275,35.77
Azad Kashmir,2,36.61,103.5,3781.78,3728469,0.7,4,0.275,38.98
Balochistan,5,39.32,124.84,5322.6,11134828,0.5,5,0.3,46.1
Punjab,8,164.8,539.42,15679.61,113036237,0.3,7,0.425,100.0
Sindh,1,22.43,64.75,7292.88,49704423,0.2,8,0.475,57.06
Punjab,1,28.04,56.39,4885.81,112363588,0.3,7,0.425,47.6
Punjab,8,212.7,955.95,21065.49,101007332,0.3,7,0.425,100.0
Sindh,2,18.21,60.92,4724.53,43954521,0.2,8,0.475,52.32
Punjab,8,270.52,710.82,36000.0,105811933,0.3,7,0.425,100.0
Khyber Pakhtunkhwa,8,139.39,510.45,13748.72,37162218,0.6,6,0.35,100.0
Azad Kashmir,4,14.47,49.56,3212.74,3856137,0.7,4,0.275,32.11
Azad Kashmir,9,21.64,69.88,3499.76,3622584,0.7,4,0.275,33.22
KPK,11,10.97,32.62,2659.29,35221770,0.6,6,0.35,24.47
Khyber Pakhtunkhwa,11,17.59,50.17,2663.26,35569227,0.6,6,0.35,34.45
Punjab,2,14.63,33.31,4671.85,119342183,0.3,7,0.425,47.39
Balochistan,4,21.33,42.93,3243.41,11977813,0.5,5,0.3,35.79
Balochistan,1,21.94,58.85,4202.34,12160753,0.5,5,0.3,37.63
Sindh,8,215.17,639.13,28353.64,52001631,0.2,8,0.475,100.0
Khyber Pakhtunkhwa,2,23.72,63.1,3987.42,35959573,0.6,6,0.35,37.14
Balochistan,12,23.06,57.76,4034.95,12588372,0.5,5,0.3,41.95
Sindh,1,17.66,44.55,5480.66,52368729,0.2,8,0.475,48.54
Azad Kashmir,9,24.42,75.52,4603.51,4226146,0.7,4,0.275,40.12
Balochistan,2,19.36,42.66,3609.11,13047284,0.5,5,0.3,33.1
Punjab,9,200.42,638.61,26044.98,102407749,0.3,7,0.425,100.0
Gilgit-Baltistan,3,16.22,43.93,1878.3,1875767,0.9,3,0.2,15.24
Punjab,9,128.51,377.01,11336.33,112878541,0.3,7,0.425,100.0
Balochistan,11,20.29,46.72,2356.66,12589557,0.5,5,0.3,31.09
Balochistan,11,17.56,44.17,3989.48,11193263,0.5,5,0.3,38.3
Khyber Pakhtunkhwa,11,14.18,28.36,2489.34,34613885,0.6,6,0.35,29.14
Punjab,7,160.3,443.3,23239.92,117811336,0.3,7,0.425,100.0
Gilgit-Baltistan,12,14.41,36.4,1471.69,1672868,0.9,3,0.2,18.6
Balochistan,9,18.7,64.58,4272.94,11572432,0.5,5,0.3,35.51
KPK,1,30.66,72.1,3534.6,32308831,0.6,6,0.35,34.1
Punjab,8,170.06,668.53,20902.82,106334066,0.3,7,0.425,100.0
Balochistan,12,26.42,63.34,4673.69,12478963,0.5,5,0.3,38.99
Balochistan,2,25.88,77.51,3942.7,11686800,0.5,5,0.3,32.77
Sindh,11,36.88,78.1,4834.33,46662590,0.2,8,0.475,50.4
Sindh,5,14.86,47.0,4962.37,45836149,0.2,8,0.475,50.98
Khyber Pakhtunkhwa,3,18.24,55.26,4281.9,34900770,0.6,6,0.35,33.53
Sindh,7,172.18,496.83,18246.0,46994931,0.2,8,0.475,100.0
Punjab,8,129.6,353.07,20361.37,111848421,0.3,7,0.425,100.0
Sindh,11,15.35,43.01,5459.15,47408936,0.2,8,0.475,41.65
Khyber Pakhtunkhwa,10,13.59,27.25,3041.85,36217789,0.6,6,0.35,35.57
Sindh,6,17.86,58.96,5914.0,49473208,0.2,8,0.475,51.53
Gilgit-Baltistan,6,132.34,371.65,9848.21,1865995,0.9,3,0.2,97.67
Gilgit-Baltistan,2,22.14,76.89,3225.78,1681179,0.9,3,0.2,25.67
Balochistan,9,12.37,37.0,2416.78,11388479,0.5,5,0.3,31.33
Khyber Pakhtunkhwa,6,35.0,90.58,5136.52,32491150,0.6,6,0.35,38.91
Balochistan,6,15.53,48.53,2986.52,12194949,0.5,5,0.3,33.1
Azad Kashmir,7,129.53,430.2,14220.62,3863124,0.7,4,0.275,100.0
Punjab,9,158.22,627.06,17514.61,104207070,0.3,7,0.425,100.0
Azad Kashmir,3,12.87,28.89,2403.15,3665620,0.7,4,0.275,14.5
KPK,5,16.52,45.29,3212.78,34566924,0.6,6,0.35,32.12
Gilgit-Baltistan,5,6.31,15.95,1504.88,1621426,0.9,3,0.2,11.58
Azad Kashmir,8,173.46,491.51,17274.43,3793310,0.7,4,0.275,100.0
Punjab,11,36.8,88.8,4405.64,111159526,0.3,7,0.425,44.23
KPK,1,34.39,77.43,3916.39,35676065,0.6,6,0.35,42.02
Punjab,3,41.94,95.72,5650.79,100480795,0.3,7,0.425,58.19
Sindh,1,12.61,25.57,4698.28,47818361,0.2,8,0.475,47.89
Balochistan,8,206.3,899.61,18832.35,13051737,0.5,5,0.3,100.0
Gilgit-Baltistan,1,27.95,84.09,2294.53,1736925,0.9,3,0.2,24.92
Gilgit-Baltistan,4,33.96,117.4,2761.0,1677771,0.9,3,0.2,31.85
Khyber Pakhtunkhwa,7,147.64,536.99,19884.24,38049172,0.6,6,0.35,100.0
Azad Kashmir,11,11.4,27.48,2990.08,3606442,0.7,4,0.275,24.11
Punjab,8,112.24,483.32,21875.55,115899824,0.3,7,0.425,100.0
Punjab,1,58.1,123.37,7661.43,108548000,0.3,7,0.425,68.48
Sindh,8,115.26,506.31,23260.89,50111559,0.2,8,0.475,100.0
Sindh,6,32.9,94.21,8671.23,44595803,0.2,8,0.475,74.24
Gilgit-Baltistan,11,19.07,45.88,2377.5,1950266,0.9,3,0.2,23.07
KPK,3,11.51,24.54,3009.5,34228141,0.6,6,0.35,29.67
Balochistan,12,18.43,56.49,3046.27,11280699,0.5,5,0.3,34.95
Sindh,2,2.86,8.4,3094.63,43648347,0.2,8,0.475,39.57
Punjab,3,43.62,140.95,9802.36,102829482,0.3,7,0.425,62.68
Azad Kashmir,1,23.47,71.03,2528.05,4018393,0.7,4,0.275,27.58
Punjab,11,23.9,67.03,4505.05,102587449,0.3,7,0.425,46.69
Azad Kashmir,5,47.03,136.79,3827.83,4397191,0.7,4,0.275,31.5
KPK,9,18.98,43.48,4280.36,38361134,0.6,6,0.35,40.65
Balochistan,10,25.04,76.2,3412.14,13075255,0.5,5,0.3,35.3
Azad Kashmir,8,153.66,458.98,9306.77,3953666,0.7,4,0.275,100.0
Punjab,9,236.73,1015.83,31538.45,116374840,0.3,7,0.425,100.0
Balochistan,12,39.11,81.62,3108.06,11459730,0.5,5,0.3,41.93
Khyber Pakhtunkhwa,11,19.07,62.12,3243.69,32698690,0.6,6,0.35,34.78
Sindh,11,32.38,75.79,7433.1,46866420,0.2,8,0.475,65.31
Khyber Pakhtunkhwa,7,187.47,540.05,13129.97,38678651,0.6,6,0.35,100.0
Balochistan,7,92.96,260.28,7429.33,12707490,0.5,5,0.3,85.34
Gilgit-Baltistan,8,31.65,97.1,2380.44,1838300,0.9,3,0.2,20.11
Gilgit-Baltistan,4,25.46,53.3,3036.58,1732931,0.9,3,0.2,22.57
Azad Kashmir,9,36.24,103.61,4090.59,4195264,0.7,4,0.275,39.05
Balochistan,10,18.61,49.44,3456.04,12904210,0.5,5,0.3,32.56
KPK,2,20.48,44.26,4056.4,36643267,0.6,6,0.35,38.06
Gilgit-Baltistan,6,208.55,694.34,15054.39,1768629,0.9,3,0.2,100.0
Gilgit-Baltistan,1,10.36,25.23,1613.36,1823172,0.9,3,0.2,8.53
KPK,10,10.83,37.03,4039.49,32108534,0.6,6,0.35,34.24
Gilgit-Baltistan,3,22.72,75.58,2945.1,1827136,0.9,3,0.2,34.82
Gilgit-Baltistan,2,19.03,50.39,1569.94,1899551,0.9,3,0.2,17.52
Khyber Pakhtunkhwa,10,23.92,69.6,3461.27,36886687,0.6,6,0.35,37.12
Khyber Pakhtunkhwa,1,26.61,86.44,4125.75,32398047,0.6,6,0.35,35.13
Sindh,6,12.02,38.54,3543.48,47831782,0.2,8,0.475,40.62
KPK,3,31.86,87.31,6331.49,32503045,0.6,6,0.35,54.19
Khyber Pakhtunkhwa,5,48.09,160.03,5808.0,36519101,0.6,6,0.35,49.33
Balochistan,1,70.22,162.38,7463.1,12937041,0.5,5,0.3,67.78
Balochistan,1,41.48,139.32,5454.53,12143509,0.5,5,0.3,56.22
Balochistan,7,135.9,484.23,10153.73,13099574,0.5,5,0.3,100.0
Balochistan,7,121.81,405.23,14676.41,12963224,0.5,5,0.3,100.0
Punjab,1,63.14,177.11,11144.34,104172136,0.3,7,0.425,88.12
KPK,3,11.82,29.78,3945.6,34551387,0.6,6,0.35,30.88
Punjab,7,271.79,1178.28,27248.22,118753072,0.3,7,0.425,100.0
KPK,12,7.73,19.94,2376.36,37896292,0.6,6,0.35,29.7
Punjab,3,36.52,123.84,6401.53,102341500,0.3,7,0.425,54.44
Punjab,6,10.22,28.58,2833.37,99075734,0.3,7,0.425,43.62
Sindh,9,141.05,530.99,18560.74,51364478,0.2,8,0.475,100.0
KPK,5,42.9,145.02,6866.47,38187923,0.6,6,0.35,47.81
Khyber Pakhtunkhwa,9,17.76,53.15,2982.82,35059907,0.6,6,0.35,33.48
KPK,5,23.84,57.64,3970.87,37675378,0.6,6,0.35,34.53
Sindh,11,20.32,65.46,5662.23,51842639,0.2,8,0.475,45.76
Azad Kashmir,9,31.83,67.53,4655.67,3834635,0.7,4,0.275,34.62
Sindh,4,20.03,46.53,5419.83,51091967,0.2,8,0.475,48.53
Punjab,2,11.71,23.49,4546.98,114384045,0.3,7,0.425,37.88
Azad Kashmir,1,19.43,65.05,2648.54,3828615,0.7,4,0.275,29.73
KPK,9,18.78,58.22,4393.12,35295947,0.6,6,0.35,32.79
Punjab,1,35.98,83.01,8120.25,119309749,0.3,7,0.425,58.05
Sindh,7,123.36,344.34,12041.75,52123411,0.2,8,0.475,100.0
KPK,5,34.43,92.63,6393.29,34954048,0.6,6,0.35,42.46
Balochistan,4,25.32,50.74,3342.03,11344459,0.5,5,0.3,33.39
Sindh,12,18.83,54.09,6564.35,46064045,0.2,8,0.475,59.29
Azad Kashmir,6,7.56,22.17,1865.66,4336266,0.7,4,0.275,24.47
KPK,11,28.05,61.04,4276.24,37905846,0.6,6,0.35,37.97
Balochistan,12,17.19,45.26,3028.07,13329963,0.5,5,0.3,37.57
Sindh,10,12.5,34.41,4877.54,45105375,0.2,8,0.475,44.8
Gilgit-Baltistan,8,15.03,42.43,2610.53,1812968,0.9,3,0.2,14.68
Khyber Pakhtunkhwa,1,15.59,45.45,3131.59,37870749,0.6,6,0.35,23.06
Punjab,3,9.18,27.69,2694.26,102238454,0.3,7,0.425,32.17
Khyber Pakhtunkhwa,2,23.51,68.98,3325.07,35810546,0.6,6,0.35,37.2
Gilgit-Baltistan,10,33.57,70.34,3736.54,1662670,0.9,3,0.2,19.6
Balochistan,1,18.65,40.54,2571.0,11197993,0.5,5,0.3,35.25
Punjab,1,46.42,151.7,5818.38,117874474,0.3,7,0.425,65.09
KPK,6,16.53,38.76,4740.73,32549879,0.6,6,0.35,32.1
Azad Kashmir,8,274.9,701.15,21913.27,3831756,0.7,4,0.275,100.0
Punjab,9,122.48,480.74,19592.79,103074745,0.3,7,0.425,100.0
Gilgit-Baltistan,12,22.11,65.85,2589.71,1767574,0.9,3,0.2,21.89
Punjab,12,30.37,67.55,6387.32,119077589,0.3,7,0.425,46.02
Gilgit-Baltistan,11,22.69,52.4,2232.87,1859000,0.9,3,0.2,21.82
Punjab,5,9.47,32.63,2583.95,111979134,0.3,7,0.425,38.82
Khyber Pakhtunkhwa,8,236.56,857.0,25257.85,32268558,0.6,6,0.35,100.0
Azad Kashmir,4,43.71,94.07,3449.24,3711768,0.7,4,0.275,38.7
Punjab,3,16.66,50.32,4055.04,106962989,0.3,7,0.425,47.27
Sindh,3,19.59,57.1,6430.89,49555334,0.2,8,0.475,60.86
Balochistan,3,16.47,44.11,3942.2,11919209,0.5,5,0.3,38.7
Balochistan,9,23.02,62.97,4086.22,11280685,0.5,5,0.3,36.16
Balochistan,6,17.33,38.87,3405.31,13341203,0.5,5,0.3,29.11
Balochistan,3,22.82,72.94,3373.94,13372773,0.5,5,0.3,38.47
KPK,5,11.42,36.84,2393.18,33907958,0.6,6,0.35,31.68
Balochistan,1,22.36,76.57,4847.22,13075495,0.5,5,0.3,43.68
Khyber Pakhtunkhwa,2,24.65,85.22,4138.23,38111578,0.6,6,0.35,38.45
Azad Kashmir,6,10.46,34.08,1780.28,3838960,0.7,4,0.275,29.21
Balochistan,9,41.88,134.7,4002.93,12267600,0.5,5,0.3,42.39
Sindh,9,118.04,368.28,23497.86,51240350,0.2,8,0.475,100.0
Balochistan,4,39.31,116.76,3884.17,12621559,0.5,5,0.3,40.71
Sindh,1,18.58,43.93,5381.86,47620829,0.2,8,0.475,51.07
Balochistan,12,27.28,80.41,3127.3,11844281,0.5,5,0.3,40.36
KPK,4,38.29,79.72,5571.1,38480920,0.6,6,0.35,43.46
Azad Kashmir,1,10.23,29.68,1864.13,3948425,0.7,4,0.275,22.81
Balochistan,6,23.29,57.46,3148.38,12257609,0.5,5,0.3,34.41
Gilgit-Baltistan,4,22.83,45.81,2476.59,1780944,0.9,3,0.2,32.92
Punjab,12,48.04,115.55,9886.26,99281021,0.3,7,0.425,66.46
KPK,7,237.3,939.63,30244.07,36595943,0.6,6,0.35,100.0
Azad Kashmir,10,32.37,65.72,3905.69,4325324,0.7,4,0.275,33.76
Azad Kashmir,6,5.63,13.62,1821.96,4292697,0.7,4,0.275,18.27
Azad Kashmir,3,16.3,52.79,3023.05,3981091,0.7,4,0.275,23.49
Punjab,12,41.77,145.76,6933.06,108980736,0.3,7,0.425,62.32
Punjab,7,191.57,742.88,19869.91,110045420,0.3,7,0.425,100.0
Gilgit-Baltistan,5,24.18,69.73,1967.62,1864692,0.9,3,0.2,19.07
Gilgit-Baltistan,8,21.26,54.47,1753.45,1874706,0.9,3,0.2,20.12
Sindh,4,22.65,72.99,5699.5,48461895,0.2,8,0.475,54.66
Punjab,4,13.69,31.68,5234.78,100187397,0.3,7,0.425,44.61
Azad Kashmir,10,43.04,104.28,4898.49,4394733,0.7,4,0.275,43.23
Khyber Pakhtunkhwa,3,30.16,78.68,4311.26,34392497,0.6,6,0.35,42.96
Punjab,12,39.6,138.41,9585.35,119691675,0.3,7,0.425,65.41
Sindh,4,30.11,62.06,8302.83,51910888,0.2,8,0.475,62.79
Sindh,8,90.54,276.71,13849.21,47219494,0.2,8,0.475,100.0
KPK,2,23.84,48.17,3655.03,38569277,0.6,6,0.35,37.74
KPK,9,18.22,60.25,2807.26,34565343,0.6,6,0.35,32.06
Gilgit-Baltistan,12,25.2,56.89,1685.13,1740905,0.9,3,0.2,22.27
Punjab,11,19.59,67.0,3334.29,101948403,0.3,7,0.425,45.95
Gilgit-Baltistan,9,13.22,39.64,1538.26,1784834,0.9,3,0.2,13.98
Punjab,7,168.5,533.2,20932.2,120069475,0.3,7,0.425,100.0
Gilgit-Baltistan,12,11.15,27.86,1681.7,1786937,0.9,3,0.2,21.41
Balochistan,9,13.7,42.13,2023.37,11328510,0.5,5,0.3,24.63
Azad Kashmir,7,165.22,661.73,18288.84,4132685,0.7,4,0.275,100.0
Punjab,6,32.83,106.83,7800.78,100570938,0.3,7,0.425,60.63
Punjab,12,9.85,25.58,2736.67,105206047,0.3,7,0.425,39.63
Gilgit-Baltistan,10,18.02,57.1,1711.53,1654139,0.9,3,0.2,15.96
Khyber Pakhtunkhwa,10,17.25,36.21,3172.16,34186647,0.6,6,0.35,37.69
Gilgit-Baltistan,2,15.08,44.81,2079.87,1807687,0.9,3,0.2,16.46
Punjab,1,19.25,63.22,4491.23,114614176,0.3,7,0.425,42.95
Balochistan,5,33.98,76.29,3854.1,12558878,0.5,5,0.3,39.22
Sindh,2,20.29,55.18,5370.5,46028181,0.2,8,0.475,49.54
Azad Kashmir,11,10.7,32.32,3312.04,4237711,0.7,4,0.275,24.75
Punjab,8,281.02,972.67,36000.0,118275781,0.3,7,0.425,100.0
Balochistan,8,140.81,358.6,12688.25,11606275,0.5,5,0.3,100.0
Punjab,12,64.64,223.75,8428.05,104779796,0.3,7,0.425,71.25
Balochistan,1,47.11,103.6,4379.92,11173634,0.5,5,0.3,45.81
Punjab,5,22.21,46.46,4679.58,119088393,0.3,7,0.425,42.97
Sindh,9,202.48,908.74,36000.0,47573636,0.2,8,0.475,100.0
Punjab,8,247.07,1068.1,23308.75,116215123,0.3,7,0.425,100.0
KPK,2,8.24,21.67,3092.3,32418923,0.6,6,0.35,31.36
KPK,9,14.29,48.15,2421.25,36512699,0.6,6,0.35,29.58
Khyber Pakhtunkhwa,5,14.12,36.95,2833.01,35601154,0.6,6,0.35,33.2
Punjab,11,30.45,70.58,6717.64,119864457,0.3,7,0.425,54.25
Khyber Pakhtunkhwa,6,13.25,45.84,3757.94,33116818,0.6,6,0.35,41.54
Khyber Pakhtunkhwa,9,33.82,92.89,4635.05,36428014,0.6,6,0.35,48.68
Khyber Pakhtunkhwa,2,13.11,30.67,3143.95,36115681,0.6,6,0.35,29.39
Sindh,7,81.29,283.14,12106.31,51388924,0.2,8,0.475,100.0
Punjab,5,26.39,89.66,4999.68,118086855,0.3,7,0.425,53.54
KPK,9,21.26,69.32,3528.6,38392194,0.6,6,0.35,32.71
Balochistan,2,58.15,140.19,8086.57,12897749,0.5,5,0.3,63.61
Gilgit-Baltistan,9,26.13,55.67,1695.05,1833844,0.9,3,0.2,23.1
Balochistan,3,37.97,117.04,3837.74,11139348,0.5,5,0.3,49.26
Balochistan,4,18.36,49.3,3435.27,12184793,0.5,5,0.3,28.38
KPK,10,26.24,78.42,4034.77,33836740,0.6,6,0.35,45.96
Azad Kashmir,7,171.12,510.73,10995.65,4258400,0.7,4,0.275,100.0
Gilgit-Baltistan,7,183.76,580.09,9053.78,1787134,0.9,3,0.2,100.0
Punjab,4,15.87,40.32,3695.76,110244294,0.3,7,0.425,36.8
KPK,12,23.55,61.01,4827.44,32573784,0.6,6,0.35,36.47
Khyber Pakhtunkhwa,3,16.52,48.75,3937.83,36578724,0.6,6,0.35,37.22
Sindh,5,23.98,69.93,7100.17,50548921,0.2,8,0.475,54.51
Punjab,9,208.4,661.56,20525.07,106396971,0.3,7,0.425,100.0
Balochistan,3,12.45,32.57,2832.09,13073701,0.5,5,0.3,25.34
Sindh,4,26.4,88.95,6373.74,50817510,0.2,8,0.475,55.16
Balochistan,8,205.93,910.38,18694.85,13457398,0.5,5,0.3,100.0
Balochistan,4,27.97,85.68,5359.0,12607467,0.5,5,0.3,45.48
KPK,10,23.77,48.33,2906.01,35732011,0.6,6,0.35,42.7
Khyber Pakhtunkhwa,5,17.92,54.33,2730.43,32228759,0.6,6,0.35,27.38
Punjab,7,164.3,608.58,23533.53,102284626,0.3,7,0.425,100.0
Balochistan,10,6.06,16.26,2093.93,12417947,0.5,5,0.3,28.47
Gilgit-Baltistan,10,16.99,35.72,1478.01,1820221,0.9,3,0.2,22.49
Balochistan,6,35.55,80.11,5182.51,11275762,0.5,5,0.3,41.23
Gilgit-Baltistan,3,34.33,79.85,3390.07,1635504,0.9,3,0.2,31.26
Sindh,5,26.45,53.48,7273.28,50036102,0.2,8,0.475,64.35
Sindh,11,20.27,70.11,7006.49,50134781,0.2,8,0.475,55.17
Khyber Pakhtunkhwa,11,30.78,95.55,3440.82,34513523,0.6,6,0.35,39.99
Azad Kashmir,1,8.41,18.71,2969.96,3753220,0.7,4,0.275,26.35
Khyber Pakhtunkhwa,6,35.47,119.77,5930.88,37009212,0.6,6,0.35,51.93
Punjab,7,169.99,601.19,22807.76,105609798,0.3,7,0.425,100.0
Balochistan,2,27.26,88.51,4598.04,11149462,0.5,5,0.3,42.58
Balochistan,9,16.64,49.75,3766.64,12484710,0.5,5,0.3,36.09
Balochistan,11,22.39,56.35,4138.49,13302809,0.5,5,0.3,37.59
KPK,10,17.22,46.04,2975.09,32570170,0.6,6,0.35,34.99
Balochistan,4,25.4,87.14,4621.4,12763307,0.5,5,0.3,37.6
Gilgit-Baltistan,1,32.71,110.79,2403.9,1945762,0.9,3,0.2,25.08
Balochistan,1,22.17,53.06,4408.66,12771038,0.5,5,0.3,33.21
Azad Kashmir,11,36.82,94.21,4534.19,3985802,0.7,4,0.275,38.32
KPK,8,114.57,510.3,11639.98,32733288,0.6,6,0.35,100.0
Punjab,10,15.59,49.87,4144.42,102508793,0.3,7,0.425,40.48
KPK,1,17.25,49.72,4569.9,38037566,0.6,6,0.35,38.24
Gilgit-Baltistan,8,25.26,71.76,2314.06,1824789,0.9,3,0.2,22.78
Balochistan,4,7.46,24.45,2299.12,12910088,0.5,5,0.3,25.97
Khyber Pakhtunkhwa,6,13.3,30.86,3270.75,38079473,0.6,6,0.35,30.11
Khyber Pakhtunkhwa,7,190.86,774.52,25915.02,39034855,0.6,6,0.35,100.0
Punjab,5,14.79,47.67,4705.49,101156688,0.3,7,0.425,44.69
KPK,2,38.21,107.68,5342.51,35743400,0.6,6,0.35,51.37
Punjab,9,244.85,1064.83,36000.0,107589129,0.3,7,0.425,100.0
Balochistan,7,98.15,303.19,7815.9,11099859,0.5,5,0.3,91.03
Khyber Pakhtunkhwa,9,17.18,42.01,2738.89,37851666,0.6,6,0.35,36.55
Khyber Pakhtunkhwa,6,28.24,83.59,6277.77,33218399,0.6,6,0.35,41.62
Gilgit-Baltistan,10,21.11,72.68,2134.77,1760873,0.9,3,0.2,24.34
Balochistan,11,12.23,35.9,3004.14,11990687,0.5,5,0.3,32.11
Punjab,3,34.25,76.65,5499.78,102532372,0.3,7,0.425,47.89
Sindh,1,30.42,91.36,7032.5,46475587,0.2,8,0.475,65.49
Balochistan,8,163.11,564.24,13266.28,12325483,0.5,5,0.3,100.0
Balochistan,9,20.1,65.04,3151.64,12118463,0.5,5,0.3,37.79
Khyber Pakhtunkhwa,2,19.78,41.15,5049.96,38425444,0.6,6,0.35,43.94
KPK,12,14.86,49.01,4291.41,34743613,0.6,6,0.35,33.37
Azad Kashmir,3,27.69,77.01,3788.94,3865222,0.7,4,0.275,36.93
Azad Kashmir,5,17.44,58.69,3468.34,3636367,0.7,4,0.275,32.61
Khyber Pakhtunkhwa,4,21.59,58.39,4642.14,34779058,0.6,6,0.35,38.79
Gilgit-Baltistan,5,15.54,31.59,2161.03,1886829,0.9,3,0.2,18.95
Sindh,6,7.12,20.95,3047.81,45018837,0.2,8,0.475,39.26
Balochistan,5,27.79,88.16,2869.56,12774852,0.5,5,0.3,22.79
Sindh,4,34.83,103.36,6662.77,48859937,0.2,8,0.475,62.3
Balochistan,5,16.33,38.86,3161.16,12370092,0.5,5,0.3,26.52
Sindh,11,23.12,64.56,7236.61,45895315,0.2,8,0.475,56.3
KPK,3,21.91,49.29,2741.19,36680002,0.6,6,0.35,40.47
Khyber Pakhtunkhwa,11,43.78,137.57,5611.13,36478420,0.6,6,0.35,55.87
Azad Kashmir,11,15.72,41.0,2838.09,4181050,0.7,4,0.275,26.35
Punjab,9,188.39,766.84,23058.13,109364813,0.3,7,0.425,100.0
KPK,9,3.63,8.9,2632.35,36340022,0.6,6,0.35,27.66
Azad Kashmir,4,11.85,27.16,3006.83,4163095,0.7,4,0.275,29.13
Azad Kashmir,4,22.22,62.1,2297.03,3623352,0.7,4,0.275,22.49
Sindh,12,35.6,98.67,5419.35,49352257,0.2,8,0.475,57.85
Balochistan,7,380.0,1300.0,24792.0,12227359,0.5,5,0.3,100.0
Balochistan,4,5.74,15.51,1676.72,12748029,0.5,5,0.3,25.0
KPK,11,6.68,17.74,3081.69,36922019,0.6,6,0.35,28.27
Khyber Pakhtunkhwa,5,31.12,102.29,5714.5,37168468,0.6,6,0.35,40.42
Punjab,7,211.13,616.82,20444.31,104321718,0.3,7,0.425,100.0
Azad Kashmir,5,20.9,54.03,2208.9,4008513,0.7,4,0.275,32.5
Azad Kashmir,7,195.72,793.7,12827.28,3743611,0.7,4,0.275,100.0
Balochistan,11,18.89,47.25,2688.92,12288199,0.5,5,0.3,26.12
Gilgit-Baltistan,2,42.06,127.67,2318.47,1955447,0.9,3,0.2,39.48
Sindh,8,219.12,840.91,35123.41,45780932,0.2,8,0.475,100.0
Gilgit-Baltistan,8,42.85,128.1,4586.89,1771895,0.9,3,0.2,35.75
Gilgit-Baltistan,12,26.13,57.84,1734.22,1872521,0.9,3,0.2,17.66
Khyber Pakhtunkhwa,3,56.26,190.76,7552.59,35973945,0.6,6,0.35,61.81
Khyber Pakhtunkhwa,1,6.9,19.83,3671.89,38254685,0.6,6,0.35,27.98
KPK,3,27.96,81.32,4552.54,35272703,0.6,6,0.35,45.02
Punjab,5,24.8,84.68,5405.59,110001434,0.3,7,0.425,49.8
KPK,11,20.35,53.91,4408.93,36848615,0.6,6,0.35,51.13
Azad Kashmir,9,11.61,37.19,2239.06,3677449,0.7,4,0.275,35.49
Sindh,1,29.46,100.57,7817.84,48108742,0.2,8,0.475,59.35
Azad Kashmir,1,22.15,76.66,2568.21,4216989,0.7,4,0.275,29.36
Punjab,8,252.17,1014.37,28843.23,106489850,0.3,7,0.425,100.0
Azad Kashmir,12,19.26,43.05,3790.04,3972087,0.7,4,0.275,38.33
Azad Kashmir,7,159.86,630.53,10502.45,4114771,0.7,4,0.275,100.0
Khyber Pakhtunkhwa,9,32.39,67.81,4464.47,32558986,0.6,6,0.35,34.69
Azad Kashmir,3,25.03,53.98,3022.06,3729509,0.7,4,0.275,31.49
Sindh,11,23.54,82.36,5089.05,52072743,0.2,8,0.475,53.36
Gilgit-Baltistan,4,47.99,118.52,2494.49,1911813,0.9,3,0.2,39.12
Khyber Pakhtunkhwa,11,19.1,56.9,3088.78,34588556,0.6,6,0.35,31.15
KPK,8,296.96,1275.93,29626.93,38784267,0.6,6,0.35,100.0
Gilgit-Baltistan,1,26.45,72.75,2429.4,1922378,0.9,3,0.2,25.36
Gilgit-Baltistan,9,22.95,60.01,1805.27,1623693,0.9,3,0.2,18.31
Azad Kashmir,3,13.39,38.64,3051.13,3662591,0.7,4,0.275,34.18
Balochistan,2,64.54,145.07,8673.81,12034705,0.5,5,0.3,61.16
KPK,5,14.73,32.26,3401.63,35655602,0.6,6,0.35,43.6
Balochistan,10,9.38,25.66,2127.13,11202286,0.5,5,0.3,25.98
Khyber Pakhtunkhwa,10,16.52,37.26,4617.45,35348027,0.6,6,0.35,41.67
Sindh,1,26.1,69.15,7829.68,49744763,0.2,8,0.475,61.03
KPK,8,137.95,376.86,13384.61,36387880,0.6,6,0.35,100.0
Gilgit-Baltistan,9,22.42,46.73,2188.58,1782435,0.9,3,0.2,22.44
Balochistan,6,50.4,125.19,5351.34,12249526,0.5,5,0.3,49.87
Sindh,1,25.43,64.86,5793.8,50946701,0.2,8,0.475,60.33
Balochistan,12,24.44,62.12,2925.46,13270417,0.5,5,0.3,25.72
Azad Kashmir,5,35.7,80.84,4946.16,3821251,0.7,4,0.275,41.3
Sindh,10,34.48,111.42,9197.16,43384291,0.2,8,0.475,70.12
Khyber Pakhtunkhwa,1,7.13,17.35,2714.3,35743320,0.6,6,0.35,28.95
KPK,12,30.8,81.67,3685.98,38623881,0.6,6,0.35,46.88
Khyber Pakhtunkhwa,8,109.1,327.94,12358.06,39029660,0.6,6,0.35,100.0
Balochistan,9,37.9,123.55,6041.54,12846583,0.5,5,0.3,48.56
Punjab,10,13.51,29.6,3002.64,102503332,0.3,7,0.425,37.03
KPK,3,10.13,32.31,3133.41,37143995,0.6,6,0.35,33.48
KPK,11,29.03,86.21,5711.34,33590918,0.6,6,0.35,42.58
Balochistan,5,7.66,19.13,1753.36,11767523,0.5,5,0.3,17.42
Khyber Pakhtunkhwa,10,13.11,40.85,4186.65,32053830,0.6,6,0.35,35.79
Sindh,5,48.53,162.53,7179.64,51870671,0.2,8,0.475,65.53
Punjab,8,114.13,344.85,10531.38,102107049,0.3,7,0.425,100.0
Punjab,3,39.48,131.99,9243.1,115271419,0.3,7,0.425,63.27
Azad Kashmir,6,38.79,121.53,5109.73,3972785,0.7,4,0.275,36.13
Azad Kashmir,11,15.68,51.8,3597.19,4252601,0.7,4,0.275,30.48
KPK,3,15.47,35.88,2786.86,36641175,0.6,6,0.35,24.97
Azad Kashmir,1,15.81,43.34,2670.97,4312263,0.7,4,0.275,26.46
Punjab,10,14.7,41.26,3522.98,105625641,0.3,7,0.425,41.32
Gilgit-Baltistan,5,30.11,95.94,2072.98,1940306,0.9,3,0.2,34.0
Azad Kashmir,12,34.92,103.59,3088.1,3616761,0.7,4,0.275,46.76
Sindh,2,15.72,39.33,4269.75,49764507,0.2,8,0.475,54.23
Sindh,1,19.53,60.68,6929.56,45364254,0.2,8,0.475,58.92
Azad Kashmir,9,12.16,39.85,3116.9,4071180,0.7,4,0.275,31.45
Khyber Pakhtunkhwa,11,23.99,77.52,5403.24,34345034,0.6,6,0.35,44.64
Gilgit-Baltistan,5,20.96,65.86,2960.05,1837096,0.9,3,0.2,25.8
Sindh,3,15.27,34.84,5301.53,46885417,0.2,8,0.475,45.44
Gilgit-Baltistan,8,28.32,86.95,3304.4,1945652,0.9,3,0.2,27.65
Gilgit-Baltistan,7,205.05,804.01,16454.17,1971234,0.9,3,0.2,100.0
KPK,10,19.54,60.83,3365.06,38630848,0.6,6,0.35,37.06
Azad Kashmir,12,8.45,24.79,2114.59,3836005,0.7,4,0.275,22.02
Punjab,8,208.84,783.2,33653.76,100506935,0.3,7,0.425,100.0
Balochistan,1,53.63,150.09,7980.1,12378338,0.5,5,0.3,65.18
Azad Kashmir,8,328.34,1300.0,24589.23,4255100,0.7,4,0.275,100.0
Balochistan,9,26.5,92.5,3896.69,12402219,0.5,5,0.3,36.62
Sindh,6,70.27,240.33,14040.67,43223781,0.2,8,0.475,100.0
Sindh,5,68.22,198.19,12883.03,46701636,0.2,8,0.475,88.53
Balochistan,5,26.78,66.63,3715.93,11744901,0.5,5,0.3,39.62
Punjab,3,23.9,65.36,4276.32,110163952,0.3,7,0.425,48.05
Balochistan,8,253.27,773.99,26065.2,12500255,0.5,5,0.3,100.0
Khyber Pakhtunkhwa,2,3.27,9.02,2056.05,38161874,0.6,6,0.35,26.92
KPK,4,20.01,47.23,2848.44,32441922,0.6,6,0.35,42.08
Balochistan,12,15.02,49.35,3770.29,13494320,0.5,5,0.3,33.46
Azad Kashmir,10,21.89,54.09,2395.45,3963909,0.7,4,0.275,22.75
Sindh,7,146.94,653.41,19948.8,49470162,0.2,8,0.475,100.0
Punjab,2,25.15,77.92,3969.11,103601579,0.3,7,0.425,42.91
Balochistan,5,19.64,41.51,3430.23,13085444,0.5,5,0.3,31.69
Gilgit-Baltistan,3,18.47,57.36,2596.73,1798853,0.9,3,0.2,23.28
Khyber Pakhtunkhwa,12,18.34,46.42,3982.12,34680416,0.6,6,0.35,39.03
Sindh,7,138.45,400.68,15492.6,47641184,0.2,8,0.475,100.0
Balochistan,7,175.62,550.84,12132.12,12001858,0.5,5,0.3,100.0
Gilgit-Baltistan,8,42.64,119.14,2564.01,1698644,0.9,3,0.2,31.42
Khyber Pakhtunkhwa,6,34.79,111.12,3885.28,38646535,0.6,6,0.35,42.69
Gilgit-Baltistan,7,133.01,371.45,6970.83,1625714,0.9,3,0.2,88.06
Sindh,7,232.71,654.34,30576.44,45227207,0.2,8,0.475,100.0
Balochistan,7,189.32,510.77,18036.86,12574652,0.5,5,0.3,100.0
Balochistan,9,12.41,30.96,3316.01,13324504,0.5,5,0.3,32.97
Azad Kashmir,10,33.2,66.75,4188.3,4191177,0.7,4,0.275,35.96
Azad Kashmir,2,27.93,90.78,2815.57,3618549,0.7,4,0.275,38.94
Balochistan,4,20.16,47.7,4291.65,12231769,0.5,5,0.3,29.83
Punjab,8,108.66,342.1,17454.19,103465371,0.3,7,0.425,100.0
KPK,12,8.49,25.5,3225.51,35125491,0.6,6,0.35,29.38
KPK,9,43.59,120.07,5241.6,34116876,0.6,6,0.35,47.78
Azad Kashmir,11,40.83,110.14,5040.93,3976853,0.7,4,0.275,43.07
Khyber Pakhtunkhwa,2,14.92,43.12,4147.11,33019261,0.6,6,0.35,35.96
Sindh,7,218.02,885.6,31340.72,46788274,0.2,8,0.475,100.0
Sindh,7,159.76,451.27,18080.53,47830860,0.2,8,0.475,100.0
Khyber Pakhtunkhwa,6,13.59,36.79,2428.62,36071052,0.6,6,0.35,26.98
Gilgit-Baltistan,2,13.11,28.38,1899.28,1821130,0.9,3,0.2,17.31
Punjab,6,13.61,27.98,4430.67,120746717,0.3,7,0.425,36.42
Khyber Pakhtunkhwa,11,45.49,133.42,6918.48,33523815,0.6,6,0.35,47.33
Sindh,1,12.9,37.4,5908.4,45400709,0.2,8,0.475,49.54
Khyber Pakhtunkhwa,2,35.22,107.86,4522.18,38245503,0.6,6,0.35,45.95
Khyber Pakhtunkhwa,3,14.91,43.99,2647.29,36630969,0.6,6,0.35,33.94
KPK,12,19.93,42.07,3602.98,34344956,0.6,6,0.35,33.24
Balochistan,6,47.68,162.42,5546.98,12850002,0.5,5,0.3,51.33
Azad Kashmir,12,13.59,44.05,2170.01,3888528,0.7,4,0.275,29.73
Balochistan,3,23.78,58.86,4153.12,11681792,0.5,5,0.3,35.55
KPK,9,36.22,106.88,4466.62,34336518,0.6,6,0.35,42.82
Azad Kashmir,8,227.5,702.52,18026.39,3771904,0.7,4,0.275,100.0
Khyber Pakhtunkhwa,9,26.4,76.15,5477.53,32272178,0.6,6,0.35,38.56
Punjab,5,31.5,65.86,6183.05,114774790,0.3,7,0.425,56.76
Azad Kashmir,4,11.82,26.0,2308.77,4363580,0.7,4,0.275,23.96
Punjab,1,9.14,27.48,2474.02,101414223,0.3,7,0.425,32.82
Gilgit-Baltistan,5,12.74,29.54,2025.8,1770990,0.9,3,0.2,21.21
Gilgit-Baltistan,12,27.29,72.16,3401.62,1976904,0.9,3,0.2,20.6
Azad Kashmir,1,19.64,62.39,3039.41,3761230,0.7,4,0.275,35.28
Gilgit-Baltistan,3,27.28,70.1,3078.06,1876934,0.9,3,0.2,25.37
Sindh,5,14.96,31.6,5435.41,50656365,0.2,8,0.475,45.18
Azad Kashmir,8,153.12,598.58,17181.38,4031874,0.7,4,0.275,100.0
Balochistan,3,14.87,30.81,2317.2,11798512,0.5,5,0.3,29.06
Khyber Pakhtunkhwa,12,6.6,18.33,2884.11,34324342,0.6,6,0.35,26.21
Balochistan,8,203.11,651.43,13805.64,11457101,0.5,5,0.3,100.0
Sindh,5,30.46,61.33,7057.2,46028400,0.2,8,0.475,54.56
Khyber Pakhtunkhwa,8,139.63,529.92,20842.9,31985076,0.6,6,0.35,100.0
KPK,9,33.38,68.33,4702.35,36951465,0.6,6,0.35,34.78
Khyber Pakhtunkhwa,11,12.39,27.62,3012.89,36607657,0.6,6,0.35,32.77
Azad Kashmir,12,26.57,55.2,3873.91,4113866,0.7,4,0.275,29.62
Sindh,6,29.4,82.86,5643.24,45506284,0.2,8,0.475,61.66
KPK,4,16.25,41.43,2528.06,36587268,0.6,6,0.35,32.6
Punjab,7,192.12,751.87,34171.26,103517009,0.3,7,0.425,100.0
Gilgit-Baltistan,4,25.03,72.65,1789.16,1735062,0.9,3,0.2,17.14
KPK,5,19.95,50.67,3473.02,38636447,0.6,6,0.35,37.73
Balochistan,4,14.12,47.9,2737.53,12359051,0.5,5,0.3,29.44
Azad Kashmir,2,18.22,44.76,3944.08,4126918,0.7,4,0.275,31.05
Punjab,12,29.43,66.02,4447.41,100706515,0.3,7,0.425,51.78
Azad Kashmir,3,24.21,75.21,2703.18,3817321,0.7,4,0.275,28.76
Punjab,8,91.73,250.33,8828.57,107037623,0.3,7,0.425,98.12
Balochistan,3,15.62,31.43,3438.7,11392548,0.5,5,0.3,30.89
Balochistan,6,20.18,53.14,3049.61,11301601,0.5,5,0.3,30.82
Sindh,5,7.98,17.61,2800.15,48751368,0.2,8,0.475,38.82
Sindh,2,8.42,22.63,4593.41,47261504,0.2,8,0.475,46.65
Sindh,1,42.89,128.34,10585.68,44822506,0.2,8,0.475,77.59
Balochistan,9,14.41,48.34,2961.04,11251410,0.5,5,0.3,30.36
Gilgit-Baltistan,5,29.39,101.9,2141.06,1786301,0.9,3,0.2,28.5
Khyber Pakhtunkhwa,3,10.01,28.32,3878.65,35578740,0.6,6,0.35,33.12
Punjab,12,8.65,19.74,4143.33,112016969,0.3,7,0.425,33.16
Sindh,8,162.02,460.41,23733.9,48731326,0.2,8,0.475,100.0
Punjab,7,239.52,636.89,19247.56,115932480,0.3,7,0.425,100.0
Gilgit-Baltistan,8,19.91,48.18,1966.35,1968755,0.9,3,0.2,17.84
Khyber Pakhtunkhwa,12,49.72,147.7,4755.08,37040691,0.6,6,0.35,54.52
Punjab,8,266.8,885.87,25647.35,114171140,0.3,7,0.425,100.0
Khyber Pakhtunkhwa,11,20.03,52.63,3689.0,36850864,0.6,6,0.35,36.0
KPK,9,46.14,149.09,6751.16,35583466,0.6,6,0.35,55.31
Azad Kashmir,12,19.6,43.91,2733.69,3786563,0.7,4,0.275,31.47
Gilgit-Baltistan,10,8.76,21.28,1232.96,1941061,0.9,3,0.2,16.26
Sindh,5,32.55,94.98,4776.23,52628976,0.2,8,0.475,56.08
Sindh,10,7.42,23.37,4156.94,43935476,0.2,8,0.475,43.41
KPK,6,43.34,91.73,4307.95,38962711,0.6,6,0.35,38.37
Khyber Pakhtunkhwa,12,23.47,76.42,5266.75,33895739,0.6,6,0.35,35.9
Gilgit-Baltistan,10,9.03,24.98,1757.1,1915164,0.9,3,0.2,10.54
KPK,3,19.19,56.97,3029.18,34377676,0.6,6,0.35,40.72
KPK,7,205.26,743.69,21209.58,32461071,0.6,6,0.35,100.0
Azad Kashmir,7,113.88,404.77,7752.14,3760593,0.7,4,0.275,95.32
Azad Kashmir,11,31.9,96.05,3051.29,3860654,0.7,4,0.275,35.37
Sindh,4,23.13,75.6,7382.9,48639357,0.2,8,0.475,47.82
Balochistan,10,23.07,61.17,2967.62,11930017,0.5,5,0.3,37.5
Punjab,8,157.61,564.49,27528.9,99614587,0.3,7,0.425,100.0
Azad Kashmir,8,112.66,297.48,11858.52,3964986,0.7,4,0.275,100.0
Balochistan,1,27.38,64.68,3917.29,12384516,0.5,5,0.3,36.62
Gilgit-Baltistan,3,27.11,65.56,2481.36,1748489,0.9,3,0.2,28.18
Gilgit-Baltistan,4,41.55,86.33,2948.98,1761721,0.9,3,0.2,40.26
KPK,4,56.4,177.19,7137.55,37115047,0.6,6,0.35,56.66
Punjab,9,151.73,656.66,26137.9,107817627,0.3,7,0.425,100.0
Punjab,4,42.85,127.13,7625.49,113405387,0.3,7,0.425,64.04
Punjab,4,29.19,63.16,4628.34,104167221,0.3,7,0.425,51.54
Gilgit-Baltistan,9,22.94,66.6,2369.26,1863336,0.9,3,0.2,22.2
Gilgit-Baltistan,7,141.04,365.54,9185.25,1899035,0.9,3,0.2,95.84
Punjab,9,94.63,306.66,12356.26,116759884,0.3,7,0.425,100.0
Azad Kashmir,2,26.48,65.59,3716.69,4350383,0.7,4,0.275,32.45
Khyber Pakhtunkhwa,9,5.9,14.27,3404.56,32519832,0.6,6,0.35,33.9
Balochistan,9,22.23,53.03,3670.7,12626841,0.5,5,0.3,35.8
Gilgit-Baltistan,5,15.78,38.74,1691.17,1908439,0.9,3,0.2,11.57
Gilgit-Baltistan,10,26.15,63.81,2161.44,1932965,0.9,3,0.2,23.74
Gilgit-Baltistan,5,15.29,40.47,1379.37,1852606,0.9,3,0.2,14.6
Azad Kashmir,8,161.46,552.54,13615.72,4248609,0.7,4,0.275,100.0
Gilgit-Baltistan,7,185.78,668.46,12398.61,1848776,0.9,3,0.2,100.0
Balochistan,7,190.77,704.65,12349.94,11330854,0.5,5,0.3,100.0
Sindh,12,24.18,49.15,5449.98,52578916,0.2,8,0.475,56.19
Gilgit-Baltistan,3,27.06,90.41,2156.9,1785143,0.9,3,0.2,26.86
Sindh,5,68.18,204.95,8472.27,51645479,0.2,8,0.475,80.81
KPK,11,15.58,31.5,3823.29,35451072,0.6,6,0.35,36.85
Punjab,12,33.15,80.57,6028.77,118203172,0.3,7,0.425,49.06
Balochistan,9,14.57,30.39,3335.47,11984946,0.5,5,0.3,32.84
Balochistan,1,10.87,34.4,3200.08,13263669,0.5,5,0.3,32.59
Khyber Pakhtunkhwa,6,20.77,62.19,5380.45,35084765,0.6,6,0.35,40.55
Balochistan,1,19.99,56.49,3876.3,13452002,0.5,5,0.3,33.29
Gilgit-Baltistan,6,220.0,629.51,10577.14,1939720,0.9,3,0.2,100.0
KPK,9,14.21,30.13,4194.9,36071738,0.6,6,0.35,43.51
Azad Kashmir,3,13.45,45.62,3573.87,4136569,0.7,4,0.275,26.95
Khyber Pakhtunkhwa,6,3.33,6.97,3118.96,38560155,0.6,6,0.35,32.65
Khyber Pakhtunkhwa,7,153.34,600.67,17884.58,36013242,0.6,6,0.35,100.0
KPK,10,12.3,31.8,3813.99,38684536,0.6,6,0.35,31.01
Gilgit-Baltistan,3,15.72,45.8,1892.77,1862241,0.9,3,0.2,22.85
Punjab,11,13.69,41.48,3477.1,117390801,0.3,7,0.425,36.27
Sindh,1,29.86,66.76,6515.08,44688552,0.2,8,0.475,49.04
Balochistan,2,17.53,60.28,3943.96,13481145,0.5,5,0.3,35.21
KPK,9,9.0,23.18,2130.66,35674610,0.6,6,0.35,33.45
Gilgit-Baltistan,12,35.11,88.28,2596.97,1866664,0.9,3,0.2,26.36
Balochistan,8,268.23,991.87,24805.33,12602598,0.5,5,0.3,100.0
Azad Kashmir,12,19.49,55.99,3594.74,3789364,0.7,4,0.275,27.92
Khyber Pakhtunkhwa,3,13.13,40.23,4496.63,33099314,0.6,6,0.35,32.52
KPK,5,25.27,53.14,3989.29,33276176,0.6,6,0.35,38.21
Balochistan,10,7.38,22.21,2983.07,13055253,0.5,5,0.3,32.99
Khyber Pakhtunkhwa,12,10.67,34.73,2941.65,35183397,0.6,6,0.35,28.94
Balochistan,4,23.89,59.99,4212.05,12751407,0.5,5,0.3,43.91
Azad Kashmir,4,48.35,108.47,6161.37,3873825,0.7,4,0.275,48.87
Khyber Pakhtunkhwa,10,18.22,42.09,4960.16,38340746,0.6,6,0.35,40.7
Balochistan,6,20.67,70.22,2679.51,11220977,0.5,5,0.3,30.25
Khyber Pakhtunkhwa,8,148.24,591.55,22924.32,38185636,0.6,6,0.35,100.0
Gilgit-Baltistan,5,14.84,42.0,1655.42,1876283,0.9,3,0.2,22.26
Punjab,2,14.82,35.06,3083.14,116978981,0.3,7,0.425,37.87
Sindh,7,144.1,562.31,22621.45,45554580,0.2,8,0.475,100.0
Sindh,7,121.08,311.55,20308.42,48401702,0.2,8,0.475,100.0
KPK,1,40.92,108.31,5284.36,35116305,0.6,6,0.35,55.41
Balochistan,6,14.6,38.79,3890.37,12819108,0.5,5,0.3,27.79
Balochistan,5,9.0,21.93,3127.02,12354822,0.5,5,0.3,33.77
Balochistan,9,19.46,67.76,3757.2,13147251,0.5,5,0.3,35.2
Sindh,1,12.07,35.25,4018.77,46070739,0.2,8,0.475,42.37
KPK,6,6.06,20.43,2653.94,34632848,0.6,6,0.35,30.58
Punjab,4,4.88,16.47,4285.64,108482955,0.3,7,0.425,35.23
Sindh,1,59.3,188.43,7112.13,49699059,0.2,8,0.475,66.61
Punjab,12,10.71,24.68,3570.71,106091409,0.3,7,0.425,42.65
Khyber Pakhtunkhwa,12,30.83,92.69,4691.22,32893065,0.6,6,0.35,41.4
Balochistan,4,10.59,23.77,3454.53,12804992,0.5,5,0.3,28.23
Punjab,2,22.63,54.85,3634.46,114200721,0.3,7,0.425,41.91
Gilgit-Baltistan,5,40.3,97.1,2602.38,1726301,0.9,3,0.2,28.49
Azad Kashmir,11,27.81,80.41,4639.12,3928066,0.7,4,0.275,37.13
Gilgit-Baltistan,11,2.29,4.85,1569.18,1763982,0.9,3,0.2,16.23
Khyber Pakhtunkhwa,10,33.43,104.4,4129.35,37961087,0.6,6,0.35,43.55
KPK,8,179.27,560.09,21661.58,33370075,0.6,6,0.35,100.0
Balochistan,11,24.43,71.47,4058.49,13316291,0.5,5,0.3,46.52
Balochistan,3,41.48,102.91,5148.51,11756823,0.5,5,0.3,46.12
Gilgit-Baltistan,3,8.72,25.26,1442.12,1712886,0.9,3,0.2,18.51
Balochistan,3,13.99,28.98,3407.5,12403012,0.5,5,0.3,24.91
Balochistan,11,26.64,58.08,4863.72,11745833,0.5,5,0.3,37.44
Khyber Pakhtunkhwa,12,14.63,50.48,4177.62,37055309,0.6,6,0.35,40.37
Balochistan,11,27.25,71.99,4965.24,11876875,0.5,5,0.3,46.15
Khyber Pakhtunkhwa,6,17.65,39.42,3016.05,35450645,0.6,6,0.35,30.44
Azad Kashmir,9,32.51,108.07,5430.33,3631176,0.7,4,0.275,39.41
Khyber Pakhtunkhwa,12,25.93,70.09,4908.89,38573928,0.6,6,0.35,45.57
Punjab,7,171.51,648.17,22749.42,100791699,0.3,7,0.425,100.0
KPK,5,19.68,60.24,3836.67,32598668,0.6,6,0.35,36.08
Sindh,2,20.21,69.29,6741.97,44538357,0.2,8,0.475,64.56
KPK,6,9.26,26.09,3143.94,38158515,0.6,6,0.35,26.66
Sindh,7,228.14,647.46,36000.0,52028645,0.2,8,0.475,100.0
Khyber Pakhtunkhwa,4,19.45,58.87,3429.99,32145202,0.6,6,0.35,33.41
Gilgit-Baltistan,4,9.86,33.94,2123.01,1735109,0.9,3,0.2,19.0
Sindh,7,185.71,550.81,24084.44,48167247,0.2,8,0.475,100.0
Sindh,9,152.33,649.8,23295.02,45689668,0.2,8,0.475,100.0
Balochistan,12,13.17,35.88,1992.96,13321950,0.5,5,0.3,27.19
Balochistan,2,32.29,72.35,3332.69,12831633,0.5,5,0.3,38.02
Gilgit-Baltistan,5,18.94,50.93,1719.87,1710693,0.9,3,0.2,17.78
KPK,8,150.97,521.35,11749.92,32326799,0.6,6,0.35,100.0
Gilgit-Baltistan,10,38.63,128.51,2379.16,1848745,0.9,3,0.2,33.49
Azad Kashmir,5,3.65,10.37,1477.06,3724896,0.7,4,0.275,13.21
Gilgit-Baltistan,12,27.76,73.71,2285.5,1757733,0.9,3,0.2,30.18
Punjab,3,13.65,38.47,3973.01,102353743,0.3,7,0.425,46.64
Azad Kashmir,10,11.38,23.52,2149.59,4070543,0.7,4,0.275,24.35
Khyber Pakhtunkhwa,6,16.58,57.52,2691.95,37302334,0.6,6,0.35,34.89
Gilgit-Baltistan,11,24.1,77.08,1971.77,1687142,0.9,3,0.2,25.55
Gilgit-Baltistan,7,122.76,358.83,8360.09,1634486,0.9,3,0.2,92.32
Balochistan,3,22.62,58.14,2493.35,12826064,0.5,5,0.3,33.53
KPK,1,17.48,53.17,3134.19,38042955,0.6,6,0.35,41.9
Sindh,11,33.95,109.87,8352.44,49464661,0.2,8,0.475,65.48
Gilgit-Baltistan,3,16.79,35.38,1704.41,1914865,0.9,3,0.2,18.21
Khyber Pakhtunkhwa,9,24.05,58.88,5139.87,35741078,0.6,6,0.35,42.4
Azad Kashmir,11,10.75,22.34,2133.6,4395481,0.7,4,0.275,24.31
Punjab,2,16.37,50.56,3658.59,112532054,0.3,7,0.425,43.89
KPK,1,15.99,43.18,3838.93,32283035,0.6,6,0.35,29.84
Khyber Pakhtunkhwa,6,17.39,38.61,2679.57,34065377,0.6,6,0.35,30.41
Punjab,2,13.56,27.73,4359.0,107692216,0.3,7,0.425,40.15
Azad Kashmir,10,27.66,88.91,4289.91,3768266,0.7,4,0.275,37.37
Balochistan,5,8.17,26.88,2439.98,11168501,0.5,5,0.3,36.12
Balochistan,5,32.13,82.36,5703.79,13396004,0.5,5,0.3,53.6
Azad Kashmir,1,26.2,89.79,3870.59,3745033,0.7,4,0.275,43.34
Sindh,12,16.64,50.56,4121.58,51662126,0.2,8,0.475,48.94
Azad Kashmir,7,176.66,672.24,13681.26,3790708,0.7,4,0.275,100.0
KPK,1,7.55,22.23,1976.78,36412937,0.6,6,0.35,31.24
Balochistan,2,29.94,86.69,5227.94,12011031,0.5,5,0.3,39.4
Punjab,10,57.91,147.48,10646.23,101155319,0.3,7,0.425,71.55
Sindh,11,23.36,47.44,3752.01,50489275,0.2,8,0.475,51.78
Azad Kashmir,11,17.78,60.46,3275.44,3983712,0.7,4,0.275,29.26
Punjab,12,22.77,59.56,6441.56,100444315,0.3,7,0.425,53.12
Khyber Pakhtunkhwa,3,27.39,87.42,5121.7,33297857,0.6,6,0.35,39.57
Balochistan,2,15.91,43.05,3223.27,13511361,0.5,5,0.3,31.99
Azad Kashmir,4,13.81,38.72,2016.59,4121409,0.7,4,0.275,21.92
Khyber Pakhtunkhwa,5,17.46,43.8,2559.91,33067651,0.6,6,0.35,28.75
Gilgit-Baltistan,6,175.69,659.62,12373.45,1830691,0.9,3,0.2,100.0
Gilgit-Baltistan,11,34.1,93.93,3834.05,1770652,0.9,3,0.2,31.87
Khyber Pakhtunkhwa,3,3.74,9.78,3253.0,34679369,0.6,6,0.35,28.33
Khyber Pakhtunkhwa,1,20.13,65.52,5132.32,32299751,0.6,6,0.35,32.63
Balochistan,5,34.02,104.62,3369.98,12606411,0.5,5,0.3,33.87
Punjab,3,17.93,40.59,5971.9,108280408,0.3,7,0.425,46.31
Azad Kashmir,6,56.18,177.2,4529.96,4160948,0.7,4,0.275,49.56
KPK,6,47.83,103.74,4644.91,37931234,0.6,6,0.35,46.26
Punjab,10,56.94,143.05,11540.82,117670636,0.3,7,0.425,76.86
Sindh,6,48.33,102.23,10801.36,48829257,0.2,8,0.475,65.7
KPK,9,30.24,66.8,5611.42,39044863,0.6,6,0.35,40.65
Gilgit-Baltistan,6,178.12,639.1,13060.73,1904637,0.9,3,0.2,100.0
Balochistan,7,130.96,547.48,9201.46,13208693,0.5,5,0.3,100.0
Balochistan,8,160.55,597.54,14505.49,12329502,0.5,5,0.3,100.0
Gilgit-Baltistan,4,16.3,33.39,2028.1,1885468,0.9,3,0.2,13.79
Punjab,6,17.46,51.61,3579.95,105245024,0.3,7,0.425,39.48
Azad Kashmir,12,36.46,108.03,5699.15,4069761,0.7,4,0.275,49.95
Balochistan,10,15.28,35.16,2311.19,11259432,0.5,5,0.3,27.85
Khyber Pakhtunkhwa,1,13.54,41.58,4314.43,33246451,0.6,6,0.35,30.61
Balochistan,7,123.52,489.69,12409.07,12735138,0.5,5,0.3,100.0
Gilgit-Baltistan,5,19.24,39.63,1912.78,1915706,0.9,3,0.2,26.27
Azad Kashmir,3,32.49,87.06,3890.7,3818175,0.7,4,0.275,34.79
Balochistan,3,37.52,116.83,5150.7,12267350,0.5,5,0.3,48.03
Azad Kashmir,11,41.38,100.07,4410.89,4047183,0.7,4,0.275,36.3
Khyber Pakhtunkhwa,8,110.03,395.01,14522.02,35211715,0.6,6,0.35,100.0
Azad Kashmir,11,7.89,25.51,2075.27,3874014,0.7,4,0.275,13.66
KPK,6,12.67,29.69,2317.99,33301720,0.6,6,0.35,29.97
Sindh,1,7.2,18.37,4566.2,48397841,0.2,8,0.475,43.76
Punjab,12,19.45,41.47,5158.13,107584396,0.3,7,0.425,47.32
Punjab,9,111.5,356.57,11143.14,117779296,0.3,7,0.425,100.0
Gilgit-Baltistan,8,25.05,54.05,2543.74,1622185,0.9,3,0.2,23.6
Khyber Pakhtunkhwa,9,21.82,47.12,3285.48,32010097,0.6,6,0.35,33.69
Punjab,9,258.81,954.98,25601.31,107827201,0.3,7,0.425,100.0
Khyber Pakhtunkhwa,6,17.37,53.65,2753.48,32854650,0.6,6,0.35,33.12
Punjab,9,168.88,461.18,15713.32,100581533,0.3,7,0.425,100.0
Khyber Pakhtunkhwa,7,380.0,1300.0,36000.0,35189418,0.6,6,0.35,100.0
KPK,10,10.24,24.16,3189.75,37318033,0.6,6,0.35,32.63
Sindh,9,116.8,495.49,15387.45,43814892,0.2,8,0.475,100.0
Sindh,4,19.97,68.67,3885.53,51989435,0.2,8,0.475,42.13
KPK,4,35.69,91.54,3557.73,36789241,0.6,6,0.35,40.39
Azad Kashmir,10,33.85,110.35,5467.09,4065964,0.7,4,0.275,45.1
Punjab,12,11.55,27.5,2708.48,117408419,0.3,7,0.425,33.3
Punjab,7,102.67,431.56,18350.2,111394921,0.3,7,0.425,100.0
Sindh,6,19.56,63.98,7054.12,48253178,0.2,8,0.475,60.4
Balochistan,8,152.31,408.92,9497.94,12556312,0.5,5,0.3,100.0
Sindh,12,23.26,58.3,3980.25,51778872,0.2,8,0.475,55.89
Balochistan,12,24.16,80.48,3941.81,13229435,0.5,5,0.3,40.61
Sindh,10,5.18,10.59,3161.92,50598285,0.2,8,0.475,34.99
Khyber Pakhtunkhwa,12,16.88,40.5,2554.01,32783133,0.6,6,0.35,30.96
Azad Kashmir,7,216.62,679.68,20275.66,3801801,0.7,4,0.275,100.0
KPK,12,16.87,40.8,4487.95,32377071,0.6,6,0.35,37.01
Azad Kashmir,8,268.95,1071.35,19834.81,4049878,0.7,4,0.275,100.0
Khyber Pakhtunkhwa,6,10.82,25.5,2483.68,38724020,0.6,6,0.35,31.17
KPK,4,13.97,35.3,3728.56,38776769,0.6,6,0.35,35.13
Punjab,1,39.57,114.15,4924.66,116920872,0.3,7,0.425,54.27
Balochistan,4,19.09,47.05,2256.8,12656760,0.5,5,0.3,35.31
Balochistan,6,38.72,78.0,4978.17,12238259,0.5,5,0.3,49.46
Azad Kashmir,9,3.24,7.96,1956.16,3901617,0.7,4,0.275,24.29
Sindh,3,22.46,58.72,4846.13,44051380,0.2,8,0.475,52.58
KPK,1,22.7,53.73,5335.91,32276403,0.6,6,0.35,39.97
KPK,4,37.19,74.57,4136.39,33509782,0.6,6,0.35,42.23
Gilgit-Baltistan,11,16.56,56.2,2496.13,1715241,0.9,3,0.2,22.93
Azad Kashmir,1,25.72,55.84,3901.35,4259270,0.7,4,0.275,30.13
Azad Kashmir,2,27.76,66.36,2508.49,3924583,0.7,4,0.275,34.33
Khyber Pakhtunkhwa,8,180.09,710.9,25358.56,35253681,0.6,6,0.35,100.0
Azad Kashmir,12,40.62,88.73,4394.79,3699391,0.7,4,0.275,33.1
Azad Kashmir,6,17.08,59.62,2489.86,3766486,0.7,4,0.275,32.69
Balochistan,1,19.27,39.2,2503.08,11929704,0.5,5,0.3,33.78
Gilgit-Baltistan,10,11.87,32.4,2071.07,1726165,0.9,3,0.2,18.38
Punjab,10,33.7,99.77,7455.83,105431520,0.3,7,0.425,54.65
Punjab,6,7.51,18.69,2931.04,108962211,0.3,7,0.425,38.33
KPK,3,23.16,71.84,3020.15,37616882,0.6,6,0.35,38.14
Balochistan,6,29.61,63.06,3609.86,12473394,0.5,5,0.3,41.41
Punjab,5,19.17,59.83,4994.99,104537329,0.3,7,0.425,47.98
KPK,4,21.34,45.27,3139.23,36857283,0.6,6,0.35,30.17
Sindh,11,8.53,29.4,3708.65,50201923,0.2,8,0.475,38.66
Khyber Pakhtunkhwa,6,31.21,74.47,4156.11,32609552,0.6,6,0.35,36.26
Gilgit-Baltistan,12,11.14,35.29,1987.65,1694077,0.9,3,0.2,12.07
Azad Kashmir,10,18.58,52.8,2968.68,4319792,0.7,4,0.275,31.53
Sindh,12,15.9,38.82,3738.64,51787814,0.2,8,0.475,40.27
Punjab,3,16.76,40.06,3244.86,110294669,0.3,7,0.425,43.14
Khyber Pakhtunkhwa,9,18.77,57.41,2751.99,32522408,0.6,6,0.35,27.1
Punjab,8,117.66,515.15,17811.79,108819166,0.3,7,0.425,100.0
Sindh,3,29.36,94.32,6207.11,51141351,0.2,8,0.475,63.12
Balochistan,3,9.66,29.17,3341.25,12729436,0.5,5,0.3,33.42
Sindh,12,15.29,38.09,3891.3,47576741,0.2,8,0.475,44.88
Balochistan,7,239.43,739.93,22970.69,13174476,0.5,5,0.3,100.0
Khyber Pakhtunkhwa,1,10.43,36.27,3861.71,38118544,0.6,6,0.35,38.6
Azad Kashmir,5,31.57,82.33,3529.4,4049881,0.7,4,0.275,34.2
KPK,2,33.14,71.13,5176.32,38719597,0.6,6,0.35,39.74
Punjab,6,28.04,96.93,4664.71,116000473,0.3,7,0.425,49.72
KPK,10,21.72,48.86,3052.49,34345117,0.6,6,0.35,25.26
Balochistan,11,18.55,62.81,4253.64,11687898,0.5,5,0.3,31.31
Khyber Pakhtunkhwa,3,14.27,41.52,3996.28,33855041,0.6,6,0.35,38.55
Khyber Pakhtunkhwa,10,27.08,82.87,5823.28,38667715,0.6,6,0.35,47.21
Balochistan,7,213.32,581.88,22772.6,13352835,0.5,5,0.3,100.0
KPK,10,35.07,109.94,6145.93,34827805,0.6,6,0.35,52.28
Khyber Pakhtunkhwa,6,37.63,126.61,5782.19,35404500,0.6,6,0.35,49.51
Balochistan,9,25.69,73.16,3386.11,12565094,0.5,5,0.3,33.17
Khyber Pakhtunkhwa,5,33.73,77.54,5379.77,36007996,0.6,6,0.35,40.74
Gilgit-Baltistan,4,10.55,31.89,2226.21,1664407,0.9,3,0.2,17.45
Khyber Pakhtunkhwa,8,325.5,821.55,22749.13,35996020,0.6,6,0.35,100.0
Khyber Pakhtunkhwa,3,10.29,24.96,2394.74,37625709,0.6,6,0.35,25.04
Gilgit-Baltistan,8,19.77,60.36,1845.49,1686755,0.9,3,0.2,26.5
Sindh,10,10.11,23.88,3343.66,46911911,0.2,8,0.475,46.84
Gilgit-Baltistan,7,95.25,313.53,7428.51,1887684,0.9,3,0.2,85.26
Balochistan,4,50.18,138.02,5797.71,12633674,0.5,5,0.3,55.43
Khyber Pakhtunkhwa,2,4.27,14.16,2446.66,33908466,0.6,6,0.35,25.9
Punjab,8,179.97,602.98,26300.59,112297381,0.3,7,0.425,100.0
Sindh,3,22.16,72.49,7294.73,49261932,0.2,8,0.475,59.5
Sindh,9,75.51,232.66,16545.49,50911313,0.2,8,0.475,100.0
Balochistan,1,50.07,142.05,4714.0,11113008,0.5,5,0.3,52.98
Gilgit-Baltistan,7,89.46,351.58,4548.49,1859105,0.9,3,0.2,74.32
Balochistan,1,7.45,25.52,3187.51,11282706,0.5,5,0.3,30.79
Punjab,11,13.39,46.39,4944.24,103718656,0.3,7,0.425,51.79
Gilgit-Baltistan,5,6.31,20.05,1311.15,1655248,0.9,3,0.2,20.13
Balochistan,4,20.7,62.54,4090.11,12058735,0.5,5,0.3,37.76
Azad Kashmir,12,13.8,37.38,2351.21,3871029,0.7,4,0.275,17.91
KPK,5,17.03,51.24,2579.14,35144970,0.6,6,0.35,23.84
KPK,2,35.44,97.93,5503.91,33695459,0.6,6,0.35,45.25
KPK,8,132.89,548.91,13894.23,38878791,0.6,6,0.35,100.0
Sindh,9,198.56,709.15,20244.31,49684764,0.2,8,0.475,100.0
KPK,12,25.46,66.97,5892.91,33028795,0.6,6,0.35,50.69
Azad Kashmir,10,20.56,49.55,2180.21,3898622,0.7,4,0.275,27.35
Azad Kashmir,9,33.53,76.78,4458.38,4029105,0.7,4,0.275,43.8
Khyber Pakhtunkhwa,6,32.34,90.53,4736.29,35766387,0.6,6,0.35,39.08
Khyber Pakhtunkhwa,11,22.4,47.86,3131.2,33099007,0.6,6,0.35,37.8
Balochistan,8,167.6,511.42,18798.91,11075492,0.5,5,0.3,100.0
Balochistan,3,8.99,26.83,2542.75,12197694,0.5,5,0.3,27.29
Khyber Pakhtunkhwa,8,254.93,952.01,34193.05,32805004,0.6,6,0.35,100.0
KPK,1,14.68,50.78,2856.99,38305429,0.6,6,0.35,34.85
Gilgit-Baltistan,2,17.8,48.09,2820.14,1936511,0.9,3,0.2,18.55
Khyber Pakhtunkhwa,12,16.76,42.05,2654.46,38420103,0.6,6,0.35,25.21
Sindh,5,15.23,49.25,5801.53,43381223,0.2,8,0.475,50.29
KPK,9,58.97,177.54,8033.81,38067399,0.6,6,0.35,61.62
Azad Kashmir,10,9.05,22.68,3013.44,4318358,0.7,4,0.275,24.1
Azad Kashmir,7,224.33,667.98,20346.93,3862157,0.7,4,0.275,100.0
Khyber Pakhtunkhwa,12,8.97,28.39,2486.29,37539960,0.6,6,0.35,32.89
Khyber Pakhtunkhwa,1,29.72,73.06,5326.3,38959797,0.6,6,0.35,43.55
Punjab,3,12.29,34.36,2688.32,116370648,0.3,7,0.425,41.35
Khyber Pakhtunkhwa,6,20.33,46.89,3119.8,36393041,0.6,6,0.35,32.94
KPK,10,27.04,62.35,4129.5,35928598,0.6,6,0.35,39.48
Gilgit-Baltistan,7,262.98,1119.05,20929.73,1711381,0.9,3,0.2,100.0
Gilgit-Baltistan,1,22.17,71.37,1863.33,1795575,0.9,3,0.2,14.26
Azad Kashmir,3,25.79,54.16,3153.97,4268110,0.7,4,0.275,25.23
Gilgit-Baltistan,4,16.9,48.03,1429.99,1973158,0.9,3,0.2,20.53
KPK,2,24.35,81.08,5252.51,35409704,0.6,6,0.35,43.24
Khyber Pakhtunkhwa,7,130.09,388.24,12479.26,37728178,0.6,6,0.35,100.0
Azad Kashmir,12,20.75,58.66,2356.27,3830725,0.7,4,0.275,28.5
Gilgit-Baltistan,5,19.88,40.7,2682.34,1725292,0.9,3,0.2,22.4
Khyber Pakhtunkhwa,5,33.6,98.78,6995.27,38276531,0.6,6,0.35,54.17
Khyber Pakhtunkhwa,4,61.31,206.28,6651.81,32642434,0.6,6,0.35,57.78
Khyber Pakhtunkhwa,2,24.33,84.84,3720.55,34617870,0.6,6,0.35,39.43
Balochistan,8,103.45,430.63,12396.43,13188757,0.5,5,0.3,100.0
Khyber Pakhtunkhwa,3,11.81,31.14,3465.52,36017917,0.6,6,0.35,25.87
Sindh,12,26.66,87.49,7466.03,51111692,0.2,8,0.475,58.7
Gilgit-Baltistan,4,32.09,108.34,2040.23,1822789,0.9,3,0.2,19.66
Sindh,1,31.81,105.77,7530.42,43542505,0.2,8,0.475,63.87
Punjab,10,17.08,58.78,5413.47,117850160,0.3,7,0.425,43.63
Khyber Pakhtunkhwa,6,54.31,170.69,9504.3,36050103,0.6,6,0.35,76.95
Balochistan,8,80.23,279.41,7820.39,12080844,0.5,5,0.3,84.97
Azad Kashmir,10,15.94,48.11,2365.37,4009864,0.7,4,0.275,26.82
Balochistan,7,230.29,588.13,13853.65,11455682,0.5,5,0.3,100.0
Azad Kashmir,4,21.28,62.1,4069.55,4021631,0.7,4,0.275,33.08
Punjab,12,10.0,21.56,3073.07,110214713,0.3,7,0.425,39.12
KPK,12,18.81,63.35,5045.1,33178790,0.6,6,0.35,43.88
Punjab,10,14.86,36.67,5534.9,102063769,0.3,7,0.425,37.1
Azad Kashmir,10,21.84,54.1,3343.15,3921932,0.7,4,0.275,32.16
Punjab,11,17.8,43.82,5610.99,111494136,0.3,7,0.425,37.42
Khyber Pakhtunkhwa,12,38.57,123.98,4362.23,34090794,0.6,6,0.35,45.8
Balochistan,7,289.04,1017.29,33769.86,12050701,0.5,5,0.3,100.0
Azad Kashmir,10,9.51,27.13,2587.79,4152405,0.7,4,0.275,22.62
Azad Kashmir,2,26.25,87.57,3413.61,3627429,0.7,4,0.275,34.34
Punjab,3,26.13,87.72,4865.4,101832143,0.3,7,0.425,50.82
KPK,1,16.75,52.86,4020.35,32104769,0.6,6,0.35,34.09
Balochistan,9,14.2,37.16,2986.44,11604168,0.5,5,0.3,33.66
Khyber Pakhtunkhwa,1,47.59,162.02,5600.28,33868105,0.6,6,0.35,53.36
Sindh,2,9.74,21.91,3204.12,44955085,0.2,8,0.475,40.62
Khyber Pakhtunkhwa,3,25.06,67.85,3922.39,33832482,0.6,6,0.35,37.44
Sindh,3,19.37,44.13,4122.16,49755162,0.2,8,0.475,51.96
Gilgit-Baltistan,10,17.62,54.87,2392.52,1836005,0.9,3,0.2,18.31
Balochistan,12,38.15,103.79,5250.07,13023441,0.5,5,0.3,47.52
Punjab,7,205.16,762.99,35276.76,104474294,0.3,7,0.425,100.0
Punjab,2,12.16,32.58,4275.09,117089770,0.3,7,0.425,43.7
KPK,10,10.84,27.92,2257.71,37198156,0.6,6,0.35,30.26
Punjab,10,20.36,45.97,4987.16,113889584,0.3,7,0.425,42.85
Sindh,3,25.69,80.86,6546.44,50341246,0.2,8,0.475,54.25
KPK,3,17.09,53.78,4901.93,34241052,0.6,6,0.35,34.09
Azad Kashmir,3,20.33,41.97,2535.06,3654126,0.7,4,0.275,37.0
Punjab,8,160.32,678.93,20750.57,113528720,0.3,7,0.425,100.0
Khyber Pakhtunkhwa,2,29.57,65.61,5409.33,36676097,0.6,6,0.35,42.24
Balochistan,12,25.25,66.81,3515.86,12706840,0.5,5,0.3,41.44
Punjab,11,14.02,44.81,5060.63,105518867,0.3,7,0.425,47.53
Sindh,9,204.32,544.27,30556.01,47610444,0.2,8,0.475,100.0
Balochistan,3,12.75,44.39,2499.65,12702716,0.5,5,0.3,28.47
Punjab,12,28.17,98.49,6361.98,105806824,0.3,7,0.425,54.27
Azad Kashmir,6,15.23,36.92,3418.62,3937323,0.7,4,0.275,30.26
Balochistan,5,23.01,72.65,3412.68,12046269,0.5,5,0.3,43.7
Sindh,2,7.9,25.21,3914.74,50813925,0.2,8,0.475,40.31
Azad Kashmir,12,20.59,69.93,2306.75,4074882,0.7,4,0.275,26.37
Azad Kashmir,4,40.02,87.26,2988.05,3891066,0.7,4,0.275,30.7
Azad Kashmir,2,29.33,75.61,3958.44,3917678,0.7,4,0.275,37.84
Azad Kashmir,9,24.68,75.85,2742.7,4163226,0.7,4,0.275,27.85
Khyber Pakhtunkhwa,11,19.2,46.48,3665.28,33207773,0.6,6,0.35,41.56
Sindh,10,25.44,73.46,6388.42,49265667,0.2,8,0.475,63.0
Khyber Pakhtunkhwa,3,20.55,68.46,4536.88,37080608,0.6,6,0.35,27.13
Punjab,7,269.36,691.5,28988.45,101312544,0.3,7,0.425,100.0
Punjab,6,14.16,33.76,3453.52,112555203,0.3,7,0.425,45.18
Balochistan,7,121.95,404.49,8681.39,11729772,0.5,5,0.3,100.0
Azad Kashmir,5,28.58,96.1,2828.0,3864758,0.7,4,0.275,32.26
Balochistan,9,16.91,50.66,2684.74,11155176,0.5,5,0.3,31.32
Balochistan,4,25.74,55.75,3760.62,12034860,0.5,5,0.3,39.04
Azad Kashmir,4,17.23,44.93,3639.98,4113510,0.7,4,0.275,33.63
Sindh,2,20.46,69.22,5647.42,50138006,0.2,8,0.475,51.11
Punjab,1,23.98,62.54,5077.77,114435246,0.3,7,0.425,38.53
Gilgit-Baltistan,2,31.96,96.79,2711.02,1665981,0.9,3,0.2,34.12
KPK,1,19.73,41.93,3904.79,33473803,0.6,6,0.35,40.67
Punjab,12,9.61,31.33,3483.08,114405359,0.3,7,0.425,35.47
Balochistan,6,14.08,33.97,3099.97,11133147,0.5,5,0.3,28.34
Sindh,3,17.17,42.95,4325.79,43428031,0.2,8,0.475,46.47
Azad Kashmir,1,35.04,82.15,3574.72,4197461,0.7,4,0.275,37.83
Balochistan,2,22.85,77.5,4451.63,13115346,0.5,5,0.3,40.5
Khyber Pakhtunkhwa,4,12.4,33.45,3607.82,38194259,0.6,6,0.35,33.97
Khyber Pakhtunkhwa,11,19.34,51.17,4801.61,34261502,0.6,6,0.35,37.25
Balochistan,2,33.28,73.01,2942.17,13277635,0.5,5,0.3,44.48
Punjab,6,63.59,142.03,7717.69,101196872,0.3,7,0.425,66.71
KPK,2,36.03,77.81,6538.95,33350494,0.6,6,0.35,52.25
Punjab,12,31.72,107.14,5780.35,119613641,0.3,7,0.425,55.83
Azad Kashmir,8,174.55,595.71,10779.7,4160292,0.7,4,0.275,100.0
Gilgit-Baltistan,11,12.03,41.71,1597.52,1839533,0.9,3,0.2,19.35
KPK,8,174.96,561.87,18549.87,37564326,0.6,6,0.35,100.0
Azad Kashmir,2,13.43,30.42,2856.83,4229596,0.7,4,0.275,30.0
Sindh,5,33.43,99.4,9321.79,50876242,0.2,8,0.475,65.18
Sindh,2,27.12,58.41,6962.39,43521239,0.2,8,0.475,59.11
Khyber Pakhtunkhwa,8,172.48,733.72,21087.18,36062745,0.6,6,0.35,100.0
Gilgit-Baltistan,5,41.78,85.7,2226.8,1774109,0.9,3,0.2,24.23
Punjab,6,37.27,85.17,8149.74,102193277,0.3,7,0.425,50.34
Balochistan,4,17.39,44.04,4086.56,13158262,0.5,5,0.3,28.05
Sindh,9,60.97,227.61,9323.24,50054140,0.2,8,0.475,99.06
Azad Kashmir,10,20.96,53.41,4047.23,4062319,0.7,4,0.275,35.26
KPK,3,30.16,96.86,5715.49,36241696,0.6,6,0.35,39.66
Punjab,2,35.35,83.42,7841.73,112765566,0.3,7,0.425,54.37
Azad Kashmir,6,16.68,50.3,3066.92,4337679,0.7,4,0.275,30.43
Balochistan,4,8.43,25.1,3352.38,11502563,0.5,5,0.3,37.51
Sindh,9,126.06,498.73,22610.07,44669626,0.2,8,0.475,100.0
Gilgit-Baltistan,4,29.0,61.25,2631.88,1901014,0.9,3,0.2,34.29
Azad Kashmir,3,27.19,54.41,4503.46,3913245,0.7,4,0.275,35.56
Khyber Pakhtunkhwa,5,33.79,110.63,4596.28,37968715,0.6,6,0.35,51.75
Balochistan,12,15.63,34.51,2720.38,12233041,0.5,5,0.3,38.73
Sindh,4,25.54,89.15,4944.82,50594974,0.2,8,0.475,56.39
Sindh,5,12.31,36.1,4760.33,45065529,0.2,8,0.475,43.76
Khyber Pakhtunkhwa,12,20.03,55.43,5099.65,32302403,0.6,6,0.35,45.91
Sindh,11,6.07,16.1,4391.97,50589707,0.2,8,0.475,40.25
Azad Kashmir,11,19.63,40.64,3665.55,4324331,0.7,4,0.275,29.16
Sindh,10,17.56,52.65,4179.47,46529596,0.2,8,0.475,49.04
Balochistan,5,41.5,119.88,4226.25,11070603,0.5,5,0.3,47.03
Sindh,5,27.69,89.48,6059.68,45006847,0.2,8,0.475,60.78
Gilgit-Baltistan,11,26.62,77.3,2905.8,1847295,0.9,3,0.2,25.17
Balochistan,4,18.33,54.95,2753.39,12541406,0.5,5,0.3,25.63
Balochistan,9,22.37,65.88,2512.6,11261388,0.5,5,0.3,28.34
Balochistan,1,11.28,29.85,2432.6,12510064,0.5,5,0.3,24.38
Khyber Pakhtunkhwa,3,15.03,49.56,3804.21,36538255,0.6,6,0.35,40.46
Sindh,1,28.69,90.1,8045.34,44934314,0.2,8,0.475,58.03
KPK,5,10.26,28.47,3751.39,34773857,0.6,6,0.35,29.34
KPK,3,18.15,41.06,4353.37,36133061,0.6,6,0.35,39.64
Sindh,8,136.42,371.23,23837.69,49638529,0.2,8,0.475,100.0
Azad Kashmir,5,45.51,129.39,3997.24,3786403,0.7,4,0.275,42.07
Punjab,4,36.8,127.17,7314.11,101881601,0.3,7,0.425,53.33
Punjab,4,19.03,43.74,4166.06,115770938,0.3,7,0.425,44.98
Gilgit-Baltistan,6,119.06,465.94,10735.51,1744739,0.9,3,0.2,100.0
Punjab,10,24.77,77.11,6065.7,99318138,0.3,7,0.425,52.09
Khyber Pakhtunkhwa,5,12.6,31.4,3247.6,38106422,0.6,6,0.35,30.03
Azad Kashmir,8,179.32,557.94,14931.5,3705836,0.7,4,0.275,100.0
Gilgit-Baltistan,10,20.63,50.8,2253.24,1838612,0.9,3,0.2,21.41
KPK,9,30.6,103.87,6604.71,36941020,0.6,6,0.35,47.06
Gilgit-Baltistan,8,42.26,136.54,2634.09,1689804,0.9,3,0.2,27.96
Sindh,8,140.94,376.43,15300.47,45480236,0.2,8,0.475,100.0
Sindh,7,167.76,525.19,16735.84,45788932,0.2,8,0.475,100.0
Balochistan,12,16.07,51.47,3815.39,11894131,0.5,5,0.3,30.32
KPK,5,33.39,73.7,4949.69,38690567,0.6,6,0.35,47.06
Punjab,10,25.08,84.93,6838.54,105040746,0.3,7,0.425,62.61
Khyber Pakhtunkhwa,11,26.54,87.47,3231.68,34212740,0.6,6,0.35,38.01
KPK,5,34.54,106.29,6279.15,33932134,0.6,6,0.35,49.34
Azad Kashmir,12,25.99,54.33,2893.17,3782896,0.7,4,0.275,32.11
Punjab,8,228.84,917.58,32435.54,119642279,0.3,7,0.425,100.0
KPK,6,29.04,94.28,4643.74,33078243,0.6,6,0.35,47.04
Punjab,6,15.69,45.58,5688.23,113552846,0.3,7,0.425,48.43
Gilgit-Baltistan,1,36.5,123.71,3686.91,1861749,0.9,3,0.2,24.21
Punjab,2,14.87,39.91,4382.89,112963083,0.3,7,0.425,43.22
Sindh,7,154.07,439.66,16185.92,50783436,0.2,8,0.475,100.0
Gilgit-Baltistan,10,12.93,40.95,1783.8,1864577,0.9,3,0.2,22.83
KPK,7,206.42,584.65,27301.25,33766425,0.6,6,0.35,100.0
KPK,2,24.3,58.97,3087.88,37815584,0.6,6,0.35,35.63
Sindh,12,13.53,45.3,4113.88,46820933,0.2,8,0.475,37.65
Khyber Pakhtunkhwa,3,43.81,100.78,5191.7,32386149,0.6,6,0.35,43.55
Khyber Pakhtunkhwa,5,38.84,107.85,4382.69,37448814,0.6,6,0.35,43.03
Gilgit-Baltistan,11,16.24,48.47,1874.76,1805697,0.9,3,0.2,29.36
Khyber Pakhtunkhwa,10,13.44,33.44,2408.64,37656766,0.6,6,0.35,28.04
Punjab,3,18.65,63.58,4522.59,109918108,0.3,7,0.425,44.19
Azad Kashmir,1,15.09,48.38,2131.21,4269454,0.7,4,0.275,28.26
Punjab,7,62.88,178.57,7040.08,108930774,0.3,7,0.425,80.53
Sindh,3,13.35,27.23,3615.11,49647371,0.2,8,0.475,41.34
Khyber Pakhtunkhwa,10,25.49,54.05,5093.94,34758294,0.6,6,0.35,41.25
KPK,1,34.4,99.64,6667.31,32516365,0.6,6,0.35,54.72
Gilgit-Baltistan,5,19.82,60.45,2623.36,1871987,0.9,3,0.2,24.58
Azad Kashmir,2,21.02,71.63,4217.22,4327880,0.7,4,0.275,35.12
Gilgit-Baltistan,2,27.88,61.7,3248.26,1741918,0.9,3,0.2,22.87
KPK,5,29.24,101.36,3597.33,35741463,0.6,6,0.35,37.68
Azad Kashmir,9,21.49,61.04,2577.29,3989635,0.7,4,0.275,30.01
Balochistan,8,188.9,568.83,17157.15,11759341,0.5,5,0.3,100.0
KPK,4,28.75,86.5,3271.51,32367992,0.6,6,0.35,33.21
Sindh,7,256.67,1133.2,36000.0,48165417,0.2,8,0.475,100.0
Balochistan,2,29.06,64.37,3710.34,11151771,0.5,5,0.3,42.4
Azad Kashmir,9,19.84,54.84,2576.19,4337724,0.7,4,0.275,29.1
Balochistan,7,128.92,433.35,15584.96,13128444,0.5,5,0.3,100.0
Gilgit-Baltistan,2,31.51,78.6,2634.22,1946809,0.9,3,0.2,37.43
Punjab,6,41.0,116.37,5993.77,99685979,0.3,7,0.425,60.25
Punjab,8,101.78,398.18,18823.06,110800877,0.3,7,0.425,100.0
KPK,5,29.08,63.21,4036.56,35326154,0.6,6,0.35,34.62
Balochistan,4,33.74,100.39,3439.89,12736891,0.5,5,0.3,39.36
Sindh,2,18.8,62.16,6179.68,48085613,0.2,8,0.475,46.82
Azad Kashmir,2,39.77,91.28,3225.39,3855195,0.7,4,0.275,38.72
Sindh,9,236.68,834.39,31205.09,51393024,0.2,8,0.475,100.0
Punjab,10,20.51,46.81,3534.42,113539046,0.3,7,0.425,37.66
KPK,2,37.46,107.36,3747.61,37012686,0.6,6,0.35,37.34
Gilgit-Baltistan,4,13.2,26.63,1764.77,1643078,0.9,3,0.2,21.62
Khyber Pakhtunkhwa,7,79.92,221.39,9506.0,36788699,0.6,6,0.35,83.79
KPK,12,16.98,38.62,2773.28,34355279,0.6,6,0.35,31.47
Azad Kashmir,5,17.8,52.26,2755.66,3706653,0.7,4,0.275,37.06
Azad Kashmir,11,5.32,14.2,1771.59,4315045,0.7,4,0.275,20.23
Sindh,7,103.07,390.63,12903.88,52249087,0.2,8,0.475,100.0
KPK,7,232.52,608.83,25546.77,34883966,0.6,6,0.35,100.0
Balochistan,6,11.99,25.08,3308.52,11600890,0.5,5,0.3,26.99
Khyber Pakhtunkhwa,5,81.0,200.81,11989.21,36297854,0.6,6,0.35,80.3
Sindh,7,174.34,619.63,25080.81,49726584,0.2,8,0.475,100.0
Balochistan,2,25.13,73.7,3647.59,13226708,0.5,5,0.3,35.2
Sindh,6,24.08,56.1,7580.61,46161788,0.2,8,0.475,56.31
Sindh,6,27.6,68.27,7012.93,50955793,0.2,8,0.475,58.96
KPK,12,18.14,44.58,4105.02,37154635,0.6,6,0.35,32.9
Azad Kashmir,3,20.09,46.95,2084.39,3789839,0.7,4,0.275,29.01
Gilgit-Baltistan,11,26.64,64.32,2679.56,1877489,0.9,3,0.2,24.7
Balochistan,12,35.05,92.37,5154.02,11982813,0.5,5,0.3,53.65
Sindh,12,20.96,51.93,5144.48,49938727,0.2,8,0.475,49.6
Punjab,11,19.05,44.99,5667.64,117963793,0.3,7,0.425,41.87
KPK,1,5.03,12.01,2435.67,32320653,0.6,6,0.35,33.58
Balochistan,9,18.43,56.47,2365.01,11217224,0.5,5,0.3,26.66
KPK,8,123.77,483.89,13582.02,32888021,0.6,6,0.35,100.0
Balochistan,12,7.22,16.62,2704.62,13101509,0.5,5,0.3,31.47
Punjab,8,237.94,792.05,27695.91,108197135,0.3,7,0.425,100.0
Gilgit-Baltistan,2,19.98,66.94,2118.27,1630624,0.9,3,0.2,23.54
Azad Kashmir,12,10.88,37.0,2791.21,3621579,0.7,4,0.275,23.63
Punjab,9,304.05,932.17,36000.0,118825650,0.3,7,0.425,100.0
Gilgit-Baltistan,7,182.64,805.37,15108.99,1869027,0.9,3,0.2,100.0
Punjab,3,43.02,124.04,8961.92,107961477,0.3,7,0.425,63.68
Azad Kashmir,7,231.48,742.29,15020.33,3814692,0.7,4,0.275,100.0
Sindh,10,22.42,63.22,5515.45,44340027,0.2,8,0.475,52.56
Khyber Pakhtunkhwa,3,25.55,59.05,3327.73,37848534,0.6,6,0.35,36.65
Gilgit-Baltistan,7,223.76,561.62,10237.37,1695427,0.9,3,0.2,100.0
Azad Kashmir,9,21.2,61.6,3923.93,3996912,0.7,4,0.275,33.19
Gilgit-Baltistan,7,242.77,893.57,18651.75,1942286,0.9,3,0.2,100.0
Sindh,6,35.78,81.54,6520.49,52601451,0.2,8,0.475,63.06
KPK,6,7.78,22.71,3080.68,37614686,0.6,6,0.35,29.51
Khyber Pakhtunkhwa,10,15.42,42.61,4645.92,35658098,0.6,6,0.35,34.33
Sindh,8,111.5,473.05,14793.1,51268199,0.2,8,0.475,100.0
Punjab,5,30.01,67.08,4842.56,108816996,0.3,7,0.425,50.22
Khyber Pakhtunkhwa,3,21.46,48.59,2916.07,33678228,0.6,6,0.35,36.33
KPK,5,43.54,146.82,5762.98,36961485,0.6,6,0.35,46.92
Gilgit-Baltistan,9,28.37,77.05,3013.21,1898568,0.9,3,0.2,24.21
Sindh,11,23.05,51.83,6805.12,50805737,0.2,8,0.475,59.16
Balochistan,6,7.81,17.44,1947.87,12677410,0.5,5,0.3,26.6
KPK,9,7.83,26.77,3339.89,34852786,0.6,6,0.35,32.45
Sindh,11,17.72,48.72,5849.02,50306315,0.2,8,0.475,50.43
Sindh,7,130.12,403.19,21148.89,51572039,0.2,8,0.475,100.0
Punjab,3,12.76,29.21,2935.76,105812949,0.3,7,0.425,38.78
Punjab,8,171.99,644.38,28658.35,115201939,0.3,7,0.425,100.0
Gilgit-Baltistan,6,193.74,751.18,15423.01,1767334,0.9,3,0.2,100.0
Khyber Pakhtunkhwa,4,11.2,25.55,3189.93,38037569,0.6,6,0.35,34.73
Punjab,1,19.45,46.35,3672.43,112224692,0.3,7,0.425,38.93
Punjab,7,297.73,906.1,35990.56,99611441,0.3,7,0.425,100.0
Punjab,12,12.93,31.65,4240.05,104973488,0.3,7,0.425,35.99
Punjab,8,112.12,286.6,14240.08,103030969,0.3,7,0.425,100.0
KPK,12,41.36,120.96,6818.33,38283844,0.6,6,0.35,56.13
Balochistan,7,162.39,537.73,19724.22,12720319,0.5,5,0.3,100.0
Gilgit-Baltistan,4,13.83,32.31,2046.07,1870922,0.9,3,0.2,20.81
Gilgit-Baltistan,4,30.28,99.01,2382.65,1913303,0.9,3,0.2,23.09
Azad Kashmir,5,16.59,55.93,2747.01,3773985,0.7,4,0.275,25.9
Gilgit-Baltistan,8,29.11,98.24,2546.88,1779998,0.9,3,0.2,26.05
Sindh,6,34.95,82.67,6199.01,46491344,0.2,8,0.475,57.41
Sindh,6,42.37,124.97,8830.04,47716371,0.2,8,0.475,66.06
Punjab,6,38.19,92.72,5267.92,102673699,0.3,7,0.425,49.54
Punjab,8,216.88,544.55,20808.22,103262064,0.3,7,0.425,100.0
Gilgit-Baltistan,4,46.12,93.6,3227.4,1864102,0.9,3,0.2,42.91
Sindh,11,30.72,103.16,7037.38,46032294,0.2,8,0.475,64.23
KPK,6,18.58,57.01,4326.81,36008476,0.6,6,0.35,47.6
Khyber Pakhtunkhwa,7,241.33,877.84,33346.09,32906653,0.6,6,0.35,100.0
Sindh,10,18.32,55.56,4013.07,43320256,0.2,8,0.475,47.15
Punjab,11,32.98,89.51,6733.13,99173899,0.3,7,0.425,63.71
Khyber Pakhtunkhwa,12,32.93,101.3,4009.46,38437254,0.6,6,0.35,42.25
Punjab,10,23.13,52.12,4324.07,109498498,0.3,7,0.425,45.43
Gilgit-Baltistan,7,55.13,194.07,3861.82,1743152,0.9,3,0.2,55.94
Balochistan,4,22.47,52.91,2596.23,11193428,0.5,5,0.3,32.63
Azad Kashmir,2,11.73,39.58,2770.25,3622093,0.7,4,0.275,19.42
Balochistan,3,11.54,24.87,3113.12,11653220,0.5,5,0.3,30.4
Azad Kashmir,2,8.85,28.78,1829.57,4093382,0.7,4,0.275,21.94
KPK,4,24.16,56.84,4733.25,37925585,0.6,6,0.35,37.1
Azad Kashmir,2,21.71,72.84,2531.1,3763481,0.7,4,0.275,35.19
Khyber Pakhtunkhwa,11,18.66,46.73,4610.24,37304450,0.6,6,0.35,36.47
Sindh,11,26.69,68.09,7967.89,47817349,0.2,8,0.475,64.14
Sindh,5,18.94,38.18,3907.02,52552842,0.2,8,0.475,42.7
Punjab,6,10.83,29.97,3116.89,110424834,0.3,7,0.425,36.92
Sindh,2,10.89,26.73,3524.18,48901441,0.2,8,0.475,49.1
Gilgit-Baltistan,10,33.19,93.28,2885.84,1738905,0.9,3,0.2,28.31
Khyber Pakhtunkhwa,10,25.93,66.18,5545.08,32476606,0.6,6,0.35,36.95
Gilgit-Baltistan,12,7.54,22.21,1692.44,1675574,0.9,3,0.2,11.93
Gilgit-Baltistan,12,19.67,49.24,2164.18,1679939,0.9,3,0.2,19.55
KPK,10,18.81,61.08,3499.6,38846969,0.6,6,0.35,35.97
Azad Kashmir,4,9.36,24.37,2572.87,3852706,0.7,4,0.275,19.98
KPK,9,36.64,119.18,5633.83,35946399,0.6,6,0.35,44.27
Khyber Pakhtunkhwa,5,14.97,43.33,3033.44,37157182,0.6,6,0.35,33.84
KPK,2,50.8,150.39,7629.64,37103850,0.6,6,0.35,56.95
Balochistan,11,37.14,75.78,5059.95,12998721,0.5,5,0.3,44.5
Khyber Pakhtunkhwa,10,10.88,32.75,3450.72,37187059,0.6,6,0.35,34.55
Sindh,5,21.58,58.16,6112.32,48277119,0.2,8,0.475,54.41
Gilgit-Baltistan,1,14.7,42.98,1858.78,1823497,0.9,3,0.2,20.18
Azad Kashmir,4,8.67,18.79,2754.73,3812031,0.7,4,0.275,24.42
Gilgit-Baltistan,6,165.83,477.39,8486.79,1839416,0.9,3,0.2,100.0
KPK,7,227.96,679.74,30322.83,35574293,0.6,6,0.35,100.0
Khyber Pakhtunkhwa,12,17.12,35.07,3804.17,37499875,0.6,6,0.35,30.24
Gilgit-Baltistan,5,8.93,20.08,1619.85,1959057,0.9,3,0.2,14.36
Khyber Pakhtunkhwa,4,31.35,71.33,6198.65,37051524,0.6,6,0.35,51.1
Balochistan,2,30.32,63.99,5330.27,12497814,0.5,5,0.3,48.86
Khyber Pakhtunkhwa,1,24.56,63.01,3086.73,32648476,0.6,6,0.35,40.44
Punjab,9,254.23,776.77,36000.0,104399585,0.3,7,0.425,100.0
KPK,5,26.82,65.36,4743.01,37814384,0.6,6,0.35,35.23
Balochistan,7,124.83,393.65,12586.39,12027827,0.5,5,0.3,100.0
Punjab,2,32.73,93.61,8212.3,101272109,0.3,7,0.425,50.77
Azad Kashmir,1,17.23,51.77,3257.7,4359223,0.7,4,0.275,34.15
Sindh,6,18.38,52.57,4589.2,47271649,0.2,8,0.475,54.74
Punjab,3,34.51,86.17,5950.9,107925632,0.3,7,0.425,53.21
Azad Kashmir,10,17.73,48.97,3432.05,4158714,0.7,4,0.275,29.14
Balochistan,6,46.26,97.42,3650.87,13444534,0.5,5,0.3,41.64
KPK,10,9.42,25.45,3179.39,35164642,0.6,6,0.35,29.62
Sindh,4,24.23,75.39,4943.27,48760006,0.2,8,0.475,59.44
Khyber Pakhtunkhwa,10,19.69,42.92,3075.71,33153964,0.6,6,0.35,23.68
Balochistan,10,16.46,38.81,3083.67,11787102,0.5,5,0.3,40.4
Punjab,9,201.9,905.58,36000.0,114144087,0.3,7,0.425,100.0
Punjab,3,22.68,62.05,4670.89,101403189,0.3,7,0.425,45.9
Balochistan,12,14.22,39.16,2354.97,12754203,0.5,5,0.3,26.21
Azad Kashmir,4,25.9,73.98,3516.78,4287309,0.7,4,0.275,35.31
Khyber Pakhtunkhwa,4,19.18,55.48,4389.83,34556116,0.6,6,0.35,38.46
Khyber Pakhtunkhwa,1,16.68,53.67,3079.94,35266807,0.6,6,0.35,31.1
Balochistan,12,32.55,78.45,5184.77,12574558,0.5,5,0.3,41.98
Azad Kashmir,7,193.43,713.88,18295.18,3689215,0.7,4,0.275,100.0
Gilgit-Baltistan,9,24.2,53.59,2665.04,1709598,0.9,3,0.2,21.53
Balochistan,2,19.02,56.22,3963.76,11585236,0.5,5,0.3,34.95
Sindh,8,123.57,423.22,19734.36,52518059,0.2,8,0.475,100.0
Azad Kashmir,8,224.34,888.76,18069.52,3867549,0.7,4,0.275,100.0
Azad Kashmir,11,27.76,94.87,2754.64,4370804,0.7,4,0.275,39.01
KPK,8,157.8,694.31,24591.3,36595714,0.6,6,0.35,100.0
Sindh,12,32.2,106.34,8769.52,46681258,0.2,8,0.475,63.51
Punjab,8,300.66,798.9,36000.0,111106251,0.3,7,0.425,100.0
Punjab,7,203.85,846.33,21366.25,112688368,0.3,7,0.425,100.0
Sindh,12,24.5,84.58,4977.3,48662609,0.2,8,0.475,48.82
Balochistan,2,34.88,71.66,5641.58,11498614,0.5,5,0.3,35.98
Gilgit-Baltistan,7,232.45,652.87,13179.9,1904571,0.9,3,0.2,100.0
KPK,7,166.48,436.2,17418.33,35011265,0.6,6,0.35,100.0
Azad Kashmir,4,10.12,30.69,2554.81,4351852,0.7,4,0.275,25.72
Azad Kashmir,7,252.55,815.13,24344.29,4146672,0.7,4,0.275,100.0
Punjab,9,133.07,591.65,25933.48,99206202,0.3,7,0.425,100.0
Khyber Pakhtunkhwa,7,175.53,565.91,16929.0,37324177,0.6,6,0.35,100.0
Khyber Pakhtunkhwa,7,106.59,385.4,11451.33,36517400,0.6,6,0.35,100.0
KPK,8,216.73,730.69,26820.21,32354512,0.6,6,0.35,100.0
Punjab,8,90.27,363.61,12249.43,100993431,0.3,7,0.425,100.0
Gilgit-Baltistan,5,15.97,53.8,2705.65,1769651,0.9,3,0.2,21.06
Punjab,1,36.7,77.35,6109.61,112661739,0.3,7,0.425,60.23
KPK,11,25.38,64.85,4065.1,38736461,0.6,6,0.35,33.02
KPK,1,12.92,39.71,2703.92,36446813,0.6,6,0.35,23.39
Khyber Pakhtunkhwa,8,118.89,504.23,11105.68,32717288,0.6,6,0.35,100.0
Sindh,6,6.63,18.87,3086.32,47160468,0.2,8,0.475,41.01
Punjab,5,19.93,64.51,6289.24,118954289,0.3,7,0.425,44.49
Gilgit-Baltistan,10,8.97,26.8,2222.7,1720768,0.9,3,0.2,14.76
Punjab,11,20.3,47.18,4957.7,115873684,0.3,7,0.425,47.93
Gilgit-Baltistan,2,33.5,111.17,2747.08,1878475,0.9,3,0.2,29.93
Gilgit-Baltistan,4,16.26,38.25,2267.65,1826386,0.9,3,0.2,15.68
Balochistan,10,7.56,16.0,2675.91,13473360,0.5,5,0.3,27.39
KPK,8,150.99,496.96,21472.8,37824184,0.6,6,0.35,100.0
Balochistan,8,298.04,1047.26,30262.14,12162357,0.5,5,0.3,100.0
Azad Kashmir,12,32.77,104.17,2804.02,4329504,0.7,4,0.275,36.78
KPK,2,21.44,63.48,3932.12,36768229,0.6,6,0.35,30.32
Azad Kashmir,12,29.19,98.95,5213.95,4195948,0.7,4,0.275,41.71
Sindh,2,34.49,93.77,6634.25,43421634,0.2,8,0.475,63.34
Balochistan,12,13.69,33.0,2047.0,12579957,0.5,5,0.3,36.93
Gilgit-Baltistan,12,16.69,45.89,1904.45,1956037,0.9,3,0.2,27.39
Balochistan,2,12.28,33.48,2681.09,12347938,0.5,5,0.3,33.84
Sindh,7,121.08,438.13,16738.98,44043627,0.2,8,0.475,100.0
Gilgit-Baltistan,2,35.81,103.02,2186.46,1940434,0.9,3,0.2,24.83
Sindh,12,21.1,61.96,5824.16,48991916,0.2,8,0.475,53.27
Azad Kashmir,12,33.01,78.98,4248.3,4067179,0.7,4,0.275,37.72
Gilgit-Baltistan,1,18.5,40.31,2247.9,1736453,0.9,3,0.2,15.01
Gilgit-Baltistan,12,31.89,83.49,1941.74,1704502,0.9,3,0.2,27.4
Balochistan,8,184.52,707.54,14902.98,13070336,0.5,5,0.3,100.0
Gilgit-Baltistan,11,15.83,47.35,1902.01,1630052,0.9,3,0.2,19.49
Khyber Pakhtunkhwa,5,10.24,21.61,2896.29,38207919,0.6,6,0.35,21.46
Punjab,8,178.52,657.4,31672.75,106320821,0.3,7,0.425,100.0
Azad Kashmir,5,18.24,47.71,3052.45,4224050,0.7,4,0.275,25.6
Azad Kashmir,2,52.48,109.38,6321.18,4245668,0.7,4,0.275,46.57
KPK,1,34.97,85.47,4324.86,35132982,0.6,6,0.35,43.97
KPK,12,42.8,94.8,5207.46,36672910,0.6,6,0.35,46.41
Khyber Pakhtunkhwa,4,53.03,174.96,6383.66,35838756,0.6,6,0.35,54.21
Azad Kashmir,12,66.24,184.16,4620.08,3686257,0.7,4,0.275,47.33
Azad Kashmir,12,20.63,66.58,3942.22,3772566,0.7,4,0.275,25.52
Azad Kashmir,1,12.19,30.11,2605.72,3822884,0.7,4,0.275,27.39
Balochistan,9,30.93,101.69,3085.3,12050603,0.5,5,0.3,40.55
Sindh,7,118.42,372.89,15906.0,46241962,0.2,8,0.475,100.0
Balochistan,8,250.83,760.49,27354.08,12538119,0.5,5,0.3,100.0
Gilgit-Baltistan,7,177.2,485.41,12569.98,1770206,0.9,3,0.2,100.0
Balochistan,8,149.42,568.54,19623.31,11571822,0.5,5,0.3,100.0
Sindh,6,19.07,57.98,5701.86,46038528,0.2,8,0.475,49.87
KPK,4,12.05,24.99,3112.67,37887077,0.6,6,0.35,29.65
KPK,9,24.77,77.81,5082.77,34903152,0.6,6,0.35,43.24
Punjab,1,8.73,20.69,2922.84,99747745,0.3,7,0.425,34.36
Gilgit-Baltistan,12,23.88,64.28,1846.11,1779065,0.9,3,0.2,22.49
Gilgit-Baltistan,7,133.44,554.76,7561.88,1919086,0.9,3,0.2,97.4
Balochistan,1,17.59,40.2,2805.68,12371713,0.5,5,0.3,35.18
Gilgit-Baltistan,7,131.13,508.5,5915.03,1641485,0.9,3,0.2,95.71
Khyber Pakhtunkhwa,10,18.77,38.85,3253.61,36747973,0.6,6,0.35,31.91
Sindh,8,140.69,592.28,25642.49,50687591,0.2,8,0.475,100.0
Punjab,6,5.95,17.48,3256.74,112372441,0.3,7,0.425,33.53
Balochistan,2,19.65,47.35,4047.72,13265443,0.5,5,0.3,41.34
Gilgit-Baltistan,9,7.34,22.25,1561.12,1954244,0.9,3,0.2,13.77
Khyber Pakhtunkhwa,3,22.66,78.16,5405.7,35688516,0.6,6,0.35,45.62
Sindh,1,15.46,42.4,4631.09,43220871,0.2,8,0.475,42.79
KPK,6,25.46,75.59,4888.06,33845359,0.6,6,0.35,43.99
Gilgit-Baltistan,7,165.03,530.85,11187.64,1820576,0.9,3,0.2,100.0
KPK,3,11.1,26.74,2452.63,33256852,0.6,6,0.35,20.84
Khyber Pakhtunkhwa,2,22.0,72.5,3469.79,38214342,0.6,6,0.35,37.76
Khyber Pakhtunkhwa,8,171.93,743.56,23668.46,36367165,0.6,6,0.35,100.0
Azad Kashmir,7,133.6,405.38,12336.27,4355654,0.7,4,0.275,100.0
Sindh,2,30.62,95.47,6583.94,47218127,0.2,8,0.475,58.53
Khyber Pakhtunkhwa,4,9.53,24.55,3926.29,38909786,0.6,6,0.35,35.43
KPK,8,118.47,488.57,10515.22,33870959,0.6,6,0.35,100.0
Balochistan,4,25.09,75.3,2597.84,13119711,0.5,5,0.3,37.23
Khyber Pakhtunkhwa,1,18.99,42.73,4657.74,34712506,0.6,6,0.35,36.15
Azad Kashmir,2,23.01,47.49,2964.5,3834353,0.7,4,0.275,32.68
Azad Kashmir,9,14.21,43.57,3569.21,4353898,0.7,4,0.275,28.39
Sindh,9,380.0,1300.0,36000.0,46082220,0.2,8,0.475,100.0
Khyber Pakhtunkhwa,3,14.48,30.54,3191.11,35594983,0.6,6,0.35,32.05
Punjab,3,14.99,41.57,3688.89,120936540,0.3,7,0.425,39.46
Khyber Pakhtunkhwa,5,13.44,38.19,3580.76,33984230,0.6,6,0.35,38.04
Punjab,5,12.16,34.14,5001.37,100111371,0.3,7,0.425,38.48
KPK,1,13.67,46.52,2829.76,38562196,0.6,6,0.35,28.32
Azad Kashmir,2,17.96,59.95,2411.01,3940186,0.7,4,0.275,34.53
KPK,2,1.71,5.39,1706.08,36505028,0.6,6,0.35,21.11
Balochistan,11,28.1,72.66,4512.96,11951081,0.5,5,0.3,40.72
Sindh,8,81.24,337.87,12136.02,48022767,0.2,8,0.475,100.0
Khyber Pakhtunkhwa,3,41.42,134.93,7046.72,33705103,0.6,6,0.35,50.13
KPK,7,191.32,664.66,15955.28,38686118,0.6,6,0.35,100.0
Gilgit-Baltistan,8,6.52,17.7,1505.64,1739087,0.9,3,0.2,15.02
Khyber Pakhtunkhwa,10,16.4,41.82,4135.09,35255273,0.6,6,0.35,34.56
Khyber Pakhtunkhwa,12,5.13,12.43,2345.37,36916050,0.6,6,0.35,31.11
Gilgit-Baltistan,9,28.73,76.61,3229.96,1797180,0.9,3,0.2,23.28
Sindh,3,22.46,62.02,7165.41,43486474,0.2,8,0.475,55.24
Khyber Pakhtunkhwa,7,335.75,1196.32,36000.0,35402233,0.6,6,0.35,100.0
KPK,3,27.25,91.09,4360.92,33990534,0.6,6,0.35,36.33
Khyber Pakhtunkhwa,3,19.71,47.3,2629.88,34840371,0.6,6,0.35,24.83
Khyber Pakhtunkhwa,5,18.26,43.09,3255.68,34073284,0.6,6,0.35,27.27
Khyber Pakhtunkhwa,7,162.09,495.85,19837.36,32046979,0.6,6,0.35,100.0
Sindh,9,210.67,926.01,36000.0,52127802,0.2,8,0.475,100.0
Sindh,4,39.76,101.04,5674.51,50566390,0.2,8,0.475,63.69
Sindh,4,12.64,37.46,4903.35,44640590,0.2,8,0.475,45.89
KPK,1,21.0,57.52,3397.33,34032341,0.6,6,0.35,38.45
Khyber Pakhtunkhwa,10,32.58,96.53,6046.32,35646899,0.6,6,0.35,56.5
Gilgit-Baltistan,4,20.25,48.69,2320.35,1749656,0.9,3,0.2,12.89
Azad Kashmir,5,35.02,100.29,3892.26,3936816,0.7,4,0.275,35.35
Khyber Pakhtunkhwa,2,37.08,96.47,5953.49,38044363,0.6,6,0.35,45.94
Azad Kashmir,2,24.08,55.74,3125.13,4192982,0.7,4,0.275,41.49
Balochistan,7,145.01,368.82,16106.63,11348601,0.5,5,0.3,100.0
Balochistan,6,13.42,40.68,3817.97,12478230,0.5,5,0.3,35.63
KPK,8,220.57,729.52,25663.1,34682685,0.6,6,0.35,100.0
Gilgit-Baltistan,8,24.58,70.65,2660.61,1647721,0.9,3,0.2,26.44
KPK,9,29.26,86.72,5448.91,37071971,0.6,6,0.35,46.53
Sindh,6,16.3,47.78,4751.76,49080092,0.2,8,0.475,52.22
Punjab,8,147.78,564.63,27685.87,102233248,0.3,7,0.425,100.0
Sindh,1,32.23,106.32,5127.31,44425358,0.2,8,0.475,56.97
Balochistan,12,67.17,139.27,8233.88,13055423,0.5,5,0.3,63.51
KPK,11,14.55,42.91,3502.9,38676100,0.6,6,0.35,27.57
KPK,1,17.16,41.04,4697.11,38553185,0.6,6,0.35,34.91
Gilgit-Baltistan,2,18.77,46.5,2662.72,1621092,0.9,3,0.2,28.11
Azad Kashmir,7,257.22,1060.0,27117.89,3627700,0.7,4,0.275,100.0
Gilgit-Baltistan,11,20.82,57.79,2800.66,1856010,0.9,3,0.2,26.39
KPK,5,16.9,48.11,3623.74,36496700,0.6,6,0.35,30.92
Azad Kashmir,5,23.17,75.36,3173.43,3658151,0.7,4,0.275,27.03
KPK,8,154.64,664.55,22317.72,38350434,0.6,6,0.35,100.0
Sindh,4,12.43,25.07,3666.01,46207222,0.2,8,0.475,43.47
Azad Kashmir,5,20.28,44.47,2351.48,3832725,0.7,4,0.275,27.22
KPK,1,17.64,41.57,4628.69,36769804,0.6,6,0.35,33.47
Balochistan,1,14.5,35.04,3346.55,12082903,0.5,5,0.3,33.87
KPK,4,17.37,41.03,2986.07,34096898,0.6,6,0.35,34.09
Azad Kashmir,6,27.0,64.81,2536.26,3864832,0.7,4,0.275,27.81
Gilgit-Baltistan,12,18.77,48.61,1637.2,1701295,0.9,3,0.2,19.09
Punjab,11,22.79,58.79,4503.94,101783487,0.3,7,0.425,42.93
Gilgit-Baltistan,4,16.31,38.87,1511.37,1874015,0.9,3,0.2,17.84
Balochistan,11,19.71,62.65,4110.59,11944764,0.5,5,0.3,33.42
Sindh,9,126.03,543.5,21814.85,47568765,0.2,8,0.475,100.0
Gilgit-Baltistan,6,158.87,587.65,13060.28,1828226,0.9,3,0.2,100.0
Punjab,3,30.22,64.55,4396.18,112308556,0.3,7,0.425,54.8
Gilgit-Baltistan,4,14.62,42.76,2006.76,1785311,0.9,3,0.2,20.26
Azad Kashmir,11,40.81,96.26,4915.87,3609944,0.7,4,0.275,47.48
Azad Kashmir,8,164.98,581.52,15875.0,3965527,0.7,4,0.275,100.0
KPK,5,5.26,13.51,2084.35,32108332,0.6,6,0.35,28.92
Sindh,10,23.62,82.65,5229.17,44902719,0.2,8,0.475,53.13
Gilgit-Baltistan,3,21.31,42.92,2345.13,1846576,0.9,3,0.2,17.22
Punjab,5,26.21,69.1,6722.87,104606679,0.3,7,0.425,51.49
Balochistan,2,14.42,34.1,3191.5,11618968,0.5,5,0.3,25.44
Azad Kashmir,1,27.46,80.81,2690.95,3972644,0.7,4,0.275,34.46
Punjab,1,25.69,54.69,4809.28,111510044,0.3,7,0.425,46.87
Balochistan,12,37.22,86.68,4853.77,12792516,0.5,5,0.3,38.92
Sindh,1,45.69,152.75,11600.49,49996270,0.2,8,0.475,75.29
Sindh,6,30.89,81.98,6369.41,49606001,0.2,8,0.475,54.33
Punjab,11,32.54,94.5,5034.48,113799695,0.3,7,0.425,49.32
Balochistan,11,19.1,56.96,4422.65,13038099,0.5,5,0.3,35.51
Balochistan,11,44.77,140.44,6124.99,11881101,0.5,5,0.3,52.01
Sindh,9,205.88,850.97,22576.2,48656529,0.2,8,0.475,100.0
Gilgit-Baltistan,6,98.49,407.25,4961.36,1669463,0.9,3,0.2,78.85
Gilgit-Baltistan,3,17.64,45.04,2615.32,1788203,0.9,3,0.2,22.41
Punjab,2,7.59,24.34,4548.13,115710588,0.3,7,0.425,42.41
Balochistan,7,189.61,848.69,24163.25,12415354,0.5,5,0.3,100.0
KPK,9,28.32,80.87,3679.7,33054500,0.6,6,0.35,40.86
Punjab,5,8.43,29.16,3159.12,118223965,0.3,7,0.425,27.05
Gilgit-Baltistan,3,46.55,106.88,3192.09,1717978,0.9,3,0.2,38.1
KPK,1,34.24,73.04,6018.69,35337819,0.6,6,0.35,48.07
Khyber Pakhtunkhwa,12,53.87,183.71,8924.08,38263620,0.6,6,0.35,68.25
Khyber Pakhtunkhwa,2,27.52,68.44,4330.04,37056605,0.6,6,0.35,43.26
Azad Kashmir,10,13.63,33.27,2224.08,4271145,0.7,4,0.275,25.47
Punjab,5,23.39,54.74,4961.7,99193798,0.3,7,0.425,49.39
Khyber Pakhtunkhwa,9,13.91,37.33,2649.23,34894615,0.6,6,0.35,28.3
Punjab,6,9.51,23.97,3200.94,113824336,0.3,7,0.425,39.49
Azad Kashmir,9,12.04,30.29,2006.43,3666808,0.7,4,0.275,26.35
Azad Kashmir,1,36.09,113.08,3949.36,4227812,0.7,4,0.275,42.12
Balochistan,6,22.83,57.63,4300.51,12144815,0.5,5,0.3,42.01
Punjab,1,9.91,29.18,3637.3,102764744,0.3,7,0.425,38.67
Gilgit-Baltistan,8,9.79,23.44,1442.48,1887200,0.9,3,0.2,16.14
Azad Kashmir,1,24.69,51.1,3803.81,4032006,0.7,4,0.275,33.09
Sindh,7,270.69,824.59,25105.83,43746468,0.2,8,0.475,100.0
Azad Kashmir,1,32.12,89.63,4911.8,3668132,0.7,4,0.275,47.53
Azad Kashmir,9,18.17,46.87,3270.95,4393370,0.7,4,0.275,30.48
Khyber Pakhtunkhwa,1,24.64,50.05,3639.66,32311792,0.6,6,0.35,31.86
Azad Kashmir,3,26.1,64.5,3409.42,3614826,0.7,4,0.275,31.17
Azad Kashmir,8,151.98,480.2,14684.49,3607678,0.7,4,0.275,100.0
Balochistan,5,7.1,15.85,2833.02,11725652,0.5,5,0.3,33.82
Punjab,11,20.66,58.47,3450.73,111973340,0.3,7,0.425,41.33
Gilgit-Baltistan,8,10.11,25.72,2348.17,1725071,0.9,3,0.2,19.45
Gilgit-Baltistan,4,18.58,44.98,1869.09,1670492,0.9,3,0.2,16.05
Gilgit-Baltistan,6,277.34,1087.53,22506.0,1857589,0.9,3,0.2,100.0
Punjab,8,198.27,639.38,22457.67,104543813,0.3,7,0.425,100.0
Azad Kashmir,9,17.27,46.42,3042.76,3964320,0.7,4,0.275,29.43
KPK,6,30.32,76.81,4906.06,35712925,0.6,6,0.35,38.46
Sindh,7,245.93,813.93,25669.94,50980010,0.2,8,0.475,100.0
Punjab,9,122.51,388.63,20985.22,111303145,0.3,7,0.425,100.0
Balochistan,7,242.83,794.28,20708.86,13132713,0.5,5,0.3,100.0
Sindh,2,29.0,65.18,7918.13,52603184,0.2,8,0.475,54.91
Gilgit-Baltistan,1,8.94,30.28,1946.64,1942966,0.9,3,0.2,24.96
Azad Kashmir,9,32.05,92.46,4368.91,4337500,0.7,4,0.275,39.01
Gilgit-Baltistan,2,25.24,59.14,2214.07,1842225,0.9,3,0.2,29.1
Sindh,4,12.24,34.9,5845.98,48307273,0.2,8,0.475,53.0
Sindh,3,30.56,99.46,6852.66,46166684,0.2,8,0.475,58.94
Balochistan,9,24.58,72.08,3695.94,13337380,0.5,5,0.3,36.13
Khyber Pakhtunkhwa,9,24.72,78.51,4473.86,37027944,0.6,6,0.35,42.82
Punjab,10,32.58,93.3,8161.23,107128022,0.3,7,0.425,59.23
Gilgit-Baltistan,5,26.77,68.97,3316.91,1816332,0.9,3,0.2,30.77
Azad Kashmir,4,27.05,74.46,2822.54,4146360,0.7,4,0.275,27.45
Khyber Pakhtunkhwa,3,22.96,69.23,2926.47,32819290,0.6,6,0.35,40.15
Gilgit-Baltistan,10,21.49,53.97,2707.26,1779227,0.9,3,0.2,30.02
Balochistan,12,10.62,25.22,3112.16,11153617,0.5,5,0.3,26.24
Punjab,4,20.68,62.3,5433.88,106861642,0.3,7,0.425,46.95
KPK,8,150.0,477.69,19562.06,33732027,0.6,6,0.35,100.0
Punjab,7,214.48,926.51,29983.71,100077978,0.3,7,0.425,100.0
Punjab,3,14.21,48.26,4750.07,118303502,0.3,7,0.425,38.44
Balochistan,2,23.18,49.56,4567.78,12197947,0.5,5,0.3,42.85
KPK,1,44.99,139.76,7596.68,33072144,0.6,6,0.35,57.54
Khyber Pakhtunkhwa,8,142.39,441.47,14750.58,38772806,0.6,6,0.35,100.0
Punjab,11,46.61,144.01,5600.94,110751005,0.3,7,0.425,60.73
Azad Kashmir,9,14.7,45.83,2994.83,4042599,0.7,4,0.275,26.04
Gilgit-Baltistan,11,31.51,86.42,3287.05,1934936,0.9,3,0.2,30.49
Sindh,9,206.07,591.8,30258.94,51447531,0.2,8,0.475,100.0
KPK,12,13.4,43.76,4474.96,36626436,0.6,6,0.35,35.81
Khyber Pakhtunkhwa,12,32.57,87.51,3929.32,37941088,0.6,6,0.35,45.16
KPK,7,193.8,627.39,23443.79,38562722,0.6,6,0.35,100.0
Sindh,9,380.0,1300.0,36000.0,48753502,0.2,8,0.475,100.0
KPK,4,37.86,84.29,3865.43,34041604,0.6,6,0.35,50.42
Sindh,12,31.16,70.7,4581.87,51258365,0.2,8,0.475,45.67
Gilgit-Baltistan,10,12.05,27.75,1956.24,1750821,0.9,3,0.2,17.37
Gilgit-Baltistan,9,8.59,29.33,2118.44,1865056,0.9,3,0.2,19.41
Khyber Pakhtunkhwa,10,23.94,72.18,3917.25,38206507,0.6,6,0.35,33.61
Khyber Pakhtunkhwa,5,18.99,60.33,2848.97,38764370,0.6,6,0.35,34.82
Sindh,11,24.85,79.66,7544.86,51226410,0.2,8,0.475,66.8
Gilgit-Baltistan,8,31.87,69.3,2528.66,1910356,0.9,3,0.2,28.78
Punjab,2,42.93,148.84,6818.75,115869406,0.3,7,0.425,61.71
Khyber Pakhtunkhwa,8,192.93,561.54,20099.84,37486159,0.6,6,0.35,100.0
Punjab,11,28.29,66.0,5302.97,116029349,0.3,7,0.425,49.2
KPK,5,11.2,29.39,2657.47,35820807,0.6,6,0.35,27.02
Khyber Pakhtunkhwa,3,22.94,76.8,3404.9,37837825,0.6,6,0.35,39.48
Balochistan,7,174.41,520.34,17508.57,11791536,0.5,5,0.3,100.0
Balochistan,6,20.78,57.37,4437.86,12960923,0.5,5,0.3,36.47
Khyber Pakhtunkhwa,11,15.18,41.55,2775.45,36727757,0.6,6,0.35,33.96
Gilgit-Baltistan,7,150.82,469.44,12351.83,1657170,0.9,3,0.2,100.0
Sindh,4,18.38,44.8,6508.7,44817335,0.2,8,0.475,55.44
KPK,12,31.11,98.87,6664.04,35091373,0.6,6,0.35,45.89
Khyber Pakhtunkhwa,1,10.04,22.7,2802.73,38117605,0.6,6,0.35,29.2
KPK,12,27.92,66.08,5894.68,37871459,0.6,6,0.35,41.64
Gilgit-Baltistan,12,15.01,34.22,2193.22,1797310,0.9,3,0.2,22.78
Sindh,2,27.7,82.56,8403.09,44128993,0.2,8,0.475,64.85
KPK,3,9.54,26.03,2303.0,37094645,0.6,6,0.35,25.79
KPK,10,26.82,78.07,5974.67,33021961,0.6,6,0.35,42.36
Khyber Pakhtunkhwa,8,135.36,502.83,16097.86,33116078,0.6,6,0.35,100.0
Khyber Pakhtunkhwa,3,6.53,18.69,2500.76,36751849,0.6,6,0.35,32.17
Gilgit-Baltistan,5,8.41,24.32,1400.36,1919430,0.9,3,0.2,12.79
KPK,11,17.27,60.4,4679.16,34434073,0.6,6,0.35,45.01
Azad Kashmir,3,19.72,51.54,3802.67,4027791,0.7,4,0.275,31.45
Khyber Pakhtunkhwa,12,19.34,42.17,3046.76,38297283,0.6,6,0.35,26.57
Balochistan,6,60.38,137.28,5863.44,12386386,0.5,5,0.3,58.48
Sindh,6,23.82,57.88,4460.66,51248704,0.2,8,0.475,46.07
Sindh,2,22.33,57.09,5615.97,48349446,0.2,8,0.475,57.02
Sindh,8,144.34,435.23,25512.19,45773079,0.2,8,0.475,100.0
Gilgit-Baltistan,11,19.64,56.24,1842.43,1958595,0.9,3,0.2,21.04
KPK,8,286.4,1074.23,32560.93,36585252,0.6,6,0.35,100.0
KPK,10,11.13,28.43,3904.97,32445987,0.6,6,0.35,35.03
Punjab,4,27.24,93.88,4290.22,115917991,0.3,7,0.425,49.88
Azad Kashmir,3,18.37,63.43,2571.95,3674968,0.7,4,0.275,31.57
KPK,8,167.01,524.03,16754.39,38423441,0.6,6,0.35,100.0
KPK,6,33.99,70.39,5827.13,34603469,0.6,6,0.35,40.11
KPK,4,13.95,38.92,3216.55,34305569,0.6,6,0.35,27.1
Azad Kashmir,8,154.85,442.71,9099.88,4069875,0.7,4,0.275,100.0
Punjab,5,27.83,60.37,4739.27,105059825,0.3,7,0.425,47.86
KPK,4,29.76,88.07,3667.39,35252460,0.6,6,0.35,34.01
Balochistan,8,110.82,318.87,13807.87,11918495,0.5,5,0.3,100.0
Punjab,7,170.53,504.55,21914.04,101435166,0.3,7,0.425,100.0
Sindh,7,187.75,565.05,25959.22,47402281,0.2,8,0.475,100.0
KPK,5,46.85,142.89,5216.36,36557528,0.6,6,0.35,53.41
Khyber Pakhtunkhwa,5,24.69,69.97,5092.11,32845109,0.6,6,0.35,49.59
KPK,6,26.27,74.1,3595.2,37399284,0.6,6,0.35,37.75
Khyber Pakhtunkhwa,5,10.19,32.51,3410.72,32404766,0.6,6,0.35,23.79
Punjab,10,5.52,13.62,3587.06,103593005,0.3,7,0.425,33.01
Punjab,12,27.4,76.6,4284.98,116544647,0.3,7,0.425,45.2
Azad Kashmir,8,137.35,369.4,9203.21,4168842,0.7,4,0.275,100.0
Punjab,2,30.36,74.01,7428.72,108324041,0.3,7,0.425,62.88
Balochistan,6,24.67,81.32,3415.65,11746390,0.5,5,0.3,43.09
Khyber Pakhtunkhwa,10,25.54,82.99,3579.29,35853350,0.6,6,0.35,44.28
Khyber Pakhtunkhwa,7,182.08,625.22,18546.47,34756094,0.6,6,0.35,100.0
Punjab,1,25.81,83.7,5972.92,101234229,0.3,7,0.425,54.32
Azad Kashmir,6,22.1,73.66,4194.93,3734516,0.7,4,0.275,34.58
Azad Kashmir,2,14.09,38.63,3203.25,4180941,0.7,4,0.275,27.2
KPK,10,21.96,57.08,5048.48,38880702,0.6,6,0.35,40.41
Azad Kashmir,7,86.22,318.49,6605.64,4154471,0.7,4,0.275,84.34
KPK,9,11.57,39.61,3351.12,32463089,0.6,6,0.35,31.96
Azad Kashmir,11,19.54,39.68,2043.52,4141529,0.7,4,0.275,28.12
KPK,1,16.55,39.51,3225.34,33109966,0.6,6,0.35,30.55
Sindh,12,18.66,65.28,4860.58,46814601,0.2,8,0.475,49.64
Sindh,12,19.93,55.95,6585.17,50050948,0.2,8,0.475,48.09
Punjab,12,3.05,10.61,2370.37,113505281,0.3,7,0.425,37.74
Punjab,11,19.25,50.66,4849.41,100041409,0.3,7,0.425,43.07
KPK,5,41.33,89.52,7065.52,33943919,0.6,6,0.35,46.9
KPK,6,10.08,23.68,2634.93,34984591,0.6,6,0.35,31.11
KPK,7,260.31,829.19,31202.44,33574543,0.6,6,0.35,100.0
Balochistan,7,259.91,868.62,18811.59,12404626,0.5,5,0.3,100.0
Punjab,8,124.49,464.44,21298.39,107174086,0.3,7,0.425,100.0
KPK,3,15.26,49.69,4623.78,35284755,0.6,6,0.35,29.64
Sindh,11,33.01,73.59,5146.26,47140023,0.2,8,0.475,56.94
KPK,10,17.05,49.22,2791.66,37226863,0.6,6,0.35,36.75
Sindh,4,9.15,21.35,3962.74,51948950,0.2,8,0.475,43.14
KPK,12,20.76,45.78,3491.08,33941265,0.6,6,0.35,32.97
Sindh,1,17.84,42.0,3654.49,47907864,0.2,8,0.475,47.01
Khyber Pakhtunkhwa,2,6.53,22.48,3749.87,36684253,0.6,6,0.35,32.58
Punjab,6,17.3,37.31,3160.47,110153286,0.3,7,0.425,32.89
KPK,3,36.83,80.83,4901.09,38941687,0.6,6,0.35,46.55
Punjab,8,147.21,564.99,27117.84,114338534,0.3,7,0.425,100.0
KPK,10,26.52,65.1,5454.28,37834442,0.6,6,0.35,42.29
KPK,2,16.5,53.84,3104.25,34746450,0.6,6,0.35,29.95
Khyber Pakhtunkhwa,6,25.71,53.32,3118.0,32103990,0.6,6,0.35,39.3
KPK,1,8.93,19.51,1985.67,36730319,0.6,6,0.35,33.21
KPK,9,21.12,70.01,2843.7,36598097,0.6,6,0.35,25.57
Balochistan,11,45.03,99.35,5096.59,13260462,0.5,5,0.3,49.88
Sindh,8,89.31,318.84,17009.57,46907419,0.2,8,0.475,100.0
KPK,1,8.06,16.55,2713.46,32437202,0.6,6,0.35,28.83
Khyber Pakhtunkhwa,10,46.95,143.75,7299.53,32821017,0.6,6,0.35,60.25
Punjab,8,127.32,515.77,21874.39,107400199,0.3,7,0.425,100.0
Balochistan,4,5.22,10.93,2694.41,12590823,0.5,5,0.3,27.0
KPK,6,21.35,55.09,4753.09,37463884,0.6,6,0.35,39.12
KPK,7,140.51,590.26,22406.61,32318555,0.6,6,0.35,100.0
KPK,10,22.3,59.46,3773.55,35003607,0.6,6,0.35,42.78
KPK,1,40.81,134.29,5754.31,33494556,0.6,6,0.35,53.32
KPK,2,11.39,31.79,4238.93,37744249,0.6,6,0.35,34.6
KPK,11,38.78,113.31,7621.83,34543539,0.6,6,0.35,46.21
Azad Kashmir,11,23.06,77.26,2661.79,3676351,0.7,4,0.275,25.87
Sindh,11,37.23,76.38,9411.44,47493397,0.2,8,0.475,67.48
Sindh,2,30.34,87.28,5341.41,49640235,0.2,8,0.475,53.77
Sindh,3,18.61,56.39,6344.28,49768629,0.2,8,0.475,56.48
Gilgit-Baltistan,1,5.21,14.48,1320.15,1714254,0.9,3,0.2,15.51
Gilgit-Baltistan,10,18.71,52.78,2422.75,1796639,0.9,3,0.2,23.62
Balochistan,9,10.88,22.98,2304.5,11160995,0.5,5,0.3,29.89
Gilgit-Baltistan,3,25.55,78.48,1997.34,1641933,0.9,3,0.2,21.42
Gilgit-Baltistan,7,157.13,480.12,10225.66,1976715,0.9,3,0.2,100.0
Azad Kashmir,1,23.93,58.01,3124.07,4116014,0.7,4,0.275,29.78
Gilgit-Baltistan,1,30.21,74.76,2428.88,1950355,0.9,3,0.2,32.86
Gilgit-Baltistan,5,20.77,45.32,2276.71,1881171,0.9,3,0.2,18.85
Azad Kashmir,10,50.12,126.05,3829.95,3940865,0.7,4,0.275,44.63
KPK,4,15.68,53.77,3807.56,39015019,0.6,6,0.35,33.32
Azad Kashmir,4,19.06,65.39,2418.42,4144088,0.7,4,0.275,25.97
Khyber Pakhtunkhwa,2,7.2,18.88,2322.47,36801642,0.6,6,0.35,29.03
Sindh,8,129.92,492.1,15212.88,47690191,0.2,8,0.475,100.0
Gilgit-Baltistan,5,11.5,26.49,1332.89,1807554,0.9,3,0.2,7.25
Sindh,2,20.28,41.13,6183.96,45533099,0.2,8,0.475,47.26
Azad Kashmir,1,3.6,8.81,2398.97,3707702,0.7,4,0.275,18.59
Balochistan,8,210.22,940.03,16761.74,12466344,0.5,5,0.3,100.0
Balochistan,10,40.08,138.73,5071.83,11309077,0.5,5,0.3,45.45
Azad Kashmir,3,46.44,104.83,5898.92,3934563,0.7,4,0.275,43.0
KPK,2,6.19,18.94,2603.25,34295098,0.6,6,0.35,28.72
Balochistan,4,26.96,79.5,3266.2,11676461,0.5,5,0.3,39.69
Azad Kashmir,10,35.06,108.97,5654.19,4391705,0.7,4,0.275,39.13
Sindh,4,34.54,103.25,6638.34,48005419,0.2,8,0.475,60.3
Sindh,5,28.91,77.99,4757.78,51580301,0.2,8,0.475,40.79
Azad Kashmir,10,15.95,46.37,2806.92,4317318,0.7,4,0.275,30.91
Sindh,11,3.68,8.39,4096.55,44865032,0.2,8,0.475,42.3
Gilgit-Baltistan,3,19.04,61.59,2061.41,1880464,0.9,3,0.2,21.74
Punjab,12,37.32,93.11,8648.76,116444407,0.3,7,0.425,54.75
KPK,2,22.2,47.71,4087.45,35967499,0.6,6,0.35,35.22
Sindh,12,21.46,45.42,5967.06,51739770,0.2,8,0.475,52.98
Punjab,1,14.7,35.63,4130.39,99022354,0.3,7,0.425,34.63
Balochistan,9,32.48,76.18,3213.15,13260991,0.5,5,0.3,35.18
Punjab,11,23.07,46.91,4880.72,107969234,0.3,7,0.425,41.57
KPK,2,20.58,55.26,3920.2,34215870,0.6,6,0.35,32.95
Khyber Pakhtunkhwa,6,15.92,38.81,2778.91,36811619,0.6,6,0.35,34.97
KPK,6,23.95,72.83,5191.48,33818242,0.6,6,0.35,46.92
Khyber Pakhtunkhwa,9,37.52,111.25,6036.1,33445433,0.6,6,0.35,49.92
KPK,3,24.23,65.91,4146.1,37353159,0.6,6,0.35,38.5
Gilgit-Baltistan,1,28.94,93.82,2257.67,1808757,0.9,3,0.2,33.94
Sindh,1,15.49,51.35,4464.49,49370742,0.2,8,0.475,44.29
KPK,9,21.24,67.35,4233.7,37597858,0.6,6,0.35,37.55
Balochistan,4,18.36,43.76,2297.81,12670283,0.5,5,0.3,41.99
Azad Kashmir,5,18.13,45.37,2426.51,4356755,0.7,4,0.275,29.4
Balochistan,3,8.5,23.98,2802.36,11446364,0.5,5,0.3,25.13
Punjab,12,23.77,61.02,6900.14,113584569,0.3,7,0.425,55.06
KPK,3,29.5,75.52,4175.73,33328302,0.6,6,0.35,42.91
Khyber Pakhtunkhwa,10,23.96,52.19,3478.79,32139269,0.6,6,0.35,40.79
Khyber Pakhtunkhwa,3,48.34,129.51,8626.39,31952837,0.6,6,0.35,63.1
KPK,8,202.14,897.47,26014.24,34902429,0.6,6,0.35,100.0
Khyber Pakhtunkhwa,5,76.39,222.18,10690.8,32668037,0.6,6,0.35,82.29
KPK,6,21.51,70.46,3364.38,36946289,0.6,6,0.35,40.25
Balochistan,7,108.61,459.31,8002.58,11552233,0.5,5,0.3,99.68
Khyber Pakhtunkhwa,8,118.8,491.53,10082.89,34430523,0.6,6,0.35,100.0
KPK,6,24.24,58.92,4243.99,34789509,0.6,6,0.35,36.53
KPK,4,29.39,89.57,4526.54,34873952,0.6,6,0.35,38.96
Azad Kashmir,3,41.46,127.5,6071.27,4336659,0.7,4,0.275,49.35
Sindh,4,21.12,57.63,4282.51,48637659,0.2,8,0.475,56.74
KPK,10,10.17,22.68,4050.17,34395914,0.6,6,0.35,33.12
KPK,5,47.75,152.85,5493.9,35399533,0.6,6,0.35,56.96
Sindh,8,232.69,780.92,32552.43,51361732,0.2,8,0.475,100.0
Punjab,11,17.17,45.34,3667.53,106946765,0.3,7,0.425,38.2
KPK,7,109.32,300.47,13220.34,36272993,0.6,6,0.35,100.0
Gilgit-Baltistan,11,28.3,56.86,2452.71,1872122,0.9,3,0.2,24.37
Khyber Pakhtunkhwa,4,4.45,9.75,2496.63,38327148,0.6,6,0.35,25.16
Sindh,4,36.05,83.44,8500.09,49596119,0.2,8,0.475,63.56
Azad Kashmir,9,32.18,68.92,2761.39,4126711,0.7,4,0.275,30.52
Gilgit-Baltistan,3,12.55,25.12,1629.97,1698495,0.9,3,0.2,21.12
KPK,9,12.18,35.55,3011.69,32622565,0.6,6,0.35,21.96
KPK,5,15.06,30.79,2962.71,37713476,0.6,6,0.35,38.14
Balochistan,8,207.96,871.86,26151.32,11618102,0.5,5,0.3,100.0
Balochistan,1,18.73,50.25,3494.28,13259948,0.5,5,0.3,32.75
Gilgit-Baltistan,3,14.76,40.95,1783.07,1660658,0.9,3,0.2,19.34
Azad Kashmir,1,10.28,21.37,2596.85,4095077,0.7,4,0.275,27.46
Sindh,8,84.29,285.37,11679.07,43121190,0.2,8,0.475,100.0
Gilgit-Baltistan,1,24.18,59.81,1682.11,1840592,0.9,3,0.2,22.83
Balochistan,5,14.22,36.91,2175.22,12562383,0.5,5,0.3,34.23
KPK,9,12.86,39.86,3369.82,34927764,0.6,6,0.35,31.66
Khyber Pakhtunkhwa,10,20.95,43.61,3948.57,38801226,0.6,6,0.35,45.29
Balochistan,11,34.59,93.67,3865.87,12926665,0.5,5,0.3,44.59
Sindh,8,194.36,726.52,31656.1,51251445,0.2,8,0.475,100.0
Sindh,10,16.76,49.93,4850.73,47061165,0.2,8,0.475,44.36
Gilgit-Baltistan,10,19.25,45.89,1671.94,1628703,0.9,3,0.2,21.69
Khyber Pakhtunkhwa,6,8.36,21.33,3170.72,36247879,0.6,6,0.35,33.76
Gilgit-Baltistan,6,209.68,753.14,16623.96,1925426,0.9,3,0.2,100.0
Sindh,8,114.48,291.51,12895.74,45041116,0.2,8,0.475,100.0
Khyber Pakhtunkhwa,2,17.59,43.86,3742.09,37393012,0.6,6,0.35,34.7
Khyber Pakhtunkhwa,9,28.09,86.16,5071.56,34414906,0.6,6,0.35,42.67
Khyber Pakhtunkhwa,11,52.06,154.96,7343.9,38909879,0.6,6,0.35,53.54
KPK,6,20.43,59.87,4378.67,34735076,0.6,6,0.35,35.08
Khyber Pakhtunkhwa,12,25.74,77.76,4019.23,37888646,0.6,6,0.35,40.35
Khyber Pakhtunkhwa,2,27.68,88.14,5765.92,32622644,0.6,6,0.35,43.19
Punjab,12,15.5,33.64,4646.94,120645756,0.3,7,0.425,37.33
Sindh,6,8.1,27.25,4149.62,52397591,0.2,8,0.475,38.32
Sindh,1,39.19,116.9,6663.13,46454701,0.2,8,0.475,63.09
Azad Kashmir,7,174.27,544.12,17715.61,3784811,0.7,4,0.275,100.0
Punjab,6,10.63,26.35,4209.27,100720216,0.3,7,0.425,42.17
Punjab,8,150.93,427.91,17221.01,112222480,0.3,7,0.425,100.0
Gilgit-Baltistan,11,20.6,50.21,1542.37,1733904,0.9,3,0.2,12.27
KPK,5,15.27,34.05,2843.14,33978293,0.6,6,0.35,20.72
Gilgit-Baltistan,7,257.0,883.82,13637.79,1768470,0.9,3,0.2,100.0
Punjab,9,121.55,532.04,12665.99,115961545,0.3,7,0.425,100.0
Gilgit-Baltistan,9,18.37,61.3,2307.32,1747203,0.9,3,0.2,22.27
Khyber Pakhtunkhwa,12,19.26,38.86,2788.89,36914333,0.6,6,0.35,32.11
KPK,11,16.11,39.62,3364.18,32102028,0.6,6,0.35,32.21
Sindh,11,43.42,138.47,9274.72,47121394,0.2,8,0.475,67.41
Gilgit-Baltistan,6,103.24,342.71,8507.14,1756344,0.9,3,0.2,89.41
Punjab,4,31.48,105.75,7483.89,115363914,0.3,7,0.425,57.31
Balochistan,3,18.2,61.1,3410.59,12379975,0.5,5,0.3,41.75
Sindh,7,182.94,461.67,32464.57,48973001,0.2,8,0.475,100.0
Khyber Pakhtunkhwa,6,31.36,107.42,6053.96,38844610,0.6,6,0.35,45.18
Punjab,2,20.26,42.34,5806.06,115899551,0.3,7,0.425,44.7
Azad Kashmir,2,21.81,68.86,3063.64,3728290,0.7,4,0.275,25.22
Balochistan,10,18.24,61.52,2571.25,12307769,0.5,5,0.3,28.28
Azad Kashmir,5,25.46,77.64,2824.05,3918539,0.7,4,0.275,33.75
Khyber Pakhtunkhwa,5,23.91,51.9,4665.44,32888069,0.6,6,0.35,37.5
Azad Kashmir,8,122.83,526.77,9039.2,3879453,0.7,4,0.275,100.0
Punjab,1,16.97,53.56,3591.4,103735975,0.3,7,0.425,41.11
Azad Kashmir,9,4.6,9.36,2122.34,4013932,0.7,4,0.275,24.72
Balochistan,8,179.95,676.86,19382.42,12352877,0.5,5,0.3,100.0
Azad Kashmir,10,9.85,26.44,2403.13,3981759,0.7,4,0.275,22.62
KPK,5,9.42,28.35,2696.82,33579297,0.6,6,0.35,35.97
Sindh,5,52.8,122.92,9869.37,44078675,0.2,8,0.475,77.83
Sindh,11,22.2,64.94,5979.4,49985918,0.2,8,0.475,53.98
Azad Kashmir,7,113.94,495.86,15030.39,4224580,0.7,4,0.275,100.0
Sindh,5,13.08,33.04,5097.44,47551665,0.2,8,0.475,46.54
Balochistan,1,19.25,61.64,2767.26,12032599,0.5,5,0.3,31.68
Azad Kashmir,7,145.64,651.18,13139.37,3866457,0.7,4,0.275,100.0
Azad Kashmir,5,36.66,77.27,3135.18,4160060,0.7,4,0.275,34.05
KPK,11,24.17,59.83,4897.39,37738579,0.6,6,0.35,38.06
Punjab,6,23.16,47.88,4013.46,110143989,0.3,7,0.425,37.28
Punjab,12,30.22,104.73,6244.68,105921434,0.3,7,0.425,57.01
KPK,10,20.71,49.26,3903.4,34920527,0.6,6,0.35,32.81
Sindh,8,250.02,1077.7,36000.0,43835367,0.2,8,0.475,100.0
Azad Kashmir,12,18.55,60.8,2114.93,3942630,0.7,4,0.275,24.98
Sindh,10,20.4,52.65,6789.64,46994944,0.2,8,0.475,52.91
KPK,2,41.75,125.01,7856.91,36087974,0.6,6,0.35,61.61
KPK,4,18.47,45.21,3464.48,32504546,0.6,6,0.35,32.03
Sindh,5,11.47,32.97,4170.81,47365986,0.2,8,0.475,40.46
Punjab,11,19.95,60.03,3409.41,102009143,0.3,7,0.425,36.28
KPK,6,21.8,58.74,3462.18,36134765,0.6,6,0.35,32.39
Balochistan,12,38.06,122.07,6209.02,12787635,0.5,5,0.3,50.69
Gilgit-Baltistan,5,15.98,48.92,1857.4,1633288,0.9,3,0.2,16.87
Punjab,9,147.96,646.87,29182.15,108543138,0.3,7,0.425,100.0
Khyber Pakhtunkhwa,4,4.97,12.56,3404.24,32804126,0.6,6,0.35,30.07
Khyber Pakhtunkhwa,3,34.55,77.53,5658.13,37259296,0.6,6,0.35,45.1
KPK,6,27.1,60.78,3308.68,36766065,0.6,6,0.35,39.29
Balochistan,3,6.64,19.0,2233.8,11914692,0.5,5,0.3,28.45
Azad Kashmir,3,18.46,45.73,3931.25,4382423,0.7,4,0.275,27.17
Khyber Pakhtunkhwa,4,6.88,20.58,2522.75,36591387,0.6,6,0.35,33.91
Balochistan,7,139.22,546.54,14798.95,12475417,0.5,5,0.3,100.0
Azad Kashmir,5,28.76,71.57,2694.98,4072960,0.7,4,0.275,26.71
Azad Kashmir,11,8.81,24.0,2861.63,4279727,0.7,4,0.275,24.29
Balochistan,10,36.2,105.25,5052.79,12992329,0.5,5,0.3,48.8
Azad Kashmir,4,22.64,60.3,4001.03,4347205,0.7,4,0.275,35.15
Punjab,9,109.18,277.04,16298.78,116011335,0.3,7,0.425,100.0
Gilgit-Baltistan,12,34.64,99.34,3932.44,1946951,0.9,3,0.2,33.45
Gilgit-Baltistan,8,35.63,98.64,3238.2,1708029,0.9,3,0.2,31.09
Azad Kashmir,2,24.15,80.26,3111.06,4113968,0.7,4,0.275,37.85
Azad Kashmir,7,270.14,1199.76,24069.37,3729406,0.7,4,0.275,100.0
Punjab,12,22.11,52.27,5406.3,110414871,0.3,7,0.425,53.28
Gilgit-Baltistan,8,12.82,35.41,2326.91,1692871,0.9,3,0.2,22.86
Sindh,1,16.5,43.28,5336.44,45594267,0.2,8,0.475,45.23
Gilgit-Baltistan,12,10.87,25.23,1489.97,1853434,0.9,3,0.2,15.61
Gilgit-Baltistan,6,274.38,968.32,21698.38,1801553,0.9,3,0.2,100.0
Sindh,6,27.15,55.87,5512.32,48958721,0.2,8,0.475,51.73
Khyber Pakhtunkhwa,7,138.51,596.37,13126.2,34191876,0.6,6,0.35,100.0
Punjab,12,20.7,62.18,3819.02,109935108,0.3,7,0.425,46.93
Sindh,11,25.28,75.1,7672.69,47260746,0.2,8,0.475,63.58
Gilgit-Baltistan,11,18.72,63.59,2394.14,1976469,0.9,3,0.2,24.9
Gilgit-Baltistan,9,28.39,94.2,3229.63,1789983,0.9,3,0.2,31.94
Gilgit-Baltistan,1,29.67,80.27,2506.88,1970950,0.9,3,0.2,26.06
Gilgit-Baltistan,10,40.73,118.59,4273.05,1862266,0.9,3,0.2,30.54
KPK,4,27.94,60.7,6017.57,38168977,0.6,6,0.35,38.71
Gilgit-Baltistan,9,13.05,27.75,2439.7,1842344,0.9,3,0.2,14.86
Punjab,6,19.35,53.53,5492.46,104142408,0.3,7,0.425,41.61
Sindh,9,141.48,374.79,24189.47,44160426,0.2,8,0.475,100.0
KPK,12,66.34,187.33,8701.78,31955783,0.6,6,0.35,67.69
Gilgit-Baltistan,1,14.32,33.13,2019.68,1950850,0.9,3,0.2,14.41
Punjab,6,18.16,46.62,4568.96,110734564,0.3,7,0.425,45.66
Sindh,6,48.55,155.47,6269.4,50980247,0.2,8,0.475,66.62
Gilgit-Baltistan,11,63.58,196.6,3139.06,1906687,0.9,3,0.2,38.61
Punjab,2,14.18,44.44,4687.76,119615954,0.3,7,0.425,44.42
KPK,6,27.94,81.76,4153.45,34439896,0.6,6,0.35,46.84
Azad Kashmir,2,26.92,92.73,3059.01,4119255,0.7,4,0.275,33.18
Punjab,3,19.67,42.25,3651.6,107046481,0.3,7,0.425,39.48
Azad Kashmir,6,15.46,34.55,2916.24,3911936,0.7,4,0.275,31.23
Azad Kashmir,10,35.83,120.73,4552.83,3878745,0.7,4,0.275,37.35
KPK,11,21.13,48.05,3019.99,33990136,0.6,6,0.35,28.01
Punjab,9,100.7,280.87,11417.67,104642289,0.3,7,0.425,100.0
Sindh,2,30.76,94.05,7573.75,44972950,0.2,8,0.475,57.84
KPK,9,42.62,103.0,6694.35,34042819,0.6,6,0.35,53.14
Punjab,11,16.36,47.94,3144.06,99098315,0.3,7,0.425,42.22
Sindh,5,20.33,59.69,6473.32,48924465,0.2,8,0.475,59.77
Punjab,1,17.98,52.29,5864.72,108188368,0.3,7,0.425,37.93
Punjab,11,21.62,52.69,5373.34,106447619,0.3,7,0.425,46.89
Sindh,1,10.0,33.63,5355.34,45106322,0.2,8,0.475,55.53
Sindh,10,38.26,94.05,9610.7,46775612,0.2,8,0.475,66.62
Punjab,10,12.48,30.11,3462.71,112768336,0.3,7,0.425,41.34
Khyber Pakhtunkhwa,6,16.69,47.0,4105.29,34240428,0.6,6,0.35,35.63
KPK,4,32.02,105.4,3722.15,36232631,0.6,6,0.35,40.39
Gilgit-Baltistan,8,21.99,74.78,2759.35,1630220,0.9,3,0.2,25.78
Sindh,4,18.97,61.0,6332.88,45468236,0.2,8,0.475,51.99
Khyber Pakhtunkhwa,10,25.11,57.05,3125.82,38018214,0.6,6,0.35,29.28
Azad Kashmir,12,25.37,60.56,4551.42,4248437,0.7,4,0.275,35.5
Khyber Pakhtunkhwa,2,14.31,44.08,4567.99,36384199,0.6,6,0.35,42.03
Gilgit-Baltistan,10,17.94,38.56,1858.69,1801397,0.9,3,0.2,23.09
Khyber Pakhtunkhwa,8,210.95,920.96,25242.01,33911420,0.6,6,0.35,100.0
Punjab,10,21.67,48.37,6057.62,120109149,0.3,7,0.425,58.74
KPK,4,20.31,53.53,4460.73,35653928,0.6,6,0.35,41.91
Balochistan,12,19.02,53.39,3948.85,13501229,0.5,5,0.3,41.36
Khyber Pakhtunkhwa,1,20.73,61.2,3169.5,38290915,0.6,6,0.35,30.19
KPK,3,24.41,77.53,5810.12,39038255,0.6,6,0.35,43.03
Sindh,10,51.46,178.67,7297.97,43281099,0.2,8,0.475,62.52
Azad Kashmir,11,18.16,48.31,3037.36,4287829,0.7,4,0.275,27.09
Azad Kashmir,5,29.07,59.57,3262.29,4216119,0.7,4,0.275,32.3
KPK,8,224.96,727.18,30700.8,37585197,0.6,6,0.35,100.0
KPK,7,185.07,660.34,20268.56,38833761,0.6,6,0.35,100.0
Sindh,4,19.28,48.32,4280.32,51664998,0.2,8,0.475,48.15
Sindh,2,19.91,58.3,5698.13,50755427,0.2,8,0.475,48.08
Balochistan,1,17.55,39.91,2613.42,11641440,0.5,5,0.3,34.79
Gilgit-Baltistan,7,204.75,728.04,10736.56,1873930,0.9,3,0.2,100.0
Punjab,6,7.86,16.34,3465.79,103000264,0.3,7,0.425,37.63
Azad Kashmir,4,23.79,79.27,3841.59,4052685,0.7,4,0.275,33.56
Punjab,7,380.0,1300.0,36000.0,99228639,0.3,7,0.425,100.0
Khyber Pakhtunkhwa,8,263.15,928.7,23770.89,35929101,0.6,6,0.35,100.0
KPK,9,19.84,68.03,4177.17,33245871,0.6,6,0.35,38.13
Azad Kashmir,1,14.12,40.92,2085.26,4081390,0.7,4,0.275,25.66
Khyber Pakhtunkhwa,12,21.66,63.46,5155.31,33596937,0.6,6,0.35,49.41
Balochistan,3,23.76,81.88,4787.78,12355657,0.5,5,0.3,34.59
Khyber Pakhtunkhwa,8,138.65,555.27,20539.22,38955594,0.6,6,0.35,100.0
Punjab,5,5.71,13.72,2823.05,107248473,0.3,7,0.425,41.14
Punjab,8,104.08,401.0,11515.58,116828288,0.3,7,0.425,100.0
Gilgit-Baltistan,10,20.09,59.47,2735.48,1706186,0.9,3,0.2,19.18
Azad Kashmir,9,22.46,49.72,2506.95,3609655,0.7,4,0.275,38.34
KPK,7,322.8,924.36,25133.57,36685545,0.6,6,0.35,100.0
Gilgit-Baltistan,10,26.2,70.48,2969.41,1753501,0.9,3,0.2,24.56
KPK,10,21.63,60.32,4840.96,35782875,0.6,6,0.35,42.07
Azad Kashmir,8,375.49,1300.0,36000.0,4291545,0.7,4,0.275,100.0
Balochistan,4,20.67,65.23,2584.76,12987306,0.5,5,0.3,32.92
Balochistan,7,139.26,392.55,15939.84,13117569,0.5,5,0.3,100.0
KPK,4,29.18,92.6,4042.23,32860769,0.6,6,0.35,35.78
Sindh,5,13.65,47.05,3190.59,46227738,0.2,8,0.475,41.52
Khyber Pakhtunkhwa,3,23.22,77.64,4589.71,36235356,0.6,6,0.35,42.07
KPK,9,16.83,42.5,3186.61,33382808,0.6,6,0.35,30.82
Balochistan,7,201.41,673.84,24423.23,11978478,0.5,5,0.3,100.0
KPK,8,170.51,561.81,19218.1,36466041,0.6,6,0.35,100.0
Khyber Pakhtunkhwa,3,15.91,36.99,2995.92,33161260,0.6,6,0.35,32.68
Balochistan,3,17.55,60.94,2399.59,12276312,0.5,5,0.3,27.43
Khyber Pakhtunkhwa,7,147.91,375.5,17334.37,35414584,0.6,6,0.35,100.0
Punjab,10,22.52,51.77,5366.05,105151365,0.3,7,0.425,49.98
Sindh,7,324.46,1300.0,36000.0,48289321,0.2,8,0.475,100.0
Sindh,9,136.5,376.08,18773.65,51486361,0.2,8,0.475,100.0
Khyber Pakhtunkhwa,11,29.32,64.13,3682.54,35915098,0.6,6,0.35,31.45
Azad Kashmir,8,136.97,500.42,15400.76,3808178,0.7,4,0.275,100.0
Sindh,2,24.43,73.71,7998.43,47271506,0.2,8,0.475,59.41
Azad Kashmir,12,18.84,38.51,2761.27,3621623,0.7,4,0.275,30.73
Azad Kashmir,4,8.78,27.59,2302.46,3785570,0.7,4,0.275,29.45
Balochistan,10,37.2,110.01,6049.43,13412161,0.5,5,0.3,39.68
Gilgit-Baltistan,4,17.29,37.74,1877.92,1623503,0.9,3,0.2,13.07
Azad Kashmir,9,10.0,24.68,3140.74,4070953,0.7,4,0.275,29.49
Punjab,2,29.28,82.49,5107.35,113910211,0.3,7,0.425,50.69
Khyber Pakhtunkhwa,8,340.39,879.24,22947.85,33407730,0.6,6,0.35,100.0
Khyber Pakhtunkhwa,9,28.12,86.5,4471.88,36758193,0.6,6,0.35,34.83
Balochistan,7,193.97,767.69,19743.55,11863801,0.5,5,0.3,100.0
Gilgit-Baltistan,9,36.18,95.33,3803.82,1807830,0.9,3,0.2,31.43
Azad Kashmir,1,5.48,12.49,1864.98,4099524,0.7,4,0.275,15.39
Sindh,12,13.37,41.31,3796.12,44854077,0.2,8,0.475,35.07
Gilgit-Baltistan,11,32.06,71.39,1937.09,1763674,0.9,3,0.2,29.53
Gilgit-Baltistan,4,34.96,76.29,3764.31,1827824,0.9,3,0.2,32.78
Punjab,4,33.17,111.68,4606.28,103101249,0.3,7,0.425,47.4
Balochistan,1,19.48,59.68,4419.26,12831853,0.5,5,0.3,37.29
Azad Kashmir,9,10.77,24.0,2996.77,3681105,0.7,4,0.275,24.57
Punjab,4,26.34,57.6,4206.02,110829004,0.3,7,0.425,42.93
Azad Kashmir,10,27.07,61.15,4353.62,3832657,0.7,4,0.275,42.9
Azad Kashmir,8,110.97,306.11,8904.06,3602373,0.7,4,0.275,96.98
Azad Kashmir,5,7.12,18.3,1616.44,4053190,0.7,4,0.275,18.26
Balochistan,12,26.48,72.26,5128.51,13318597,0.5,5,0.3,41.23
Azad Kashmir,5,28.53,99.55,4836.03,4362878,0.7,4,0.275,45.88
Punjab,7,222.38,814.79,21793.69,110039239,0.3,7,0.425,100.0
KPK,1,46.15,157.86,6657.18,34347740,0.6,6,0.35,55.15
Sindh,4,33.84,100.67,8399.63,52089607,0.2,8,0.475,64.97
Punjab,2,23.81,72.61,5487.83,101280166,0.3,7,0.425,44.11
Azad Kashmir,7,157.51,419.6,12566.84,3759707,0.7,4,0.275,100.0
Punjab,2,31.84,93.54,7058.21,107196871,0.3,7,0.425,56.57
KPK,5,19.03,58.1,5188.74,32972398,0.6,6,0.35,35.51
Balochistan,10,34.2,118.57,5582.87,11456994,0.5,5,0.3,49.88
Sindh,7,124.8,540.34,24620.66,47427684,0.2,8,0.475,100.0
Punjab,11,25.9,81.45,5749.8,107623274,0.3,7,0.425,52.37
KPK,4,38.57,105.68,4593.08,36312777,0.6,6,0.35,47.02
Khyber Pakhtunkhwa,1,9.82,28.36,3659.54,33590617,0.6,6,0.35,29.58
Punjab,3,13.55,29.82,3939.32,112744026,0.3,7,0.425,37.6
Khyber Pakhtunkhwa,8,265.33,847.53,33464.73,37389612,0.6,6,0.35,100.0
Khyber Pakhtunkhwa,3,12.04,36.87,3656.96,38143364,0.6,6,0.35,31.94
KPK,4,15.3,51.5,3169.19,32847213,0.6,6,0.35,36.14
KPK,8,125.03,373.65,15441.05,37173564,0.6,6,0.35,100.0
Gilgit-Baltistan,12,20.06,40.52,2598.32,1953617,0.9,3,0.2,27.93
Balochistan,3,27.76,61.42,3853.03,11133142,0.5,5,0.3,41.44
Punjab,1,8.69,29.47,4487.21,118089455,0.3,7,0.425,40.98
Azad Kashmir,2,30.28,78.08,3264.64,4398797,0.7,4,0.275,34.85
KPK,5,8.05,24.16,3019.61,35482222,0.6,6,0.35,27.43
Balochistan,4,34.22,85.95,3430.9,12238935,0.5,5,0.3,38.49
Khyber Pakhtunkhwa,3,4.15,13.34,3336.63,33815766,0.6,6,0.35,27.44
KPK,7,142.47,560.26,18450.15,35026554,0.6,6,0.35,100.0
Sindh,10,15.02,44.75,3624.98,45905538,0.2,8,0.475,48.18
Balochistan,9,24.58,72.85,4606.68,11746100,0.5,5,0.3,43.59
Azad Kashmir,6,34.27,113.77,5233.31,3893248,0.7,4,0.275,44.33
Balochistan,6,6.73,19.5,1652.73,12617926,0.5,5,0.3,24.31
Azad Kashmir,4,52.41,141.4,5888.71,3601000,0.7,4,0.275,53.59
Sindh,12,39.32,124.92,10576.92,46673097,0.2,8,0.475,69.22
Punjab,6,3.29,10.85,3162.88,118892610,0.3,7,0.425,35.85
Azad Kashmir,1,3.51,10.72,2015.82,3786911,0.7,4,0.275,9.44
Gilgit-Baltistan,8,13.44,39.1,2278.42,1940122,0.9,3,0.2,12.16
Khyber Pakhtunkhwa,12,8.08,25.89,3572.58,34912387,0.6,6,0.35,29.14
Punjab,8,115.77,330.03,12566.41,107965314,0.3,7,0.425,100.0
Punjab,1,7.37,14.86,2354.62,117890534,0.3,7,0.425,38.11
Khyber Pakhtunkhwa,5,46.12,141.6,7213.51,32167610,0.6,6,0.35,61.76
KPK,8,119.73,410.96,14617.79,34248283,0.6,6,0.35,100.0
Gilgit-Baltistan,11,52.01,148.62,3034.08,1926815,0.9,3,0.2,31.77
Punjab,2,11.65,30.1,3284.97,118898447,0.3,7,0.425,42.89
Gilgit-Baltistan,11,8.59,26.87,1989.42,1628006,0.9,3,0.2,17.5
Gilgit-Baltistan,2,28.68,85.47,2717.77,1887599,0.9,3,0.2,27.26
Punjab,4,19.71,65.44,6241.7,107979608,0.3,7,0.425,51.63
Sindh,2,14.04,30.49,3128.12,49620906,0.2,8,0.475,45.43
KPK,8,145.41,506.77,17025.5,34048016,0.6,6,0.35,100.0
Balochistan,11,31.44,87.02,5659.72,11576794,0.5,5,0.3,50.32
Balochistan,12,4.66,10.23,2825.88,12908459,0.5,5,0.3,31.44
Punjab,6,56.72,197.8,12080.66,112157228,0.3,7,0.425,75.8
KPK,10,13.75,36.84,2387.78,36350280,0.6,6,0.35,25.26
Gilgit-Baltistan,10,18.02,51.49,2466.52,1759164,0.9,3,0.2,22.86
Punjab,12,26.81,54.6,4006.45,117604468,0.3,7,0.425,47.32
Balochistan,5,19.93,45.38,2846.87,13323377,0.5,5,0.3,35.8
Khyber Pakhtunkhwa,2,11.66,37.42,3794.33,37542760,0.6,6,0.35,31.4
Gilgit-Baltistan,9,37.55,127.34,2664.34,1805176,0.9,3,0.2,32.9
Punjab,10,16.84,47.99,4383.32,103168935,0.3,7,0.425,40.92
Gilgit-Baltistan,9,15.86,47.89,2736.09,1829179,0.9,3,0.2,29.05
KPK,7,193.88,577.98,16191.47,35896437,0.6,6,0.35,100.0
Khyber Pakhtunkhwa,8,237.99,769.26,20959.72,33358030,0.6,6,0.35,100.0
KPK,10,27.14,75.95,6038.51,38201782,0.6,6,0.35,41.13
Punjab,8,254.5,761.3,36000.0,106855226,0.3,7,0.425,100.0
Balochistan,7,186.62,622.93,15215.2,13118466,0.5,5,0.3,100.0
KPK,4,20.91,62.24,2753.94,37933096,0.6,6,0.35,36.09
Punjab,9,48.69,188.65,11530.18,119222545,0.3,7,0.425,96.9
Gilgit-Baltistan,10,9.83,30.07,2337.03,1929887,0.9,3,0.2,21.57
Gilgit-Baltistan,12,34.35,73.76,2261.25,1879421,0.9,3,0.2,23.99
Gilgit-Baltistan,6,160.32,670.49,13102.54,1828477,0.9,3,0.2,100.0
Khyber Pakhtunkhwa,10,14.41,37.25,3128.19,37125130,0.6,6,0.35,30.48
Azad Kashmir,9,25.73,70.98,3507.87,3889996,0.7,4,0.275,30.48
Khyber Pakhtunkhwa,1,8.53,18.3,2394.8,34485397,0.6,6,0.35,27.84
Gilgit-Baltistan,3,21.47,70.09,1927.65,1664618,0.9,3,0.2,18.9
KPK,4,32.96,80.2,3601.48,35422628,0.6,6,0.35,41.95
Balochistan,10,40.97,127.68,5259.51,12157569,0.5,5,0.3,53.92
KPK,12,32.18,80.41,6578.09,35816003,0.6,6,0.35,46.62
KPK,7,227.87,825.5,20420.07,32300257,0.6,6,0.35,100.0
Balochistan,7,200.8,897.99,18247.61,12524122,0.5,5,0.3,100.0
Balochistan,5,20.27,66.04,2629.57,12468022,0.5,5,0.3,30.3
Gilgit-Baltistan,3,63.05,163.2,5321.67,1713181,0.9,3,0.2,46.66
Gilgit-Baltistan,6,158.59,496.87,11250.31,1636529,0.9,3,0.2,100.0
Khyber Pakhtunkhwa,3,13.46,32.84,2724.99,34783615,0.6,6,0.35,34.74
Azad Kashmir,3,18.38,51.21,2258.39,3787970,0.7,4,0.275,30.01
KPK,6,25.7,55.63,4137.78,35008571,0.6,6,0.35,33.87
Azad Kashmir,6,14.02,46.1,2135.87,3677514,0.7,4,0.275,33.64
Azad Kashmir,7,129.21,522.74,12166.81,4090381,0.7,4,0.275,100.0
Azad Kashmir,8,182.39,638.43,15916.23,3999708,0.7,4,0.275,100.0
Sindh,5,31.6,84.8,7429.69,51644570,0.2,8,0.475,61.01
Balochistan,5,22.91,52.18,2693.99,13123367,0.5,5,0.3,28.03
Gilgit-Baltistan,10,31.56,103.8,2204.62,1651745,0.9,3,0.2,28.95
Balochistan,5,19.48,44.8,3914.64,11178835,0.5,5,0.3,32.34
Azad Kashmir,7,139.92,416.87,15317.17,3720579,0.7,4,0.275,100.0
Gilgit-Baltistan,7,138.09,583.42,8877.94,1640513,0.9,3,0.2,100.0
KPK,4,30.37,93.99,5324.0,37416348,0.6,6,0.35,43.38
Khyber Pakhtunkhwa,2,17.55,55.34,4163.24,34762180,0.6,6,0.35,31.75
Azad Kashmir,12,15.23,44.98,1886.66,3861497,0.7,4,0.275,24.59
KPK,2,26.61,57.22,4762.61,35276478,0.6,6,0.35,38.39
Balochistan,3,18.18,43.15,3272.37,11550786,0.5,5,0.3,35.13
Khyber Pakhtunkhwa,1,18.9,44.51,3790.01,36427477,0.6,6,0.35,36.84
KPK,8,187.42,626.93,22717.04,38859128,0.6,6,0.35,100.0
Azad Kashmir,7,250.33,736.39,18467.83,3947137,0.7,4,0.275,100.0
Gilgit-Baltistan,11,15.03,33.11,1644.85,1750351,0.9,3,0.2,22.24
KPK,4,30.63,92.07,6576.75,39044608,0.6,6,0.35,45.26
Azad Kashmir,12,35.4,90.31,2969.2,4190479,0.7,4,0.275,39.31
Balochistan,10,17.78,43.64,3770.09,12651570,0.5,5,0.3,38.08
Sindh,11,24.82,74.63,6023.97,47966425,0.2,8,0.475,54.46
Punjab,3,15.74,47.09,3268.99,109834544,0.3,7,0.425,44.26
Sindh,9,147.46,602.18,23257.57,51271180,0.2,8,0.475,100.0
Balochistan,1,4.6,16.08,2060.51,12228274,0.5,5,0.3,19.41
Gilgit-Baltistan,10,13.67,27.46,2156.82,1786100,0.9,3,0.2,16.59
Sindh,12,31.64,72.95,7105.71,49278294,0.2,8,0.475,55.49
Khyber Pakhtunkhwa,7,212.6,593.31,22715.04,36481626,0.6,6,0.35,100.0
Gilgit-Baltistan,4,25.2,62.51,2300.93,1693355,0.9,3,0.2,25.52
Balochistan,2,28.71,65.0,4632.35,11108404,0.5,5,0.3,42.05
Balochistan,10,20.72,49.92,3739.86,11931499,0.5,5,0.3,36.74
Azad Kashmir,8,168.03,452.53,16776.9,3709221,0.7,4,0.275,100.0
Gilgit-Baltistan,12,39.24,105.93,3143.54,1701644,0.9,3,0.2,26.41
Sindh,1,16.58,37.16,6063.53,44293878,0.2,8,0.475,56.44
Khyber Pakhtunkhwa,7,72.89,249.34,12272.76,34525254,0.6,6,0.35,96.88
KPK,5,30.49,75.11,6016.89,35780806,0.6,6,0.35,48.06
Gilgit-Baltistan,12,13.99,40.76,1810.85,1641711,0.9,3,0.2,14.91
KPK,1,18.44,53.21,4957.47,33147329,0.6,6,0.35,39.87
Khyber Pakhtunkhwa,2,18.15,60.76,4589.19,34367128,0.6,6,0.35,36.23
Balochistan,6,31.91,74.72,5192.92,12914168,0.5,5,0.3,45.39
Gilgit-Baltistan,5,31.55,87.12,3107.51,1927645,0.9,3,0.2,27.52
Khyber Pakhtunkhwa,5,3.22,7.48,2038.54,34268950,0.6,6,0.35,27.66
KPK,7,78.18,330.51,11365.39,33504631,0.6,6,0.35,100.0
Balochistan,2,10.42,33.4,2380.48,12968130,0.5,5,0.3,23.28
Balochistan,1,27.23,60.92,4137.82,12543006,0.5,5,0.3,45.84
Khyber Pakhtunkhwa,9,31.51,90.81,3637.03,32803011,0.6,6,0.35,39.28
Azad Kashmir,6,54.24,117.53,4466.24,4394744,0.7,4,0.275,49.29
Punjab,3,29.69,96.86,6039.03,120387909,0.3,7,0.425,51.77
Khyber Pakhtunkhwa,7,268.12,953.88,25926.25,33332344,0.6,6,0.35,100.0
Gilgit-Baltistan,2,29.7,71.54,3515.0,1840365,0.9,3,0.2,26.85
Gilgit-Baltistan,9,23.78,60.98,1882.72,1920692,0.9,3,0.2,33.93
Sindh,3,24.69,80.41,4220.79,43218628,0.2,8,0.475,49.5
KPK,3,18.92,43.22,3192.63,33678899,0.6,6,0.35,31.85
Balochistan,11,19.51,54.71,2739.39,12219759,0.5,5,0.3,36.72
Sindh,9,191.05,591.42,29489.19,51854551,0.2,8,0.475,100.0
Punjab,3,27.61,75.21,4981.18,104312283,0.3,7,0.425,42.76
Azad Kashmir,1,3.29,11.47,1714.1,4098916,0.7,4,0.275,17.19
KPK,1,14.5,46.22,3611.69,32487652,0.6,6,0.35,29.69
KPK,5,69.74,166.63,8050.15,37357371,0.6,6,0.35,67.39
Punjab,12,21.58,72.16,5777.95,113820921,0.3,7,0.425,52.01
Punjab,5,30.27,101.3,7018.24,116384418,0.3,7,0.425,58.91
Sindh,7,129.24,422.43,23690.37,50297751,0.2,8,0.475,100.0
Khyber Pakhtunkhwa,3,25.23,62.36,4510.04,36526856,0.6,6,0.35,36.54
Punjab,6,24.87,55.48,5319.24,108614879,0.3,7,0.425,49.73
Gilgit-Baltistan,4,30.81,100.7,3322.06,1851765,0.9,3,0.2,29.68
Gilgit-Baltistan,4,13.57,39.78,1817.72,1698070,0.9,3,0.2,18.85
Punjab,8,235.38,678.9,29144.67,99165118,0.3,7,0.425,100.0
Punjab,8,99.75,397.69,15621.46,116141988,0.3,7,0.425,100.0
Punjab,9,186.7,527.28,25467.77,109429616,0.3,7,0.425,100.0
Azad Kashmir,7,137.23,601.07,14672.49,3832247,0.7,4,0.275,100.0
Balochistan,10,8.27,26.05,1869.52,12448715,0.5,5,0.3,21.23
Azad Kashmir,6,28.02,75.82,3024.19,3907043,0.7,4,0.275,37.09
Azad Kashmir,8,195.43,702.61,19447.78,3877817,0.7,4,0.275,100.0
Gilgit-Baltistan,1,10.54,33.21,1384.71,1954852,0.9,3,0.2,10.69
KPK,5,20.07,57.83,4324.18,34122514,0.6,6,0.35,39.23
Gilgit-Baltistan,3,9.6,24.19,1723.16,1970935,0.9,3,0.2,19.12
KPK,2,21.36,65.82,3967.61,37221372,0.6,6,0.35,33.76
Khyber Pakhtunkhwa,11,21.05,73.14,4293.66,33036679,0.6,6,0.35,40.78
Azad Kashmir,7,101.77,454.79,8044.15,4041971,0.7,4,0.275,99.54
Azad Kashmir,11,20.73,56.5,3219.99,4345711,0.7,4,0.275,24.87
Sindh,1,4.37,9.24,4631.98,45693051,0.2,8,0.475,44.46
Gilgit-Baltistan,10,8.4,17.94,1155.34,1857404,0.9,3,0.2,21.67
Azad Kashmir,2,33.95,114.7,4253.64,4232526,0.7,4,0.275,33.73
Sindh,10,9.99,30.85,4960.56,48776507,0.2,8,0.475,39.37
Balochistan,1,21.95,44.94,2809.98,11920138,0.5,5,0.3,28.12
Sindh,9,264.11,1070.78,36000.0,47967140,0.2,8,0.475,100.0
Khyber Pakhtunkhwa,4,35.21,100.58,4958.53,36888687,0.6,6,0.35,42.9
Punjab,10,19.64,40.79,4592.63,117339737,0.3,7,0.425,47.9
Balochistan,2,10.17,25.12,3351.91,13485100,0.5,5,0.3,29.42
Balochistan,4,8.72,18.88,2931.37,12169633,0.5,5,0.3,29.59
Balochistan,4,65.75,211.52,8591.27,12966462,0.5,5,0.3,74.05
Azad Kashmir,11,16.32,36.53,2599.03,3837940,0.7,4,0.275,20.19
Punjab,10,31.48,95.43,6915.68,119913784,0.3,7,0.425,50.48
KPK,12,13.19,42.94,2957.15,33069969,0.6,6,0.35,29.56
Sindh,9,139.51,487.74,20438.93,45796474,0.2,8,0.475,100.0
Azad Kashmir,8,135.38,594.29,9619.09,3809099,0.7,4,0.275,100.0
Balochistan,1,25.71,65.94,4879.21,11774338,0.5,5,0.3,47.26
Azad Kashmir,3,11.59,31.67,3268.99,3825189,0.7,4,0.275,27.95
Azad Kashmir,8,132.23,456.32,9141.86,3672161,0.7,4,0.275,100.0
KPK,12,26.63,89.55,3683.78,37609734,0.6,6,0.35,33.88
Balochistan,1,17.99,48.64,4126.46,12536496,0.5,5,0.3,33.81
Azad Kashmir,11,7.19,18.13,1758.83,3609729,0.7,4,0.275,23.37
Sindh,2,13.99,36.38,5512.59,46068153,0.2,8,0.475,48.09
Punjab,11,21.14,64.71,4927.15,105792792,0.3,7,0.425,47.15
Azad Kashmir,12,17.88,61.7,2403.14,3717220,0.7,4,0.275,35.0
Balochistan,8,145.7,548.99,10297.19,11501325,0.5,5,0.3,100.0
Balochistan,8,195.95,593.36,13512.56,12413979,0.5,5,0.3,100.0
Sindh,8,157.61,574.04,16256.39,49921991,0.2,8,0.475,100.0
KPK,5,17.13,55.14,3730.98,32668110,0.6,6,0.35,35.89
Sindh,10,43.45,139.16,6493.32,43556047,0.2,8,0.475,62.08
Sindh,1,17.91,57.94,4727.24,48554697,0.2,8,0.475,51.35
Sindh,4,31.7,83.98,6095.3,49807144,0.2,8,0.475,53.89
Punjab,12,37.4,128.87,5911.93,100819951,0.3,7,0.425,55.62
Gilgit-Baltistan,3,28.66,62.79,2960.13,1811643,0.9,3,0.2,25.07
Sindh,4,19.54,42.94,5156.74,46929581,0.2,8,0.475,53.65
Balochistan,12,19.27,41.53,3525.93,12243536,0.5,5,0.3,33.74
Azad Kashmir,8,167.96,669.61,12322.48,3910752,0.7,4,0.275,100.0
KPK,5,81.26,239.75,8847.38,33502516,0.6,6,0.35,74.87
Sindh,11,24.45,61.75,6366.98,48011938,0.2,8,0.475,63.88
Balochistan,4,20.48,66.65,4097.8,11856645,0.5,5,0.3,33.09
Gilgit-Baltistan,9,13.52,38.61,1814.3,1632515,0.9,3,0.2,11.88
KPK,7,123.92,397.79,12641.6,35001377,0.6,6,0.35,100.0
Azad Kashmir,5,45.23,111.87,5126.8,3775976,0.7,4,0.275,54.87
Sindh,1,35.01,116.93,8339.9,51358899,0.2,8,0.475,66.38
Punjab,2,20.52,42.08,5317.66,108567069,0.3,7,0.425,50.3
Azad Kashmir,5,16.89,58.52,3473.9,3983105,0.7,4,0.275,29.67
Punjab,10,47.73,165.71,5761.85,110266133,0.3,7,0.425,54.69
Khyber Pakhtunkhwa,2,30.02,63.32,4302.05,35602071,0.6,6,0.35,44.53
Sindh,2,21.8,62.1,6829.41,44390392,0.2,8,0.475,59.73
Sindh,10,21.99,55.24,6978.65,43243773,0.2,8,0.475,49.69
Punjab,2,18.43,47.46,4924.35,110340019,0.3,7,0.425,38.12
Balochistan,12,12.38,24.77,1869.24,11256837,0.5,5,0.3,21.3
Gilgit-Baltistan,10,20.19,45.25,1853.77,1786357,0.9,3,0.2,25.45
Gilgit-Baltistan,8,53.95,161.37,3746.17,1672613,0.9,3,0.2,37.71
Azad Kashmir,11,8.09,22.17,2974.61,3905690,0.7,4,0.275,23.99
Punjab,9,130.9,503.62,23765.6,104358747,0.3,7,0.425,100.0
Sindh,8,297.79,924.0,36000.0,45641859,0.2,8,0.475,100.0
Azad Kashmir,8,69.1,250.58,8581.65,4064723,0.7,4,0.275,84.38
Balochistan,4,12.26,35.41,3143.48,12418404,0.5,5,0.3,33.7
Punjab,5,7.58,18.98,4391.32,102139245,0.3,7,0.425,45.62
Punjab,5,22.89,56.19,3956.47,118100420,0.3,7,0.425,46.15
Gilgit-Baltistan,9,20.66,72.09,2512.85,1620672,0.9,3,0.2,24.47
Gilgit-Baltistan,12,54.73,179.63,3919.46,1923711,0.9,3,0.2,40.37
Balochistan,9,17.02,42.1,3129.72,12380801,0.5,5,0.3,33.13
Gilgit-Baltistan,4,44.34,91.23,3782.82,1753832,0.9,3,0.2,38.37
Punjab,10,34.3,84.05,4996.87,116200093,0.3,7,0.425,45.39
Punjab,11,47.73,117.07,7521.79,99332261,0.3,7,0.425,60.0
Azad Kashmir,2,24.25,71.11,4233.44,4039725,0.7,4,0.275,30.67
Azad Kashmir,5,24.68,49.78,4307.58,3840162,0.7,4,0.275,36.05
Gilgit-Baltistan,11,43.61,152.35,3547.78,1818457,0.9,3,0.2,33.11
Sindh,5,19.13,50.19,6723.69,49281045,0.2,8,0.475,57.26
Azad Kashmir,6,24.55,58.97,4383.69,3857324,0.7,4,0.275,33.8
Punjab,8,95.14,406.94,9971.8,110483513,0.3,7,0.425,100.0
Punjab,1,55.03,111.9,6404.27,112348316,0.3,7,0.425,57.96
Punjab,6,19.93,44.28,5727.72,103345383,0.3,7,0.425,51.58
KPK,11,20.75,65.31,3242.57,32741331,0.6,6,0.35,35.74
Khyber Pakhtunkhwa,10,41.24,89.98,5256.56,32343626,0.6,6,0.35,46.92
Balochistan,2,19.76,65.14,3167.35,12106880,0.5,5,0.3,36.15
Azad Kashmir,4,18.94,61.78,2915.91,3957737,0.7,4,0.275,30.11
Balochistan,11,30.08,73.81,3801.48,11830072,0.5,5,0.3,34.72
Balochistan,12,36.89,124.62,3739.23,11915970,0.5,5,0.3,40.41
Gilgit-Baltistan,6,121.07,420.44,7091.94,1674920,0.9,3,0.2,88.39
Punjab,12,15.77,41.33,5424.01,120336113,0.3,7,0.425,48.94
Balochistan,11,39.65,109.66,4391.29,11935359,0.5,5,0.3,45.52
Sindh,6,24.84,70.21,5265.12,46729268,0.2,8,0.475,56.11
Punjab,1,24.96,58.22,6799.96,117198349,0.3,7,0.425,56.56
KPK,4,22.77,61.94,5479.27,36859315,0.6,6,0.35,40.34
Punjab,3,29.87,64.61,7547.59,102542941,0.3,7,0.425,58.73
Sindh,9,153.65,499.97,16326.27,49085610,0.2,8,0.475,100.0
Punjab,5,32.68,88.61,7362.36,106439117,0.3,7,0.425,53.08
Khyber Pakhtunkhwa,4,38.78,116.53,7067.05,33042080,0.6,6,0.35,58.38
KPK,5,14.23,31.01,3721.1,37249038,0.6,6,0.35,29.65
Punjab,11,6.89,18.81,4184.24,119999873,0.3,7,0.425,34.1
Khyber Pakhtunkhwa,9,19.81,69.02,4558.96,38923589,0.6,6,0.35,40.5
Sindh,9,84.2,214.49,13027.97,46722143,0.2,8,0.475,100.0
Azad Kashmir,6,3.85,11.1,1500.91,3771043,0.7,4,0.275,25.25
Khyber Pakhtunkhwa,8,161.51,431.0,13526.12,32643391,0.6,6,0.35,100.0
KPK,6,16.92,53.33,4601.21,32137188,0.6,6,0.35,40.86
Punjab,12,8.88,20.12,2647.82,112073722,0.3,7,0.425,37.99
Punjab,9,153.33,599.4,25390.78,99710468,0.3,7,0.425,100.0
Gilgit-Baltistan,7,182.2,565.55,10990.54,1719947,0.9,3,0.2,100.0
Balochistan,6,46.97,110.76,5341.63,12745190,0.5,5,0.3,48.81
Punjab,10,21.98,59.71,3973.68,104959694,0.3,7,0.425,39.48
Gilgit-Baltistan,3,17.11,34.98,1973.03,1972915,0.9,3,0.2,14.74
KPK,4,5.89,17.79,3443.6,32128639,0.6,6,0.35,28.49
KPK,10,37.83,109.01,3897.91,33463329,0.6,6,0.35,42.19
KPK,7,187.43,749.72,22539.77,35422051,0.6,6,0.35,100.0
Sindh,2,23.62,78.83,6366.31,50997153,0.2,8,0.475,63.62
Azad Kashmir,11,20.46,43.9,2532.86,3810781,0.7,4,0.275,25.02
Punjab,11,12.08,39.47,4404.82,105455643,0.3,7,0.425,38.35
Sindh,3,26.25,70.63,7304.26,43695268,0.2,8,0.475,57.46
Balochistan,4,46.04,115.34,3858.9,12887142,0.5,5,0.3,42.47
Balochistan,3,9.77,23.15,2032.69,11895442,0.5,5,0.3,28.93
Azad Kashmir,10,28.27,70.54,3007.35,4394536,0.7,4,0.275,32.48
KPK,1,33.8,115.67,5030.38,35800994,0.6,6,0.35,59.07
Gilgit-Baltistan,12,25.21,79.53,2639.95,1917903,0.9,3,0.2,25.31
Azad Kashmir,4,22.32,47.36,2238.31,3939688,0.7,4,0.275,28.15
Balochistan,7,248.64,772.86,21983.26,12906785,0.5,5,0.3,100.0
Khyber Pakhtunkhwa,3,43.32,107.06,4847.02,38834084,0.6,6,0.35,48.93
KPK,9,8.74,19.68,2703.81,35711933,0.6,6,0.35,28.1
Balochistan,6,24.44,75.75,3751.88,11697044,0.5,5,0.3,37.75
Sindh,3,7.73,26.49,3361.16,47829834,0.2,8,0.475,39.32
Khyber Pakhtunkhwa,2,42.91,97.88,7665.15,33196595,0.6,6,0.35,54.07
Punjab,9,165.39,514.6,23559.56,102023844,0.3,7,0.425,100.0
Sindh,3,34.01,116.47,6277.11,50372126,0.2,8,0.475,68.76
Khyber Pakhtunkhwa,1,14.94,32.6,3857.59,32864970,0.6,6,0.35,41.1
KPK,5,18.13,57.75,3825.51,35176588,0.6,6,0.35,29.73
Gilgit-Baltistan,11,8.23,26.1,1928.2,1651828,0.9,3,0.2,16.67
Gilgit-Baltistan,8,22.35,74.45,2352.49,1927941,0.9,3,0.2,26.8
Gilgit-Baltistan,5,22.43,70.05,3181.69,1701592,0.9,3,0.2,26.05
Sindh,8,380.0,1300.0,36000.0,48565344,0.2,8,0.475,100.0
Gilgit-Baltistan,8,19.43,40.77,1687.28,1829193,0.9,3,0.2,19.03
Sindh,9,157.22,551.15,20468.68,43142471,0.2,8,0.475,100.0
Gilgit-Baltistan,5,31.2,81.64,2477.1,1809070,0.9,3,0.2,19.96
KPK,8,95.97,349.99,11058.46,36187261,0.6,6,0.35,100.0
Punjab,11,10.28,28.46,2711.46,104370323,0.3,7,0.425,42.32
Punjab,1,18.05,43.79,3293.85,114286540,0.3,7,0.425,40.44
Punjab,7,194.28,872.26,19356.04,119129387,0.3,7,0.425,100.0
KPK,4,39.44,114.07,4687.71,36041171,0.6,6,0.35,45.06
Azad Kashmir,6,26.62,85.03,2881.28,4123368,0.7,4,0.275,28.73
Gilgit-Baltistan,9,24.19,84.36,3063.2,1905333,0.9,3,0.2,32.59
Punjab,1,41.27,85.3,5749.67,102963109,0.3,7,0.425,59.48
Punjab,6,29.66,101.85,4936.79,117529119,0.3,7,0.425,57.82
KPK,2,6.3,15.2,3185.36,36333209,0.6,6,0.35,27.1
Punjab,8,221.25,742.72,34246.82,119641962,0.3,7,0.425,100.0
KPK,12,28.92,99.51,4438.27,38115811,0.6,6,0.35,46.37
Punjab,3,19.89,51.59,5396.67,99845526,0.3,7,0.425,46.97
Balochistan,7,109.9,348.67,7353.79,12425707,0.5,5,0.3,98.02
Azad Kashmir,6,2.84,6.55,1535.67,4079176,0.7,4,0.275,11.82
Punjab,12,14.37,38.6,3994.9,107322678,0.3,7,0.425,48.11
Gilgit-Baltistan,6,103.47,289.88,5657.16,1763104,0.9,3,0.2,74.19
KPK,5,15.02,47.16,4444.09,33612562,0.6,6,0.35,29.83
Punjab,6,34.16,77.86,7428.81,107838776,0.3,7,0.425,51.25
Azad Kashmir,7,191.27,702.09,12532.5,3728377,0.7,4,0.275,100.0
Gilgit-Baltistan,8,34.94,117.18,2934.51,1813295,0.9,3,0.2,38.56
KPK,9,57.7,170.55,6268.72,37511343,0.6,6,0.35,49.97
Balochistan,12,15.94,48.38,3750.55,12529586,0.5,5,0.3,34.87
Khyber Pakhtunkhwa,5,26.5,91.65,5210.18,33950817,0.6,6,0.35,43.64
Gilgit-Baltistan,3,28.42,65.96,3025.12,1728316,0.9,3,0.2,34.66
Sindh,3,20.98,66.31,4745.57,50262601,0.2,8,0.475,49.58
Khyber Pakhtunkhwa,5,28.16,56.97,3894.68,38259710,0.6,6,0.35,38.15
Balochistan,4,33.94,87.34,4780.38,11854743,0.5,5,0.3,43.6
Gilgit-Baltistan,6,123.39,452.42,9637.84,1971348,0.9,3,0.2,93.01
Azad Kashmir,7,189.18,756.8,17779.3,4068000,0.7,4,0.275,100.0
Balochistan,2,26.89,66.89,4338.36,12327569,0.5,5,0.3,29.16
Punjab,5,23.23,56.5,6787.11,100854985,0.3,7,0.425,52.56
Balochistan,9,17.92,46.15,3705.39,11802333,0.5,5,0.3,31.89
Khyber Pakhtunkhwa,7,176.45,474.42,14403.0,33878479,0.6,6,0.35,100.0
Punjab,12,31.44,92.63,6234.96,107342588,0.3,7,0.425,51.93
Gilgit-Baltistan,10,35.11,81.49,3164.79,1938315,0.9,3,0.2,24.74
Punjab,3,61.16,144.84,8182.49,101327073,0.3,7,0.425,68.9
Sindh,4,15.54,46.85,5389.78,51205265,0.2,8,0.475,50.54
Gilgit-Baltistan,9,20.85,45.12,2588.51,1669021,0.9,3,0.2,23.69
KPK,7,210.89,736.71,30126.11,32684246,0.6,6,0.35,100.0
Khyber Pakhtunkhwa,8,267.31,1129.59,23802.69,33348955,0.6,6,0.35,100.0
KPK,11,12.95,36.69,2496.91,37463563,0.6,6,0.35,26.78
Balochistan,11,31.72,99.6,4239.29,11262494,0.5,5,0.3,44.89
Balochistan,8,58.26,258.17,8043.08,12994170,0.5,5,0.3,79.01
Azad Kashmir,5,5.59,18.74,2761.28,3640757,0.7,4,0.275,26.11
Khyber Pakhtunkhwa,6,11.94,28.55,4237.97,33591496,0.6,6,0.35,38.6
Balochistan,7,104.52,343.53,9424.89,13153380,0.5,5,0.3,100.0
Balochistan,2,24.24,71.45,2938.14,11201233,0.5,5,0.3,35.48
Balochistan,12,36.12,95.8,4930.45,12020788,0.5,5,0.3,48.48
Azad Kashmir,2,18.34,52.77,2740.89,3900738,0.7,4,0.275,30.25
KPK,10,45.83,144.3,8644.45,32947674,0.6,6,0.35,66.2
Punjab,8,103.45,464.82,14647.32,120147599,0.3,7,0.425,100.0
Khyber Pakhtunkhwa,11,45.48,137.54,6854.48,38066898,0.6,6,0.35,52.03
Sindh,6,12.58,29.7,3896.48,50446736,0.2,8,0.475,39.07
Khyber Pakhtunkhwa,4,9.47,24.73,2742.35,34414877,0.6,6,0.35,28.11
Khyber Pakhtunkhwa,6,16.26,48.78,4489.54,36834280,0.6,6,0.35,36.71
Khyber Pakhtunkhwa,9,30.77,67.67,5508.81,35753196,0.6,6,0.35,45.17
Sindh,10,21.46,60.24,4210.58,48246481,0.2,8,0.475,46.77
Gilgit-Baltistan,12,5.22,17.44,1432.08,1923766,0.9,3,0.2,19.18
Gilgit-Baltistan,5,18.43,63.65,2737.7,1757227,0.9,3,0.2,25.47
Khyber Pakhtunkhwa,12,21.99,48.12,5243.38,37241906,0.6,6,0.35,35.06
KPK,7,145.01,584.76,17640.97,38535717,0.6,6,0.35,100.0
KPK,2,17.27,44.75,3464.03,33343965,0.6,6,0.35,29.88
KPK,1,8.61,18.66,3799.0,37207912,0.6,6,0.35,30.59
Balochistan,6,30.5,91.76,4880.83,13129300,0.5,5,0.3,42.05
Balochistan,7,169.69,752.51,22127.01,12710950,0.5,5,0.3,100.0
Punjab,12,14.77,31.84,4615.29,108995627,0.3,7,0.425,37.69
Gilgit-Baltistan,8,34.55,118.99,3251.62,1625726,0.9,3,0.2,30.89
Khyber Pakhtunkhwa,6,25.02,68.69,3527.47,37256621,0.6,6,0.35,36.37
Gilgit-Baltistan,12,22.96,56.02,2967.19,1880160,0.9,3,0.2,27.01
Balochistan,12,34.52,104.8,4042.76,12880116,0.5,5,0.3,50.43
Sindh,4,52.43,161.91,7631.28,51099589,0.2,8,0.475,69.28
Gilgit-Baltistan,11,7.39,17.28,2152.32,1694720,0.9,3,0.2,18.62
KPK,6,22.67,57.13,3180.01,37654099,0.6,6,0.35,35.96
Balochistan,10,8.79,28.13,2532.96,12854171,0.5,5,0.3,30.64
Gilgit-Baltistan,11,6.03,18.38,1616.6,1753287,0.9,3,0.2,17.74
Khyber Pakhtunkhwa,12,49.75,129.31,7789.4,33278344,0.6,6,0.35,49.01
KPK,4,16.5,51.27,3272.03,37437637,0.6,6,0.35,34.08
Punjab,4,21.26,55.66,5176.2,99727844,0.3,7,0.425,44.51
KPK,3,40.13,104.98,4382.34,38415327,0.6,6,0.35,45.05
Azad Kashmir,4,48.29,109.95,5921.38,3614552,0.7,4,0.275,47.22
Punjab,12,32.3,76.43,6532.27,105185724,0.3,7,0.425,54.62
Khyber Pakhtunkhwa,10,13.02,37.57,3444.54,32891229,0.6,6,0.35,31.12
KPK,7,168.19,530.08,18753.51,32478293,0.6,6,0.35,100.0
KPK,5,41.91,125.75,6440.88,34451732,0.6,6,0.35,51.22
Punjab,12,30.64,103.18,6102.97,110574974,0.3,7,0.425,52.54
Gilgit-Baltistan,10,17.1,43.15,1616.23,1860015,0.9,3,0.2,21.22
Punjab,2,13.21,29.46,3839.43,100767152,0.3,7,0.425,32.91
Sindh,2,17.89,45.34,4289.95,47845867,0.2,8,0.475,49.03
Khyber Pakhtunkhwa,4,35.25,94.8,6297.25,35520797,0.6,6,0.35,40.95
Punjab,12,24.87,61.23,5536.6,106080274,0.3,7,0.425,53.01
Azad Kashmir,5,19.26,47.15,2282.28,4102149,0.7,4,0.275,35.35
KPK,10,26.5,59.8,4742.22,32314620,0.6,6,0.35,37.66
Balochistan,4,19.39,48.79,4052.79,11625191,0.5,5,0.3,36.77
Sindh,8,133.44,540.71,19522.81,48142889,0.2,8,0.475,100.0
Balochistan,6,48.84,102.59,5011.67,11796020,0.5,5,0.3,47.59
Punjab,11,15.41,42.88,3805.45,120703831,0.3,7,0.425,41.86
Sindh,4,21.93,59.71,6978.33,51157844,0.2,8,0.475,55.08
KPK,3,37.39,98.6,6728.95,38289495,0.6,6,0.35,54.38
KPK,2,18.67,62.48,2840.25,36244411,0.6,6,0.35,31.62
KPK,3,39.7,95.07,3988.84,36495220,0.6,6,0.35,40.29
Sindh,10,42.69,118.69,10881.87,46224513,0.2,8,0.475,70.28
KPK,1,15.47,41.92,3940.3,36270644,0.6,6,0.35,36.59
Khyber Pakhtunkhwa,12,15.66,45.17,4523.94,38762411,0.6,6,0.35,41.07
Balochistan,7,135.16,393.26,11908.17,12161508,0.5,5,0.3,100.0
Sindh,6,19.44,51.27,4359.25,49489584,0.2,8,0.475,53.42
Punjab,6,24.87,79.32,5489.54,102278059,0.3,7,0.425,49.92
Balochistan,10,23.68,64.11,4315.7,12252782,0.5,5,0.3,40.15
Gilgit-Baltistan,11,30.02,89.1,3753.59,1674007,0.9,3,0.2,29.91
Balochistan,2,12.93,38.46,2004.3,13433996,0.5,5,0.3,35.72
Azad Kashmir,2,50.06,131.64,6420.01,4143976,0.7,4,0.275,55.09
Azad Kashmir,8,188.57,790.4,18847.69,4336875,0.7,4,0.275,100.0
Punjab,9,179.85,801.68,17938.37,110487679,0.3,7,0.425,100.0
Punjab,4,26.01,79.82,4037.6,120258766,0.3,7,0.425,44.21
Punjab,1,7.76,21.13,2835.62,99517741,0.3,7,0.425,25.17
Balochistan,3,22.28,44.69,4332.21,12882778,0.5,5,0.3,36.85
Gilgit-Baltistan,5,5.87,15.77,1523.65,1908814,0.9,3,0.2,10.43
Punjab,6,18.36,48.44,5325.0,105304884,0.3,7,0.425,46.22
Azad Kashmir,1,34.78,90.69,2836.32,3930406,0.7,4,0.275,29.77
Balochistan,12,20.29,54.0,3333.65,11414587,0.5,5,0.3,35.85
Punjab,1,16.54,57.1,3285.59,117268555,0.3,7,0.425,40.01
Sindh,8,196.82,718.29,36000.0,50635824,0.2,8,0.475,100.0
Khyber Pakhtunkhwa,12,26.87,59.13,3740.65,32269752,0.6,6,0.35,32.52
Sindh,8,143.49,532.45,25074.85,51402822,0.2,8,0.475,100.0
Punjab,8,106.13,326.4,19260.11,106632388,0.3,7,0.425,100.0
KPK,12,44.87,102.57,5960.2,33008881,0.6,6,0.35,49.75
Sindh,11,5.14,16.96,2491.79,48207821,0.2,8,0.475,34.41
Khyber Pakhtunkhwa,3,32.34,82.36,5967.87,36411879,0.6,6,0.35,51.31
Punjab,4,23.07,48.67,4436.85,107937985,0.3,7,0.425,38.51
Balochistan,9,25.76,68.71,4395.8,11342819,0.5,5,0.3,41.59
Punjab,12,17.81,56.99,4244.83,109671718,0.3,7,0.425,43.57
KPK,9,16.63,40.86,4805.75,37968598,0.6,6,0.35,31.92
Punjab,11,22.12,53.94,3777.45,99498840,0.3,7,0.425,39.5
Punjab,12,8.65,17.59,3361.92,109586434,0.3,7,0.425,36.08
Balochistan,7,233.41,626.18,14522.59,11855119,0.5,5,0.3,100.0
Balochistan,5,31.69,66.23,2912.59,12575820,0.5,5,0.3,33.53
Gilgit-Baltistan,11,22.65,60.26,2000.78,1668131,0.9,3,0.2,25.3
Punjab,7,135.08,448.13,12764.5,111865208,0.3,7,0.425,100.0
Balochistan,7,170.27,434.18,14973.05,11350135,0.5,5,0.3,100.0
KPK,2,12.34,42.23,3503.66,34335623,0.6,6,0.35,37.71
Sindh,4,10.61,23.92,4817.57,45969445,0.2,8,0.475,42.67
Gilgit-Baltistan,7,158.59,615.06,12164.67,1765299,0.9,3,0.2,100.0
Khyber Pakhtunkhwa,3,70.66,154.16,5680.96,35087258,0.6,6,0.35,61.45
Gilgit-Baltistan,1,37.65,118.4,2523.42,1922659,0.9,3,0.2,27.01
KPK,9,21.27,72.78,3451.14,35316142,0.6,6,0.35,37.51
Khyber Pakhtunkhwa,11,10.76,33.64,2454.94,38379866,0.6,6,0.35,36.2
Khyber Pakhtunkhwa,3,32.04,99.15,3635.18,34663694,0.6,6,0.35,35.37
Gilgit-Baltistan,2,24.79,64.99,3233.3,1899016,0.9,3,0.2,25.5
Khyber Pakhtunkhwa,11,12.24,31.31,2657.38,34851265,0.6,6,0.35,29.4
Khyber Pakhtunkhwa,9,50.64,134.19,6105.5,36300162,0.6,6,0.35,54.1
Sindh,6,12.61,25.77,4785.81,45686956,0.2,8,0.475,36.76
Sindh,11,14.05,41.26,3948.69,45166242,0.2,8,0.475,46.92
Balochistan,9,28.43,81.41,5066.85,13264602,0.5,5,0.3,42.0
Punjab,11,15.57,51.84,5580.36,119676420,0.3,7,0.425,36.51
Azad Kashmir,5,9.78,30.12,2088.12,3639268,0.7,4,0.275,22.29
Gilgit-Baltistan,9,14.7,35.18,2474.92,1978429,0.9,3,0.2,26.32
KPK,11,39.53,103.57,3796.37,34039146,0.6,6,0.35,44.69
Azad Kashmir,11,6.89,14.38,1905.09,4244770,0.7,4,0.275,15.59
Khyber Pakhtunkhwa,8,117.08,418.48,12978.72,36948028,0.6,6,0.35,100.0
Azad Kashmir,12,23.83,75.96,3479.12,4356368,0.7,4,0.275,36.51
Balochistan,4,9.41,29.44,2979.21,13133210,0.5,5,0.3,21.73
Punjab,4,18.37,52.02,3274.56,99804656,0.3,7,0.425,41.77
Gilgit-Baltistan,6,115.91,474.73,9932.15,1821600,0.9,3,0.2,100.0
Khyber Pakhtunkhwa,7,120.3,409.09,17198.8,34351456,0.6,6,0.35,100.0
Gilgit-Baltistan,9,32.82,101.49,3984.92,1964873,0.9,3,0.2,32.85
Sindh,12,33.96,73.14,7236.93,43172600,0.2,8,0.475,59.92
KPK,7,250.96,1096.39,36000.0,37366995,0.6,6,0.35,100.0
Gilgit-Baltistan,2,27.92,61.55,2783.89,1658098,0.9,3,0.2,33.51
Azad Kashmir,11,47.17,141.35,5617.09,4330833,0.7,4,0.275,43.67
Balochistan,6,7.12,15.75,2388.18,13491448,0.5,5,0.3,25.99
Punjab,5,11.69,33.53,2662.65,113361154,0.3,7,0.425,37.41
Balochistan,2,14.01,34.3,2445.47,13027689,0.5,5,0.3,25.83
Sindh,9,224.75,853.57,30643.65,43837993,0.2,8,0.475,100.0
Azad Kashmir,1,33.79,100.3,4736.17,4257870,0.7,4,0.275,44.22
Gilgit-Baltistan,11,19.41,48.26,2931.89,1657603,0.9,3,0.2,25.21
Balochistan,9,4.79,11.25,1766.48,12904340,0.5,5,0.3,27.15
Azad Kashmir,3,29.34,76.93,4794.9,4088980,0.7,4,0.275,40.22
Khyber Pakhtunkhwa,8,123.67,551.91,12772.48,38308704,0.6,6,0.35,100.0
Khyber Pakhtunkhwa,3,34.26,99.49,5315.69,32445386,0.6,6,0.35,41.4
Sindh,7,142.76,439.12,15361.89,45830564,0.2,8,0.475,100.0
Punjab,9,211.1,887.89,21348.86,119302031,0.3,7,0.425,100.0
Gilgit-Baltistan,2,15.99,54.45,1824.11,1723946,0.9,3,0.2,17.13
Gilgit-Baltistan,5,19.69,65.96,2112.34,1825998,0.9,3,0.2,23.58
Azad Kashmir,9,22.51,75.5,4059.13,3777318,0.7,4,0.275,35.14
Khyber Pakhtunkhwa,1,30.22,70.24,5856.94,34375850,0.6,6,0.35,47.71
Punjab,3,26.04,86.02,6463.37,105464026,0.3,7,0.425,53.05
Balochistan,11,17.65,51.61,3094.61,12299619,0.5,5,0.3,34.77
KPK,7,282.34,985.47,35876.65,33949364,0.6,6,0.35,100.0
Balochistan,7,155.33,504.39,10935.25,12103126,0.5,5,0.3,100.0
Sindh,12,13.67,30.98,4198.3,45077614,0.2,8,0.475,45.48
KPK,2,25.43,82.39,4064.39,35389849,0.6,6,0.35,38.52
Gilgit-Baltistan,1,17.61,51.43,2277.34,1650570,0.9,3,0.2,17.07
Punjab,12,26.65,53.66,6013.81,107811236,0.3,7,0.425,49.62
Sindh,5,5.36,16.79,3671.98,43894486,0.2,8,0.475,36.92
Balochistan,6,33.58,103.98,5257.64,11752308,0.5,5,0.3,39.02
Balochistan,7,124.11,439.77,12040.76,13156586,0.5,5,0.3,100.0
Khyber Pakhtunkhwa,10,20.5,55.72,3303.01,34569242,0.6,6,0.35,34.89
Azad Kashmir,10,9.66,33.69,2331.22,4342212,0.7,4,0.275,20.85
Punjab,8,68.46,175.32,12486.95,108435237,0.3,7,0.425,98.33
KPK,12,28.31,78.56,4167.22,38491828,0.6,6,0.35,41.32
Gilgit-Baltistan,11,21.35,57.18,2004.4,1747155,0.9,3,0.2,17.35
Sindh,8,189.44,702.39,20929.23,49708693,0.2,8,0.475,100.0
Balochistan,2,37.76,90.93,3937.88,12802561,0.5,5,0.3,40.28
Gilgit-Baltistan,11,36.93,100.26,3407.81,1807100,0.9,3,0.2,38.21
Balochistan,4,12.5,43.67,3296.23,11237673,0.5,5,0.3,40.23
KPK,4,37.0,101.16,4177.29,36580926,0.6,6,0.35,45.29
Sindh,7,145.05,511.5,28285.12,46463344,0.2,8,0.475,100.0
Azad Kashmir,6,16.26,56.62,2336.97,3640938,0.7,4,0.275,31.1
Punjab,6,13.26,32.45,2866.94,108744577,0.3,7,0.425,30.24
KPK,9,38.23,85.73,6323.15,38571123,0.6,6,0.35,45.01
Sindh,12,18.5,55.74,4776.05,46380036,0.2,8,0.475,47.42
Khyber Pakhtunkhwa,2,23.86,48.59,2984.09,36559244,0.6,6,0.35,41.72
Sindh,2,12.65,43.79,4650.73,47537382,0.2,8,0.475,46.55
Azad Kashmir,11,40.03,90.02,4283.12,3870090,0.7,4,0.275,39.67
KPK,10,30.81,87.6,6144.82,37831878,0.6,6,0.35,52.74
Azad Kashmir,5,25.78,70.97,4472.45,3683839,0.7,4,0.275,33.12
Punjab,1,11.79,31.32,2837.97,105590366,0.3,7,0.425,42.89
Balochistan,8,86.8,293.32,9022.02,13128153,0.5,5,0.3,88.31
Azad Kashmir,5,34.08,87.95,4105.96,4003004,0.7,4,0.275,34.27
Sindh,9,184.1,736.26,34857.4,47685059,0.2,8,0.475,100.0
KPK,10,32.5,82.56,6574.89,35075984,0.6,6,0.35,50.02
KPK,5,19.6,51.29,4110.71,32507603,0.6,6,0.35,39.46
Azad Kashmir,12,21.19,60.6,4141.59,3823846,0.7,4,0.275,39.18
Khyber Pakhtunkhwa,4,23.8,55.55,4717.2,35174200,0.6,6,0.35,33.33
Balochistan,5,15.13,52.66,2629.14,12845956,0.5,5,0.3,32.4
Sindh,9,239.68,794.12,36000.0,46343265,0.2,8,0.475,100.0
Punjab,1,30.1,96.93,4749.81,115136186,0.3,7,0.425,42.13
Punjab,3,11.49,26.15,4408.04,112373755,0.3,7,0.425,40.13
Balochistan,3,47.01,143.13,7437.95,11295499,0.5,5,0.3,57.62
Punjab,7,101.41,289.29,13940.8,107303618,0.3,7,0.425,100.0
Punjab,7,127.05,422.49,11833.8,107378167,0.3,7,0.425,100.0
Sindh,7,188.22,690.26,36000.0,50945909,0.2,8,0.475,100.0
Punjab,9,205.46,670.32,33818.74,120822664,0.3,7,0.425,100.0
Azad Kashmir,9,41.57,108.88,3161.79,4341272,0.7,4,0.275,39.17
Gilgit-Baltistan,12,48.53,127.56,4419.06,1797687,0.9,3,0.2,38.69
Gilgit-Baltistan,5,7.93,22.61,1278.12,1776327,0.9,3,0.2,13.6
Sindh,7,150.52,525.66,26962.19,49828485,0.2,8,0.475,100.0
Sindh,8,129.25,368.45,23600.13,46465388,0.2,8,0.475,100.0
Khyber Pakhtunkhwa,8,218.76,782.02,24554.37,36578417,0.6,6,0.35,100.0
Sindh,6,33.86,81.75,7549.9,49951784,0.2,8,0.475,59.52
KPK,6,22.45,67.78,3595.82,32028839,0.6,6,0.35,34.06
Khyber Pakhtunkhwa,6,20.03,60.76,3638.59,34891402,0.6,6,0.35,40.92
Punjab,10,11.02,22.85,3980.31,102870006,0.3,7,0.425,37.23
Punjab,2,32.68,91.94,6945.0,99659794,0.3,7,0.425,50.98
Sindh,11,29.84,97.9,8988.35,43517150,0.2,8,0.475,58.27
Sindh,9,243.46,666.36,36000.0,43696002,0.2,8,0.475,100.0
KPK,4,18.09,62.77,5210.11,36953988,0.6,6,0.35,35.04
KPK,5,16.88,42.4,2804.48,37254462,0.6,6,0.35,25.82
Azad Kashmir,9,17.8,52.92,3751.77,4090811,0.7,4,0.275,41.79
KPK,9,26.06,79.2,4381.26,34833515,0.6,6,0.35,49.56
Khyber Pakhtunkhwa,12,21.58,53.08,3269.27,32843077,0.6,6,0.35,40.18
KPK,5,13.9,38.71,2862.93,35583849,0.6,6,0.35,30.07
Balochistan,6,14.65,31.37,3428.09,11752499,0.5,5,0.3,27.2
Balochistan,10,26.02,88.48,4965.48,11415725,0.5,5,0.3,44.8
Sindh,12,19.78,64.19,4107.49,51507816,0.2,8,0.475,43.48
Sindh,4,23.39,69.53,4449.78,52428961,0.2,8,0.475,48.73
KPK,6,8.23,17.92,2928.56,36045586,0.6,6,0.35,32.92
Punjab,6,16.99,43.02,4032.72,105811935,0.3,7,0.425,40.29
KPK,5,12.79,43.22,2572.1,37296511,0.6,6,0.35,35.57
Balochistan,7,190.8,785.5,20453.45,12075760,0.5,5,0.3,100.0
Punjab,12,23.21,63.23,5679.09,112255902,0.3,7,0.425,51.84
Khyber Pakhtunkhwa,12,17.11,46.79,2619.41,36440795,0.6,6,0.35,35.18
Gilgit-Baltistan,7,200.34,816.3,13280.47,1950706,0.9,3,0.2,100.0
Balochistan,5,14.87,36.04,2813.4,12208923,0.5,5,0.3,28.86
Sindh,8,109.54,354.55,12999.38,51567154,0.2,8,0.475,100.0
KPK,9,17.06,42.1,4445.85,32360773,0.6,6,0.35,33.86
Azad Kashmir,10,25.87,75.38,3475.06,4190130,0.7,4,0.275,36.82
Khyber Pakhtunkhwa,5,19.44,50.85,4423.73,35628981,0.6,6,0.35,40.14
Khyber Pakhtunkhwa,4,14.12,28.94,2373.84,33801626,0.6,6,0.35,27.73
Balochistan,7,155.39,526.11,14989.22,11729339,0.5,5,0.3,100.0
Gilgit-Baltistan,6,69.58,179.07,5796.32,1734625,0.9,3,0.2,60.69
Sindh,7,172.58,771.44,31665.22,52026362,0.2,8,0.475,100.0
KPK,9,21.02,69.58,4336.33,32428942,0.6,6,0.35,37.41
Sindh,11,21.57,73.06,6419.76,50102312,0.2,8,0.475,60.6
KPK,9,17.21,39.65,4339.12,33096572,0.6,6,0.35,32.93
Azad Kashmir,1,16.29,39.6,3395.13,3805103,0.7,4,0.275,32.15
Punjab,10,18.44,40.59,5027.63,104094316,0.3,7,0.425,47.25
KPK,4,21.19,45.02,3396.98,37108349,0.6,6,0.35,34.91
Gilgit-Baltistan,4,19.44,56.24,1889.79,1767683,0.9,3,0.2,21.08
Azad Kashmir,9,9.05,19.59,2814.53,4365087,0.7,4,0.275,28.22
Gilgit-Baltistan,5,17.56,42.79,2724.02,1956056,0.9,3,0.2,26.91
KPK,6,16.29,45.18,3157.44,32383911,0.6,6,0.35,37.86
Balochistan,1,16.0,33.08,3078.44,11249117,0.5,5,0.3,25.68
Azad Kashmir,3,8.71,20.88,2028.79,4237609,0.7,4,0.275,28.22
Punjab,1,7.12,21.14,3531.09,114868581,0.3,7,0.425,38.8
Khyber Pakhtunkhwa,1,11.72,36.58,3574.35,33258284,0.6,6,0.35,34.03
Balochistan,7,136.99,509.85,9781.95,12710031,0.5,5,0.3,100.0
Sindh,3,15.26,41.56,4466.35,50256999,0.2,8,0.475,48.74
Khyber Pakhtunkhwa,7,123.2,316.31,10646.4,32132870,0.6,6,0.35,100.0
Sindh,6,27.28,65.48,6397.62,46874155,0.2,8,0.475,56.48
Azad Kashmir,3,16.98,50.22,3425.08,3628153,0.7,4,0.275,30.4
Balochistan,8,267.37,712.65,15791.32,12825271,0.5,5,0.3,100.0
Khyber Pakhtunkhwa,12,10.98,35.63,2206.82,35148229,0.6,6,0.35,25.97
Gilgit-Baltistan,6,228.53,733.34,13101.92,1789344,0.9,3,0.2,100.0
Sindh,12,16.18,37.51,3762.31,46677441,0.2,8,0.475,40.2
Punjab,7,183.3,571.6,21575.75,109957701,0.3,7,0.425,100.0
Sindh,4,22.08,54.51,5725.79,49345941,0.2,8,0.475,44.27
KPK,1,25.92,66.97,5229.08,34326203,0.6,6,0.35,49.93
Balochistan,10,10.38,26.53,3031.74,13079785,0.5,5,0.3,29.08
Azad Kashmir,3,9.99,28.64,2334.45,3898251,0.7,4,0.275,34.34
Gilgit-Baltistan,12,6.46,15.69,1412.32,1848228,0.9,3,0.2,11.26
Khyber Pakhtunkhwa,6,18.28,47.03,4183.84,34802801,0.6,6,0.35,36.94
Gilgit-Baltistan,6,119.79,443.49,10632.0,1919756,0.9,3,0.2,97.27
KPK,9,24.98,70.63,4500.57,38667127,0.6,6,0.35,44.38
Balochistan,11,31.42,77.25,4351.46,12478477,0.5,5,0.3,40.4
KPK,11,28.59,66.01,3871.06,32990713,0.6,6,0.35,41.04
Punjab,5,24.55,56.66,4160.56,112218976,0.3,7,0.425,53.53
Khyber Pakhtunkhwa,11,13.03,33.52,2513.97,33453899,0.6,6,0.35,27.98
Gilgit-Baltistan,7,57.76,255.78,4866.41,1826104,0.9,3,0.2,59.51
Azad Kashmir,7,190.09,616.36,19269.0,4292248,0.7,4,0.275,100.0
KPK,4,58.65,163.07,8174.21,33215523,0.6,6,0.35,64.29
Khyber Pakhtunkhwa,4,22.49,62.99,3502.66,32266809,0.6,6,0.35,33.95
Punjab,3,14.41,41.18,3217.4,109051616,0.3,7,0.425,41.78
Gilgit-Baltistan,2,26.19,70.8,1820.24,1636207,0.9,3,0.2,21.86
KPK,5,23.21,67.5,5601.92,33585922,0.6,6,0.35,43.79
Gilgit-Baltistan,9,23.69,62.11,2170.25,1830461,0.9,3,0.2,23.72
KPK,5,46.2,138.09,7654.98,32770204,0.6,6,0.35,64.35
Azad Kashmir,4,15.45,39.41,3509.67,4348571,0.7,4,0.275,37.78
Azad Kashmir,3,24.26,77.57,2627.96,3795879,0.7,4,0.275,28.57
Khyber Pakhtunkhwa,5,23.96,68.36,5467.89,33073583,0.6,6,0.35,46.41
KPK,9,18.04,36.47,2735.46,36814658,0.6,6,0.35,26.08
Gilgit-Baltistan,5,19.22,46.82,2131.5,1917933,0.9,3,0.2,19.55
Azad Kashmir,1,24.79,50.35,2347.0,3707215,0.7,4,0.275,33.59
Azad Kashmir,2,43.01,130.43,5287.31,3914546,0.7,4,0.275,44.02
Balochistan,11,33.66,80.04,3430.88,11641272,0.5,5,0.3,39.06
Gilgit-Baltistan,10,22.34,71.86,3029.35,1703804,0.9,3,0.2,30.05
Khyber Pakhtunkhwa,8,201.51,844.8,24646.38,38294953,0.6,6,0.35,100.0
Gilgit-Baltistan,7,143.48,553.74,8235.52,1626094,0.9,3,0.2,100.0
Sindh,3,9.76,26.3,4716.23,50960032,0.2,8,0.475,43.61
Balochistan,8,85.0,257.59,10605.54,13356549,0.5,5,0.3,95.85
Khyber Pakhtunkhwa,6,11.57,29.48,3711.57,34094726,0.6,6,0.35,27.17
Gilgit-Baltistan,3,4.12,10.03,1321.36,1784958,0.9,3,0.2,12.54
KPK,12,19.67,48.41,3844.46,36905448,0.6,6,0.35,36.14
Sindh,8,175.19,466.15,31184.23,44981701,0.2,8,0.475,100.0
Azad Kashmir,11,21.38,69.4,2642.46,3781152,0.7,4,0.275,29.32
Punjab,8,209.83,663.91,34841.65,100097195,0.3,7,0.425,100.0
Khyber Pakhtunkhwa,5,28.62,68.82,3139.49,35567105,0.6,6,0.35,38.31
Punjab,12,35.79,85.71,6742.97,102273038,0.3,7,0.425,49.08
Punjab,9,184.73,799.75,20074.26,118140813,0.3,7,0.425,100.0
Punjab,3,14.56,46.43,4004.08,102725872,0.3,7,0.425,38.07
Sindh,3,14.42,44.02,4054.22,44735982,0.2,8,0.475,39.64
Azad Kashmir,3,19.02,62.77,4135.05,4200922,0.7,4,0.275,32.05
Sindh,7,216.31,557.96,27148.0,52394766,0.2,8,0.475,100.0
Azad Kashmir,5,10.78,27.6,2428.54,3936992,0.7,4,0.275,23.14
Gilgit-Baltistan,2,21.54,72.77,1916.22,1731703,0.9,3,0.2,21.03
Gilgit-Baltistan,2,44.92,137.31,2726.41,1852042,0.9,3,0.2,32.9
Azad Kashmir,8,229.27,957.62,23779.37,4023729,0.7,4,0.275,100.0
Punjab,5,13.03,38.28,3451.57,115991709,0.3,7,0.425,35.28
Punjab,12,20.85,42.05,3785.62,107925609,0.3,7,0.425,39.69
Azad Kashmir,6,48.88,148.27,5656.45,4388388,0.7,4,0.275,50.79
KPK,7,131.72,451.17,16005.27,38431501,0.6,6,0.35,100.0
Punjab,6,12.31,33.52,4898.5,111171678,0.3,7,0.425,41.24
Azad Kashmir,12,12.42,41.74,2289.39,3622803,0.7,4,0.275,24.29
KPK,7,224.63,669.9,22842.91,33779323,0.6,6,0.35,100.0
Punjab,10,21.46,46.41,5393.65,109624700,0.3,7,0.425,53.4
KPK,8,302.94,1098.9,36000.0,33995642,0.6,6,0.35,100.0
Gilgit-Baltistan,12,21.7,59.99,3060.39,1720648,0.9,3,0.2,30.08
KPK,7,137.09,412.57,15273.12,38057866,0.6,6,0.35,100.0
KPK,5,49.96,104.72,7955.31,36029038,0.6,6,0.35,61.96
KPK,4,10.59,22.43,2489.8,36448404,0.6,6,0.35,28.23
Gilgit-Baltistan,1,8.05,17.39,1124.28,1963981,0.9,3,0.2,13.37
Azad Kashmir,4,15.68,49.63,2331.86,4125127,0.7,4,0.275,34.94
KPK,9,27.34,80.36,5074.77,35408003,0.6,6,0.35,45.75
Khyber Pakhtunkhwa,8,142.23,603.15,18857.38,33773349,0.6,6,0.35,100.0
Sindh,7,254.47,1089.5,36000.0,47573438,0.2,8,0.475,100.0
Balochistan,7,181.26,677.97,17880.56,11986551,0.5,5,0.3,100.0
Azad Kashmir,7,215.91,572.95,12167.16,4146081,0.7,4,0.275,100.0
Sindh,7,141.01,612.97,29218.49,43853159,0.2,8,0.475,100.0
Balochistan,5,20.35,70.24,2481.15,12470438,0.5,5,0.3,31.99
KPK,10,26.02,58.34,4556.11,35919956,0.6,6,0.35,37.96
Gilgit-Baltistan,7,154.96,522.02,9673.72,1727608,0.9,3,0.2,100.0
Sindh,4,15.29,36.43,4617.02,47991711,0.2,8,0.475,45.74
Punjab,7,201.42,569.27,23493.27,108530628,0.3,7,0.425,100.0
Balochistan,12,25.92,62.0,3157.77,13110641,0.5,5,0.3,41.42
Khyber Pakhtunkhwa,12,38.86,111.43,5433.61,37841399,0.6,6,0.35,47.07
Azad Kashmir,9,23.62,60.88,3578.08,4015017,0.7,4,0.275,31.28
Balochistan,6,10.17,35.14,1929.16,12147909,0.5,5,0.3,30.73
Azad Kashmir,3,14.61,36.05,3225.02,3604368,0.7,4,0.275,29.3
Sindh,7,132.75,565.82,21515.69,52144543,0.2,8,0.475,100.0
KPK,12,29.99,64.12,6125.24,34318653,0.6,6,0.35,48.02
Khyber Pakhtunkhwa,8,197.77,642.09,14383.88,35235350,0.6,6,0.35,100.0
Khyber Pakhtunkhwa,4,21.62,45.21,4519.04,34640474,0.6,6,0.35,30.6
KPK,12,23.9,71.27,5072.44,37362199,0.6,6,0.35,46.05
Gilgit-Baltistan,3,18.42,46.72,1611.55,1700113,0.9,3,0.2,16.9
Khyber Pakhtunkhwa,2,20.13,46.71,3154.73,34031262,0.6,6,0.35,34.69
Khyber Pakhtunkhwa,7,159.3,715.86,16847.7,37074991,0.6,6,0.35,100.0
KPK,7,123.08,350.76,17488.08,32232528,0.6,6,0.35,100.0
Khyber Pakhtunkhwa,8,183.18,717.7,21997.29,38256474,0.6,6,0.35,100.0
Azad Kashmir,6,13.41,32.7,1990.46,4088952,0.7,4,0.275,25.7
Punjab,4,9.06,26.29,3840.52,110072895,0.3,7,0.425,41.39
Gilgit-Baltistan,3,7.66,25.84,1228.21,1794363,0.9,3,0.2,11.89
Punjab,6,14.48,34.51,3627.32,111916556,0.3,7,0.425,41.45
Gilgit-Baltistan,11,18.77,52.0,2094.9,1910725,0.9,3,0.2,17.68
Punjab,6,34.79,77.17,5461.86,108937992,0.3,7,0.425,55.32
Khyber Pakhtunkhwa,3,23.63,65.8,3085.81,33010355,0.6,6,0.35,41.37
Balochistan,12,21.5,66.52,4066.63,12446906,0.5,5,0.3,39.51
Azad Kashmir,8,134.7,536.93,14342.71,4304366,0.7,4,0.275,100.0
Gilgit-Baltistan,9,22.41,46.4,2111.62,1649823,0.9,3,0.2,19.13
Balochistan,3,16.72,54.88,3347.59,11253767,0.5,5,0.3,34.97
Khyber Pakhtunkhwa,4,24.99,54.19,5520.18,35741450,0.6,6,0.35,47.57
Gilgit-Baltistan,9,6.07,12.93,1241.31,1821964,0.9,3,0.2,12.92
Khyber Pakhtunkhwa,5,16.66,43.19,4597.91,34970095,0.6,6,0.35,41.88
Balochistan,10,18.88,58.52,4171.92,13052311,0.5,5,0.3,33.82
KPK,10,48.3,118.88,7996.24,35736320,0.6,6,0.35,51.17
Sindh,5,8.45,18.03,3441.45,50566907,0.2,8,0.475,30.11
Punjab,6,19.41,58.85,4275.22,118818834,0.3,7,0.425,42.64
KPK,3,23.03,56.96,4351.88,36245756,0.6,6,0.35,39.12
Balochistan,1,11.62,40.16,3472.39,12584276,0.5,5,0.3,36.02
KPK,4,76.56,183.08,7232.37,32165809,0.6,6,0.35,66.53
Sindh,2,20.31,65.04,7023.47,49814312,0.2,8,0.475,52.14
Azad Kashmir,6,26.18,84.94,2773.61,3852768,0.7,4,0.275,32.41
Punjab,2,6.78,19.42,4529.76,100574082,0.3,7,0.425,33.27
Khyber Pakhtunkhwa,2,23.75,47.82,4574.99,32443821,0.6,6,0.35,31.21
Sindh,3,7.12,20.89,2959.07,50010745,0.2,8,0.475,41.79
Gilgit-Baltistan,6,234.11,996.43,14050.51,1929240,0.9,3,0.2,100.0
Azad Kashmir,7,171.14,457.47,11259.71,4189243,0.7,4,0.275,100.0
Gilgit-Baltistan,7,123.66,463.18,10484.21,1634721,0.9,3,0.2,100.0
Punjab,11,31.09,108.55,7494.23,106735217,0.3,7,0.425,61.06
Gilgit-Baltistan,11,23.26,73.79,3191.07,1707696,0.9,3,0.2,26.25
Punjab,2,47.36,123.35,5711.16,101356671,0.3,7,0.425,57.59
Azad Kashmir,3,15.61,45.54,3033.64,3717675,0.7,4,0.275,26.36
Sindh,7,174.82,731.53,24629.17,47816571,0.2,8,0.475,100.0
Khyber Pakhtunkhwa,10,5.88,17.81,2536.76,37377778,0.6,6,0.35,26.82
Azad Kashmir,6,9.07,23.33,2233.91,4322195,0.7,4,0.275,22.53
Sindh,2,21.16,54.84,7280.11,50388233,0.2,8,0.475,61.55
Sindh,8,69.53,223.79,9265.51,52437290,0.2,8,0.475,95.8
Sindh,11,10.41,35.74,5234.49,49385139,0.2,8,0.475,40.74
Sindh,8,260.6,1144.78,36000.0,52448320,0.2,8,0.475,100.0
Sindh,4,42.16,112.65,9725.4,51901504,0.2,8,0.475,68.45
Azad Kashmir,1,12.96,34.74,2415.44,3957537,0.7,4,0.275,31.54
Gilgit-Baltistan,12,21.49,66.58,2130.54,1831432,0.9,3,0.2,17.06
Gilgit-Baltistan,2,35.48,81.25,2243.11,1751062,0.9,3,0.2,22.84
Azad Kashmir,7,168.06,484.05,14048.07,3964576,0.7,4,0.275,100.0
Gilgit-Baltistan,1,13.28,45.96,2630.62,1711681,0.9,3,0.2,21.16
KPK,11,11.96,28.09,2391.84,36000276,0.6,6,0.35,26.89
Sindh,8,271.96,812.23,29704.05,45530270,0.2,8,0.475,100.0
Balochistan,7,140.19,569.46,9920.37,12660837,0.5,5,0.3,100.0
Azad Kashmir,7,83.69,234.07,5537.05,4195554,0.7,4,0.275,76.61
Azad Kashmir,10,12.23,29.81,2716.6,4247861,0.7,4,0.275,21.35
Balochistan,8,147.69,647.06,20582.6,12139563,0.5,5,0.3,100.0
Azad Kashmir,5,21.63,72.24,4160.04,3849651,0.7,4,0.275,32.36
Sindh,3,3.31,8.73,2359.42,46249689,0.2,8,0.475,36.83
KPK,6,17.16,37.19,3207.98,37844539,0.6,6,0.35,29.63
Sindh,5,6.87,20.92,4922.46,48244750,0.2,8,0.475,47.05
Balochistan,8,57.57,171.49,6314.13,11798992,0.5,5,0.3,75.78
KPK,7,125.12,367.21,11672.33,34682407,0.6,6,0.35,100.0
Balochistan,7,227.16,822.44,20265.08,13400078,0.5,5,0.3,100.0
KPK,10,35.27,92.2,3836.39,39008454,0.6,6,0.35,39.52
Punjab,7,115.37,427.13,22138.3,100155199,0.3,7,0.425,100.0
Azad Kashmir,11,30.07,68.1,3319.79,3735000,0.7,4,0.275,32.65
KPK,10,26.91,91.47,6159.27,35227367,0.6,6,0.35,40.23
Sindh,3,30.19,74.56,5704.99,44105006,0.2,8,0.475,48.62
Azad Kashmir,12,21.26,58.61,2977.52,3660392,0.7,4,0.275,36.04
Khyber Pakhtunkhwa,3,16.81,54.31,3806.36,35653325,0.6,6,0.35,27.2
Azad Kashmir,12,19.94,67.65,3319.53,4063444,0.7,4,0.275,24.85
Sindh,12,38.73,107.15,7054.52,47734958,0.2,8,0.475,60.76
Punjab,4,14.17,47.33,3075.48,103612383,0.3,7,0.425,41.8
Khyber Pakhtunkhwa,2,33.37,113.91,6242.68,34419681,0.6,6,0.35,58.46
Punjab,1,23.44,73.51,6307.32,105408456,0.3,7,0.425,49.79
KPK,6,17.8,60.67,3473.24,35336931,0.6,6,0.35,33.35
Gilgit-Baltistan,9,36.74,75.05,2274.27,1804411,0.9,3,0.2,22.7
Sindh,6,29.69,76.64,4988.8,50371356,0.2,8,0.475,44.92
Punjab,5,34.53,117.35,6490.62,104937761,0.3,7,0.425,49.49
Gilgit-Baltistan,8,23.07,51.3,2100.53,1697029,0.9,3,0.2,15.7
Balochistan,4,20.97,46.46,3020.74,11088174,0.5,5,0.3,25.53
Gilgit-Baltistan,11,6.86,14.91,2011.7,1905047,0.9,3,0.2,12.04
Khyber Pakhtunkhwa,9,24.02,70.22,3005.11,36570098,0.6,6,0.35,34.9
KPK,10,21.38,48.41,4526.62,36135601,0.6,6,0.35,31.46
KPK,5,14.59,30.37,2888.62,38502573,0.6,6,0.35,29.02
Punjab,6,10.97,24.48,2821.01,117943880,0.3,7,0.425,38.3
Azad Kashmir,11,25.91,60.11,3874.81,3979042,0.7,4,0.275,41.57
Khyber Pakhtunkhwa,6,17.88,37.03,4854.66,36898890,0.6,6,0.35,34.23
Sindh,12,16.61,52.72,5652.36,47286256,0.2,8,0.475,46.76
Punjab,2,20.2,68.09,4814.27,102666732,0.3,7,0.425,45.38
Azad Kashmir,4,16.55,44.89,2680.81,3895437,0.7,4,0.275,29.61
Gilgit-Baltistan,10,33.81,116.1,2507.49,1785208,0.9,3,0.2,28.06
Sindh,5,34.12,82.69,8939.62,45387923,0.2,8,0.475,62.22
Gilgit-Baltistan,9,14.21,49.23,2434.28,1682136,0.9,3,0.2,23.77
Gilgit-Baltistan,2,33.95,80.04,2339.78,1873250,0.9,3,0.2,35.43
Sindh,11,17.58,36.65,4109.93,52340760,0.2,8,0.475,50.06
KPK,11,49.59,169.97,5022.49,34310128,0.6,6,0.35,45.55
Gilgit-Baltistan,3,14.62,41.01,2483.18,1948073,0.9,3,0.2,25.85
Sindh,10,22.42,48.85,3739.64,46499381,0.2,8,0.475,43.59
Khyber Pakhtunkhwa,1,18.75,44.95,3832.27,37393792,0.6,6,0.35,36.21
Sindh,2,24.56,55.69,4059.35,51962005,0.2,8,0.475,47.3
Sindh,5,23.0,70.26,6906.57,49707160,0.2,8,0.475,58.99
Sindh,5,49.32,155.25,7486.48,48213202,0.2,8,0.475,69.02
Azad Kashmir,10,9.92,34.3,2168.09,3949291,0.7,4,0.275,25.19
KPK,6,18.75,39.71,4831.57,36137994,0.6,6,0.35,34.77
Azad Kashmir,5,29.75,85.02,5052.51,4277383,0.7,4,0.275,47.02
Balochistan,4,16.48,57.31,4234.88,13117803,0.5,5,0.3,30.84
Sindh,3,32.36,86.32,8916.94,43236805,0.2,8,0.475,69.44
Balochistan,6,3.06,10.27,2165.53,12411086,0.5,5,0.3,23.69
Khyber Pakhtunkhwa,9,36.41,122.05,4858.17,32495443,0.6,6,0.35,43.34
Sindh,2,24.33,50.17,5534.79,47284660,0.2,8,0.475,58.57
Gilgit-Baltistan,12,28.9,97.81,3590.24,1791947,0.9,3,0.2,40.55
Gilgit-Baltistan,4,48.65,109.18,3293.37,1723826,0.9,3,0.2,33.56
Gilgit-Baltistan,7,157.72,590.84,7527.9,1859710,0.9,3,0.2,100.0
Khyber Pakhtunkhwa,3,18.9,40.78,3461.84,32040017,0.6,6,0.35,30.41
Azad Kashmir,3,20.71,61.3,3681.12,3673984,0.7,4,0.275,24.46
Gilgit-Baltistan,3,15.77,33.1,2083.47,1730462,0.9,3,0.2,19.88
Gilgit-Baltistan,4,14.06,40.79,2251.73,1775666,0.9,3,0.2,20.13
Balochistan,4,28.17,66.11,2816.69,12836710,0.5,5,0.3,32.22
Azad Kashmir,5,5.61,13.08,1520.79,3961836,0.7,4,0.275,18.82
Balochistan,11,26.75,72.63,2697.99,11776196,0.5,5,0.3,28.36
KPK,9,20.46,63.46,3424.92,33818255,0.6,6,0.35,37.2
Khyber Pakhtunkhwa,5,46.12,161.28,6052.4,34985444,0.6,6,0.35,50.28
Khyber Pakhtunkhwa,10,12.86,42.88,2847.54,36707677,0.6,6,0.35,31.95
Azad Kashmir,7,252.31,1109.48,17728.78,3911377,0.7,4,0.275,100.0
Balochistan,3,11.28,26.34,3014.38,12050438,0.5,5,0.3,30.21
Balochistan,4,45.24,115.99,4973.48,11782931,0.5,5,0.3,46.58
Sindh,2,34.7,88.74,7808.31,46024468,0.2,8,0.475,66.23
Balochistan,10,32.64,108.77,4824.02,12010672,0.5,5,0.3,46.02
KPK,5,22.08,47.67,4093.64,36285127,0.6,6,0.35,35.16
Punjab,6,32.05,88.46,5705.25,114490937,0.3,7,0.425,55.46
Gilgit-Baltistan,11,68.37,213.98,3847.17,1788036,0.9,3,0.2,49.83
Balochistan,10,26.26,79.21,5276.16,13017821,0.5,5,0.3,39.61
Khyber Pakhtunkhwa,4,30.02,96.32,6609.21,36292667,0.6,6,0.35,53.24
KPK,5,16.61,53.01,4108.4,33676263,0.6,6,0.35,35.64
Gilgit-Baltistan,5,24.79,80.74,2591.59,1927214,0.9,3,0.2,26.72
Azad Kashmir,12,25.13,69.48,4208.42,4266770,0.7,4,0.275,38.84
Gilgit-Baltistan,5,26.6,83.7,1917.53,1897527,0.9,3,0.2,20.73
KPK,5,21.59,69.22,3109.95,35211653,0.6,6,0.35,37.65
Sindh,10,29.44,79.98,5970.54,44343053,0.2,8,0.475,56.23
Sindh,11,24.94,79.5,5440.37,52649762,0.2,8,0.475,47.23
KPK,5,20.5,50.04,3421.52,32277069,0.6,6,0.35,33.02
Punjab,1,3.64,8.91,3623.47,108653430,0.3,7,0.425,32.44
Punjab,7,85.49,349.05,13936.07,120555421,0.3,7,0.425,100.0
Azad Kashmir,8,239.24,938.18,22480.8,3873666,0.7,4,0.275,100.0
Gilgit-Baltistan,9,16.21,38.31,1505.29,1683224,0.9,3,0.2,20.22
Punjab,3,33.61,117.51,6169.38,118026776,0.3,7,0.425,59.44
Azad Kashmir,10,24.83,80.18,3110.67,4077438,0.7,4,0.275,26.07
Gilgit-Baltistan,7,181.77,699.43,14867.64,1678978,0.9,3,0.2,100.0
Azad Kashmir,1,11.76,40.27,1843.89,4208358,0.7,4,0.275,21.42
Punjab,5,15.93,34.21,3633.48,107207357,0.3,7,0.425,41.63
Azad Kashmir,10,17.42,41.69,3197.99,3955650,0.7,4,0.275,28.09
Sindh,11,36.71,76.77,7690.45,45742548,0.2,8,0.475,60.88
Gilgit-Baltistan,2,26.75,93.29,3010.07,1729107,0.9,3,0.2,30.32
KPK,5,14.44,36.87,4464.53,32228956,0.6,6,0.35,27.22
Balochistan,9,26.09,91.0,3444.85,12205112,0.5,5,0.3,37.55
Azad Kashmir,7,124.12,391.89,11657.43,4326779,0.7,4,0.275,100.0
KPK,11,5.01,11.87,2790.94,35190525,0.6,6,0.35,36.27
Balochistan,7,160.99,635.11,15053.53,12788214,0.5,5,0.3,100.0
Balochistan,4,17.33,53.95,2840.94,11360607,0.5,5,0.3,32.93
Sindh,9,188.71,744.5,22908.31,49511469,0.2,8,0.475,100.0
Balochistan,9,18.17,49.94,2836.43,13244576,0.5,5,0.3,29.56
Sindh,8,201.71,860.67,29595.48,45779199,0.2,8,0.475,100.0
Gilgit-Baltistan,11,5.97,19.84,1137.05,1768680,0.9,3,0.2,20.1
KPK,4,20.54,69.31,5041.57,36477697,0.6,6,0.35,42.23
Balochistan,7,189.58,529.79,16124.25,11810454,0.5,5,0.3,100.0
Sindh,2,15.57,47.2,6033.02,45006777,0.2,8,0.475,57.44
Gilgit-Baltistan,6,192.79,564.0,7742.13,1715637,0.9,3,0.2,100.0
Azad Kashmir,10,23.61,50.03,2982.74,4115632,0.7,4,0.275,33.07
Punjab,7,217.27,758.18,28531.07,104275405,0.3,7,0.425,100.0
Balochistan,9,21.95,50.03,3947.62,13215141,0.5,5,0.3,29.13
Azad Kashmir,1,41.2,104.4,3724.7,3811410,0.7,4,0.275,39.28
KPK,8,94.36,270.52,12954.99,35302585,0.6,6,0.35,100.0
Khyber Pakhtunkhwa,10,24.98,80.74,4481.15,33824909,0.6,6,0.35,39.52
Punjab,4,32.29,66.6,4599.21,115831083,0.3,7,0.425,50.98
Punjab,5,24.73,68.5,5005.73,103787700,0.3,7,0.425,49.6
Sindh,7,134.91,516.56,18314.33,51140233,0.2,8,0.475,100.0
Azad Kashmir,1,18.54,61.41,3141.97,3787085,0.7,4,0.275,29.51
Sindh,8,222.75,612.31,31735.39,50120349,0.2,8,0.475,100.0
Khyber Pakhtunkhwa,11,8.77,28.75,2798.09,36918701,0.6,6,0.35,27.19
Balochistan,10,23.88,76.98,4515.83,13214642,0.5,5,0.3,39.54
Azad Kashmir,2,9.47,27.3,1708.6,3938947,0.7,4,0.275,17.56
Khyber Pakhtunkhwa,7,119.62,317.81,16321.35,32477763,0.6,6,0.35,100.0
Sindh,2,22.69,55.97,5674.72,45180584,0.2,8,0.475,48.97
Gilgit-Baltistan,5,34.84,71.08,3114.86,1820879,0.9,3,0.2,23.37
Khyber Pakhtunkhwa,10,17.33,34.87,2977.93,35178370,0.6,6,0.35,32.04
Balochistan,10,25.89,62.91,2724.95,11572282,0.5,5,0.3,37.24
KPK,4,11.65,24.57,2271.46,36594339,0.6,6,0.35,27.41
Balochistan,12,30.94,102.19,3678.19,12890889,0.5,5,0.3,41.87
Azad Kashmir,7,119.08,428.03,7328.16,4234749,0.7,4,0.275,92.08
Punjab,9,283.03,1015.44,36000.0,111877818,0.3,7,0.425,100.0
Khyber Pakhtunkhwa,3,15.62,50.14,4846.86,36399815,0.6,6,0.35,38.39
Sindh,2,7.67,24.25,2995.47,50683817,0.2,8,0.475,39.66
Punjab,8,374.45,1215.68,36000.0,103381207,0.3,7,0.425,100.0
Balochistan,11,10.27,26.3,3178.52,11950027,0.5,5,0.3,31.13
KPK,2,30.51,105.38,6820.67,34956176,0.6,6,0.35,48.55
Azad Kashmir,6,16.91,49.15,3387.84,3640810,0.7,4,0.275,26.42
Khyber Pakhtunkhwa,3,17.96,44.22,2520.62,34241206,0.6,6,0.35,37.01
Khyber Pakhtunkhwa,3,16.1,46.79,4490.14,32530491,0.6,6,0.35,40.63
Punjab,3,14.17,44.31,3097.89,112881517,0.3,7,0.425,33.2
Punjab,9,104.34,318.92,14475.13,104876257,0.3,7,0.425,100.0
Gilgit-Baltistan,8,14.61,31.42,2326.59,1898233,0.9,3,0.2,24.92
Punjab,2,14.48,45.23,4600.23,100673327,0.3,7,0.425,48.15
Balochistan,1,17.84,52.21,4122.67,11496906,0.5,5,0.3,25.01
KPK,12,15.26,33.31,4009.07,33820435,0.6,6,0.35,37.72
Gilgit-Baltistan,9,23.55,77.77,2998.51,1620663,0.9,3,0.2,22.35
Balochistan,9,25.21,73.07,3659.27,11235242,0.5,5,0.3,40.41
Balochistan,3,25.81,52.66,2942.04,11575722,0.5,5,0.3,34.23
KPK,8,116.02,434.84,15203.95,36103276,0.6,6,0.35,100.0
Sindh,9,118.43,461.21,14872.6,47511671,0.2,8,0.475,100.0
Azad Kashmir,4,18.17,51.74,3217.95,3856465,0.7,4,0.275,28.97
Azad Kashmir,8,131.46,518.92,9714.64,4380231,0.7,4,0.275,100.0
KPK,3,5.37,17.42,2996.61,33513989,0.6,6,0.35,29.97
Gilgit-Baltistan,1,14.01,44.47,2254.94,1654994,0.9,3,0.2,20.84
Gilgit-Baltistan,1,15.97,55.64,2238.37,1754891,0.9,3,0.2,18.99
Punjab,5,25.69,55.38,5686.91,108227492,0.3,7,0.425,46.94
Balochistan,4,28.37,64.79,2685.08,11183568,0.5,5,0.3,36.73
Azad Kashmir,3,29.95,62.21,2652.5,4050414,0.7,4,0.275,37.38
KPK,1,16.13,37.2,3118.46,37178364,0.6,6,0.35,29.76
KPK,10,42.91,147.89,5586.37,32829349,0.6,6,0.35,50.21
Sindh,8,184.31,591.75,23374.52,52568208,0.2,8,0.475,100.0
Balochistan,3,60.3,206.89,7240.94,12074902,0.5,5,0.3,58.95
Azad Kashmir,12,11.62,25.1,2008.76,4109130,0.7,4,0.275,28.08
Punjab,5,22.58,54.35,6068.68,99649106,0.3,7,0.425,47.53
Sindh,10,19.54,52.0,6476.17,51286468,0.2,8,0.475,54.87
Sindh,7,213.94,625.96,33998.73,50633684,0.2,8,0.475,100.0
Balochistan,8,169.15,640.8,17154.83,11555437,0.5,5,0.3,100.0
Azad Kashmir,8,126.92,383.96,12172.79,3698690,0.7,4,0.275,100.0
Sindh,1,44.4,142.22,6013.3,49858139,0.2,8,0.475,57.13
Punjab,3,25.92,63.81,6641.63,104030531,0.3,7,0.425,58.69
Khyber Pakhtunkhwa,9,14.44,50.36,3264.27,32263723,0.6,6,0.35,35.79
KPK,11,11.84,23.7,4080.57,37219431,0.6,6,0.35,31.11
Balochistan,7,315.42,1246.76,26923.49,13497832,0.5,5,0.3,100.0
Sindh,1,21.7,64.59,4715.93,44214910,0.2,8,0.475,49.09
KPK,5,3.68,10.71,3107.26,34785218,0.6,6,0.35,25.64
Gilgit-Baltistan,8,24.72,57.52,2097.76,1842810,0.9,3,0.2,19.5
KPK,9,31.25,63.85,6166.64,38062529,0.6,6,0.35,40.47
Gilgit-Baltistan,4,12.9,36.45,2158.61,1733060,0.9,3,0.2,11.35
Sindh,6,21.51,72.25,6804.2,52125004,0.2,8,0.475,53.91
Sindh,11,26.55,88.26,6834.95,50101026,0.2,8,0.475,59.85
Gilgit-Baltistan,6,351.26,1031.05,19219.34,1897614,0.9,3,0.2,100.0
Sindh,4,49.04,129.9,11565.44,49366902,0.2,8,0.475,80.57
Khyber Pakhtunkhwa,8,261.04,883.05,20754.27,36707900,0.6,6,0.35,100.0
KPK,1,17.58,39.39,4699.12,34557206,0.6,6,0.35,36.97
Khyber Pakhtunkhwa,2,30.3,64.66,5887.88,36184444,0.6,6,0.35,48.33
Sindh,7,162.84,614.43,31870.97,45791385,0.2,8,0.475,100.0
Khyber Pakhtunkhwa,1,29.05,92.5,5111.98,37724767,0.6,6,0.35,49.7
Balochistan,1,30.42,69.08,3770.15,12426218,0.5,5,0.3,36.42
Azad Kashmir,9,21.46,68.84,4008.71,4055091,0.7,4,0.275,37.74
Khyber Pakhtunkhwa,4,14.98,41.42,4082.69,33729237,0.6,6,0.35,27.35
KPK,10,17.93,44.41,2857.8,33743977,0.6,6,0.35,35.07
Balochistan,2,10.49,32.18,2913.76,11185357,0.5,5,0.3,44.84
Balochistan,11,29.91,75.76,4979.9,12128557,0.5,5,0.3,41.42
Gilgit-Baltistan,8,22.34,58.78,2406.03,1770561,0.9,3,0.2,24.66
Balochistan,1,24.4,50.84,4195.61,11516899,0.5,5,0.3,37.07
Azad Kashmir,7,184.92,662.43,13210.7,4007736,0.7,4,0.275,100.0
Punjab,11,24.38,81.87,5455.02,109475267,0.3,7,0.425,59.03
Punjab,6,15.91,43.86,5237.54,101717099,0.3,7,0.425,44.84
Gilgit-Baltistan,4,15.3,50.99,2521.74,1720058,0.9,3,0.2,19.52
Gilgit-Baltistan,10,14.96,43.34,1614.02,1905070,0.9,3,0.2,14.39
Punjab,9,66.11,254.7,13547.99,101789182,0.3,7,0.425,100.0
Balochistan,11,15.82,40.88,3432.57,11766542,0.5,5,0.3,26.44
Punjab,7,221.78,989.68,30785.88,119523986,0.3,7,0.425,100.0
Khyber Pakhtunkhwa,5,18.73,45.24,3723.06,33235275,0.6,6,0.35,32.22
Sindh,6,19.43,62.46,4147.11,46936594,0.2,8,0.475,46.93
Khyber Pakhtunkhwa,11,10.5,21.98,2666.68,37426934,0.6,6,0.35,29.4
Balochistan,12,17.58,36.42,3564.52,12262139,0.5,5,0.3,34.95
Sindh,7,214.02,874.28,23220.53,50443752,0.2,8,0.475,100.0
Khyber Pakhtunkhwa,5,49.51,106.32,5845.28,38814451,0.6,6,0.35,55.54
Khyber Pakhtunkhwa,3,40.72,140.15,4501.66,38195472,0.6,6,0.35,44.84
Gilgit-Baltistan,3,12.58,27.22,2203.69,1778272,0.9,3,0.2,15.94
Azad Kashmir,7,192.66,533.03,16067.4,3903394,0.7,4,0.275,100.0
KPK,7,367.32,1220.8,36000.0,38225156,0.6,6,0.35,100.0
Sindh,12,20.83,51.32,7180.9,48514001,0.2,8,0.475,66.0
Azad Kashmir,12,30.8,74.11,4507.52,4221692,0.7,4,0.275,37.18
KPK,4,28.03,59.94,4204.21,36221690,0.6,6,0.35,44.79
Sindh,4,15.1,41.81,4033.91,47468384,0.2,8,0.475,46.53
KPK,4,23.99,73.28,5825.15,35239476,0.6,6,0.35,44.14
KPK,12,48.11,142.72,5978.11,37030153,0.6,6,0.35,52.9
Gilgit-Baltistan,10,32.69,98.12,3378.79,1681894,0.9,3,0.2,33.66
Gilgit-Baltistan,8,35.76,109.72,4090.12,1968184,0.9,3,0.2,35.65
KPK,4,24.84,70.68,4164.17,34403811,0.6,6,0.35,42.28
Khyber Pakhtunkhwa,4,19.27,67.0,3798.42,35862814,0.6,6,0.35,39.4
Azad Kashmir,9,18.49,40.01,2329.83,3940977,0.7,4,0.275,27.84
Punjab,5,11.6,32.23,4535.45,106126285,0.3,7,0.425,50.93
Balochistan,12,30.31,79.44,3505.93,11948939,0.5,5,0.3,38.89
KPK,10,35.06,119.11,6950.28,36393627,0.6,6,0.35,50.51
Khyber Pakhtunkhwa,4,47.02,101.16,6618.64,36759170,0.6,6,0.35,55.41
Punjab,12,25.16,55.44,6587.36,99934831,0.3,7,0.425,57.18
Balochistan,1,38.77,93.34,5929.82,13175106,0.5,5,0.3,47.29
Sindh,6,25.23,60.17,6847.39,47105426,0.2,8,0.475,54.62
Balochistan,11,11.12,29.73,2753.72,12085450,0.5,5,0.3,28.81
Punjab,10,15.33,34.36,3590.58,100734125,0.3,7,0.425,38.78
Balochistan,12,15.42,40.23,3655.82,11776040,0.5,5,0.3,30.38
Gilgit-Baltistan,11,25.3,79.08,3316.54,1696021,0.9,3,0.2,27.52
Balochistan,5,61.43,184.68,8761.95,13049524,0.5,5,0.3,63.16
Khyber Pakhtunkhwa,2,14.76,43.01,2609.08,38027330,0.6,6,0.35,30.59
Khyber Pakhtunkhwa,5,31.41,68.13,3268.45,38431460,0.6,6,0.35,35.32
Khyber Pakhtunkhwa,3,16.24,41.07,3348.39,37826118,0.6,6,0.35,30.62
Sindh,2,28.19,88.71,7948.72,49103656,0.2,8,0.475,63.35
Khyber Pakhtunkhwa,12,12.52,28.4,2671.55,32070020,0.6,6,0.35,30.75
KPK,10,36.61,98.25,7223.8,37062993,0.6,6,0.35,41.69
Gilgit-Baltistan,6,286.44,1070.25,16602.0,1673855,0.9,3,0.2,100.0
KPK,8,178.5,529.39,23195.08,32453410,0.6,6,0.35,100.0
Punjab,9,380.0,1300.0,36000.0,119732763,0.3,7,0.425,100.0
Balochistan,12,2.9,10.14,2802.33,12968385,0.5,5,0.3,32.07
Gilgit-Baltistan,2,16.0,47.97,2122.77,1930205,0.9,3,0.2,20.25
Gilgit-Baltistan,1,41.59,125.99,3248.21,1946381,0.9,3,0.2,25.75
KPK,7,109.71,400.03,10034.82,32802093,0.6,6,0.35,100.0
Azad Kashmir,11,15.44,52.18,3547.88,3901217,0.7,4,0.275,35.22
Sindh,2,20.78,71.49,6769.51,48235233,0.2,8,0.475,55.99
KPK,9,14.34,40.21,4201.72,34217464,0.6,6,0.35,38.14
Azad Kashmir,6,20.18,48.06,2371.12,4198141,0.7,4,0.275,23.93
Balochistan,12,17.55,47.08,4119.33,12936946,0.5,5,0.3,33.33
Balochistan,6,33.2,111.65,4814.47,11241979,0.5,5,0.3,41.68
KPK,10,29.54,83.0,5110.68,33553811,0.6,6,0.35,46.75
Khyber Pakhtunkhwa,5,18.56,47.33,3767.77,36267640,0.6,6,0.35,36.03
Balochistan,1,16.41,41.42,3794.69,12381642,0.5,5,0.3,34.66
Sindh,2,8.31,20.55,3528.12,49147398,0.2,8,0.475,42.09
Sindh,3,16.93,52.96,5067.74,43984488,0.2,8,0.475,53.67
KPK,4,17.95,52.24,3464.57,36974756,0.6,6,0.35,29.07
Gilgit-Baltistan,5,38.66,96.67,2567.67,1964060,0.9,3,0.2,37.65
Khyber Pakhtunkhwa,7,130.08,403.3,18019.24,36084161,0.6,6,0.35,100.0
Sindh,2,40.04,120.11,9876.87,48143397,0.2,8,0.475,71.62
Sindh,12,16.91,41.01,4210.69,51758881,0.2,8,0.475,46.45
Balochistan,11,27.1,71.79,5034.65,12475218,0.5,5,0.3,40.71
Khyber Pakhtunkhwa,7,278.93,1027.79,21874.7,37697770,0.6,6,0.35,100.0
Sindh,11,58.27,147.8,9267.02,46127475,0.2,8,0.475,69.73
Punjab,1,33.17,83.23,5756.44,114834571,0.3,7,0.425,51.73
KPK,2,71.89,215.81,11497.67,38680537,0.6,6,0.35,81.1
Balochistan,5,11.5,31.86,2037.53,13106213,0.5,5,0.3,27.11
Gilgit-Baltistan,3,10.32,24.02,2298.41,1625974,0.9,3,0.2,21.52
Azad Kashmir,5,5.11,10.98,2624.9,3966285,0.7,4,0.275,25.44
Balochistan,10,16.17,46.04,3262.08,11109837,0.5,5,0.3,35.13
Sindh,9,152.44,461.11,22595.95,45898237,0.2,8,0.475,100.0
Balochistan,11,15.34,30.89,3930.44,13243191,0.5,5,0.3,30.24
Azad Kashmir,1,38.29,112.72,5682.52,4364474,0.7,4,0.275,40.44
Punjab,10,24.4,85.26,4731.39,105091541,0.3,7,0.425,52.19
Punjab,5,9.64,32.82,2711.36,103248282,0.3,7,0.425,41.57
Azad Kashmir,5,10.38,35.77,3171.49,3877076,0.7,4,0.275,29.18
Balochistan,4,31.42,91.4,5428.18,12633453,0.5,5,0.3,41.16
Balochistan,3,25.39,58.13,3305.66,12934432,0.5,5,0.3,37.1
Sindh,6,29.4,81.4,7395.05,50300024,0.2,8,0.475,49.52
Gilgit-Baltistan,11,14.02,45.73,1543.42,1852169,0.9,3,0.2,17.86
Khyber Pakhtunkhwa,1,49.82,117.21,5540.32,35844928,0.6,6,0.35,43.12
Khyber Pakhtunkhwa,2,8.52,29.71,3750.0,37897674,0.6,6,0.35,33.32
Azad Kashmir,4,20.3,56.62,4188.15,4073430,0.7,4,0.275,33.01
Azad Kashmir,8,201.64,706.3,13504.71,3943428,0.7,4,0.275,100.0
Azad Kashmir,11,31.47,69.79,3535.84,3705549,0.7,4,0.275,38.33
Balochistan,10,16.95,52.96,2260.96,11300841,0.5,5,0.3,32.35
Azad Kashmir,9,15.78,42.27,2816.54,3738666,0.7,4,0.275,25.19
KPK,5,34.2,89.25,3837.3,39034659,0.6,6,0.35,40.82
Khyber Pakhtunkhwa,4,6.83,22.86,3751.49,34861456,0.6,6,0.35,31.83
Khyber Pakhtunkhwa,7,82.93,227.1,10859.63,37336412,0.6,6,0.35,98.76
Azad Kashmir,2,31.99,74.17,3971.56,3991009,0.7,4,0.275,36.87
Azad Kashmir,1,29.76,84.0,4866.61,4335551,0.7,4,0.275,41.96
Punjab,4,26.52,83.95,4716.73,100048192,0.3,7,0.425,53.78
Punjab,3,28.53,64.45,7191.8,103965356,0.3,7,0.425,51.94
Sindh,3,17.56,39.24,5908.5,46094451,0.2,8,0.475,46.74
Balochistan,11,31.78,81.31,3939.33,12591712,0.5,5,0.3,38.52
Khyber Pakhtunkhwa,3,7.95,20.39,3557.88,38054307,0.6,6,0.35,26.21
Khyber Pakhtunkhwa,10,14.7,45.67,2466.45,37141022,0.6,6,0.35,38.07
KPK,12,19.36,39.61,2928.2,35163247,0.6,6,0.35,38.54
Azad Kashmir,8,162.64,448.95,9495.57,4030766,0.7,4,0.275,100.0
KPK,10,9.03,29.07,3187.38,35525263,0.6,6,0.35,31.6
Gilgit-Baltistan,1,10.86,30.37,1992.09,1940707,0.9,3,0.2,14.99
KPK,7,239.21,871.74,29368.81,32539611,0.6,6,0.35,100.0
Sindh,6,27.02,55.45,6039.27,48231182,0.2,8,0.475,54.53
Khyber Pakhtunkhwa,10,12.66,40.52,3962.87,34798521,0.6,6,0.35,34.13
Gilgit-Baltistan,7,90.86,339.62,6708.63,1945831,0.9,3,0.2,84.34
Sindh,10,23.2,48.19,6675.02,48129531,0.2,8,0.475,50.81
Sindh,1,14.94,32.72,3136.82,49451134,0.2,8,0.475,39.32
Sindh,12,14.63,40.11,4529.3,50991133,0.2,8,0.475,49.57
Khyber Pakhtunkhwa,12,15.0,47.3,3488.19,35262532,0.6,6,0.35,32.41
Balochistan,6,39.05,108.37,4754.69,11209046,0.5,5,0.3,42.74
Punjab,3,39.01,132.72,6124.45,112363125,0.3,7,0.425,53.94
Sindh,3,33.1,109.07,9094.3,49529451,0.2,8,0.475,71.84
KPK,7,101.92,442.3,15996.07,38215290,0.6,6,0.35,100.0
Balochistan,12,24.36,71.95,3723.32,11746880,0.5,5,0.3,32.39
KPK,7,214.99,944.05,21383.09,32982223,0.6,6,0.35,100.0
Sindh,11,22.84,77.79,4181.82,44579529,0.2,8,0.475,52.08
Sindh,3,19.14,47.68,4902.59,52133063,0.2,8,0.475,46.67
Punjab,7,59.0,216.42,10076.22,120466272,0.3,7,0.425,98.44
Azad Kashmir,6,6.85,20.88,1537.55,3615184,0.7,4,0.275,18.58
Sindh,8,94.51,337.16,13588.27,50316586,0.2,8,0.475,100.0
Punjab,1,13.92,48.63,5541.72,99044542,0.3,7,0.425,49.81
Punjab,11,17.12,34.99,5214.0,109049274,0.3,7,0.425,49.53
Khyber Pakhtunkhwa,3,17.84,59.38,3020.36,37010041,0.6,6,0.35,21.5
Azad Kashmir,3,20.41,60.49,3097.91,4209410,0.7,4,0.275,29.59
Khyber Pakhtunkhwa,11,41.84,143.61,5420.29,32836058,0.6,6,0.35,54.22
KPK,7,286.61,835.5,35565.59,33712809,0.6,6,0.35,100.0
Khyber Pakhtunkhwa,1,16.74,46.38,3263.74,32584153,0.6,6,0.35,25.8
Azad Kashmir,1,22.95,74.44,4365.35,3839598,0.7,4,0.275,31.73
Punjab,6,18.09,39.32,5699.0,102409899,0.3,7,0.425,49.57
Khyber Pakhtunkhwa,10,14.05,28.14,3509.66,34090838,0.6,6,0.35,31.82
Azad Kashmir,9,29.07,69.21,3007.47,4315707,0.7,4,0.275,36.89
Gilgit-Baltistan,1,13.05,40.99,1307.73,1661538,0.9,3,0.2,18.15
KPK,7,104.4,305.68,8638.47,36091083,0.6,6,0.35,92.23
KPK,3,36.18,97.32,5700.37,34237001,0.6,6,0.35,49.58
KPK,1,15.51,53.65,2703.88,36147741,0.6,6,0.35,32.7
Sindh,1,19.0,53.6,5644.65,45526694,0.2,8,0.475,49.11
Balochistan,8,156.32,498.69,17121.21,12701906,0.5,5,0.3,100.0
Balochistan,9,20.44,56.91,3715.77,11075211,0.5,5,0.3,34.52
KPK,8,155.14,477.88,12858.56,36824018,0.6,6,0.35,100.0
Punjab,7,187.75,547.11,28325.49,109556732,0.3,7,0.425,100.0
Khyber Pakhtunkhwa,2,11.57,40.28,2964.19,36965771,0.6,6,0.35,34.26
Gilgit-Baltistan,12,25.03,78.59,2454.79,1920231,0.9,3,0.2,32.74
Khyber Pakhtunkhwa,9,16.0,45.75,3201.65,37122154,0.6,6,0.35,33.0
Azad Kashmir,1,16.57,37.63,2675.05,4339351,0.7,4,0.275,31.02
Sindh,1,62.74,165.41,12175.96,51832008,0.2,8,0.475,90.95
Sindh,12,71.21,196.65,8611.6,46801190,0.2,8,0.475,78.52
Balochistan,7,240.25,655.99,19945.47,11576083,0.5,5,0.3,100.0
Punjab,6,20.49,48.95,5556.8,109903775,0.3,7,0.425,42.35
Gilgit-Baltistan,2,36.73,124.65,2726.34,1940949,0.9,3,0.2,25.6
Sindh,1,9.07,18.18,3593.22,43217460,0.2,8,0.475,47.02
Azad Kashmir,9,11.13,28.69,1894.5,3651761,0.7,4,0.275,27.51
Sindh,10,18.09,50.1,5374.42,48725701,0.2,8,0.475,51.93
KPK,3,27.69,93.82,4831.44,37783955,0.6,6,0.35,37.03
Balochistan,3,39.97,120.75,6482.27,13272955,0.5,5,0.3,48.57
Punjab,11,27.92,93.87,4285.88,119472162,0.3,7,0.425,52.5
Punjab,5,21.74,66.54,6416.08,118134753,0.3,7,0.425,49.51
Azad Kashmir,12,20.04,45.56,2857.06,4363221,0.7,4,0.275,28.25
Gilgit-Baltistan,1,18.9,55.64,2546.49,1859015,0.9,3,0.2,19.82
KPK,3,32.11,92.79,5089.21,34321123,0.6,6,0.35,41.47
Balochistan,8,199.83,733.45,22314.14,11383742,0.5,5,0.3,100.0
Azad Kashmir,5,18.61,47.89,2505.63,4388419,0.7,4,0.275,21.5
Sindh,11,11.2,28.05,4205.87,51316430,0.2,8,0.475,34.51
Punjab,9,139.53,369.55,18102.85,105827163,0.3,7,0.425,100.0
Sindh,10,15.21,47.34,5107.56,49877046,0.2,8,0.475,52.12
Khyber Pakhtunkhwa,7,128.08,489.42,18912.14,36376467,0.6,6,0.35,100.0
KPK,11,12.19,28.47,2230.23,34021366,0.6,6,0.35,30.45
KPK,1,24.49,71.04,3412.46,34199245,0.6,6,0.35,32.98
Punjab,9,108.67,447.63,16094.66,101541863,0.3,7,0.425,100.0
Punjab,3,26.86,83.42,5964.63,113690619,0.3,7,0.425,48.89
KPK,9,28.12,58.16,3426.04,36134530,0.6,6,0.35,34.09
Punjab,5,7.99,21.18,3585.88,105779137,0.3,7,0.425,34.92
Gilgit-Baltistan,11,15.5,47.85,2318.41,1798632,0.9,3,0.2,15.37
Gilgit-Baltistan,12,9.34,27.34,1786.03,1958372,0.9,3,0.2,16.56
KPK,6,30.08,71.77,4954.48,37978337,0.6,6,0.35,49.4
Khyber Pakhtunkhwa,4,27.3,87.32,3730.59,38345559,0.6,6,0.35,35.93
Sindh,3,31.62,92.39,8614.51,52230175,0.2,8,0.475,70.5
Punjab,5,14.31,37.02,5173.68,99027991,0.3,7,0.425,38.36
Sindh,11,23.35,77.8,7075.53,51419745,0.2,8,0.475,55.04
KPK,9,11.35,35.94,3016.75,33523413,0.6,6,0.35,26.36
KPK,1,9.05,27.81,2839.78,32110966,0.6,6,0.35,27.47
Azad Kashmir,4,21.7,74.73,2709.82,3831947,0.7,4,0.275,33.92
Khyber Pakhtunkhwa,10,7.71,19.03,2407.15,34708742,0.6,6,0.35,28.08
KPK,5,13.58,34.5,2806.85,38642327,0.6,6,0.35,27.56
Gilgit-Baltistan,2,23.3,62.75,2310.33,1889522,0.9,3,0.2,22.87
Balochistan,8,160.0,638.77,18083.16,13354976,0.5,5,0.3,100.0
KPK,12,22.49,58.41,3337.69,38030499,0.6,6,0.35,37.73
Azad Kashmir,12,13.99,46.53,1991.44,3884192,0.7,4,0.275,25.61
Azad Kashmir,7,191.85,544.42,19234.9,3961434,0.7,4,0.275,100.0
Khyber Pakhtunkhwa,9,19.6,55.99,4002.41,35297334,0.6,6,0.35,35.52
Balochistan,2,73.46,151.82,7352.01,12919855,0.5,5,0.3,59.84
Balochistan,8,165.82,600.11,19836.76,13454316,0.5,5,0.3,100.0
Gilgit-Baltistan,9,12.24,31.94,2379.29,1890924,0.9,3,0.2,9.09
Khyber Pakhtunkhwa,10,27.87,84.81,4082.74,33762840,0.6,6,0.35,44.42
Sindh,6,21.79,48.06,4253.62,45513731,0.2,8,0.475,47.59
Sindh,5,15.32,50.97,5273.82,47281680,0.2,8,0.475,45.76
Balochistan,10,23.35,77.21,5030.06,12506844,0.5,5,0.3,43.75
KPK,4,21.48,56.28,3571.57,32746776,0.6,6,0.35,30.27
Punjab,1,27.65,76.1,3967.89,118247615,0.3,7,0.425,40.17
Sindh,6,25.35,60.46,5200.52,48906531,0.2,8,0.475,56.11
KPK,10,15.07,31.84,2747.66,33119622,0.6,6,0.35,25.32
KPK,1,16.24,41.82,3205.67,34393882,0.6,6,0.35,29.86
KPK,12,9.12,18.62,2057.65,37316021,0.6,6,0.35,28.58
Balochistan,9,10.16,30.01,2436.2,11750743,0.5,5,0.3,31.78
Azad Kashmir,9,11.06,28.8,3132.78,4397445,0.7,4,0.275,31.59
KPK,8,96.4,305.83,8059.15,35442468,0.6,6,0.35,95.97
Punjab,10,8.21,22.45,4562.71,115460156,0.3,7,0.425,37.59
Sindh,11,20.53,47.4,6622.57,47495220,0.2,8,0.475,58.86
Sindh,4,36.41,99.17,6890.69,52447492,0.2,8,0.475,65.27
Azad Kashmir,4,15.93,32.58,2921.19,3886285,0.7,4,0.275,23.53
Gilgit-Baltistan,1,23.88,78.39,1716.93,1714077,0.9,3,0.2,28.97
Azad Kashmir,9,23.41,58.42,2863.02,4164477,0.7,4,0.275,23.61
Gilgit-Baltistan,11,12.29,25.32,1827.85,1930309,0.9,3,0.2,14.69
Balochistan,4,3.62,7.92,1687.69,13019709,0.5,5,0.3,35.51
Khyber Pakhtunkhwa,2,37.45,127.78,4029.01,34016217,0.6,6,0.35,48.04
Khyber Pakhtunkhwa,7,133.14,376.64,16601.2,32377451,0.6,6,0.35,100.0
Khyber Pakhtunkhwa,8,204.56,550.58,25012.88,36560508,0.6,6,0.35,100.0
Azad Kashmir,9,28.66,69.08,4025.87,3742406,0.7,4,0.275,36.01
KPK,6,32.55,89.01,4937.07,39018540,0.6,6,0.35,50.17
Punjab,12,14.81,48.35,3826.97,115573068,0.3,7,0.425,36.62
Punjab,11,31.84,71.04,6566.78,106172257,0.3,7,0.425,48.96
Gilgit-Baltistan,11,26.7,70.0,2931.73,1797461,0.9,3,0.2,23.01
KPK,1,20.62,46.21,4357.12,33222884,0.6,6,0.35,33.76
Azad Kashmir,10,16.3,36.25,2931.27,4338639,0.7,4,0.275,28.94
Gilgit-Baltistan,7,133.04,509.34,9190.1,1888653,0.9,3,0.2,100.0
Punjab,4,31.43,91.59,7098.54,120517546,0.3,7,0.425,59.19
Punjab,8,258.31,703.35,32615.26,105270091,0.3,7,0.425,100.0
Khyber Pakhtunkhwa,7,88.83,378.95,7830.4,37444337,0.6,6,0.35,90.14
Gilgit-Baltistan,6,100.75,286.79,6146.81,1690170,0.9,3,0.2,78.13
Balochistan,12,22.63,60.4,3137.99,11515316,0.5,5,0.3,31.79
Punjab,3,16.81,51.64,4935.51,106554319,0.3,7,0.425,44.48
KPK,2,14.04,46.73,4159.7,34796720,0.6,6,0.35,29.97
Balochistan,12,24.71,72.32,4841.65,11281108,0.5,5,0.3,46.64
Azad Kashmir,10,59.24,122.07,6844.49,3622121,0.7,4,0.275,53.36
KPK,7,161.99,575.53,12979.93,33060494,0.6,6,0.35,100.0
KPK,8,152.59,475.57,12505.28,32608035,0.6,6,0.35,100.0
Sindh,10,19.27,43.4,4112.97,51300627,0.2,8,0.475,44.67
Khyber Pakhtunkhwa,10,15.76,37.15,4104.8,33712071,0.6,6,0.35,35.21
Punjab,6,17.29,42.69,4183.76,100228143,0.3,7,0.425,43.03
Balochistan,6,36.68,83.71,3190.34,13403162,0.5,5,0.3,39.63
Gilgit-Baltistan,7,154.22,625.63,12761.77,1931352,0.9,3,0.2,100.0
KPK,5,49.26,126.29,4514.91,36134062,0.6,6,0.35,46.03
Khyber Pakhtunkhwa,8,200.46,653.32,26722.92,38306055,0.6,6,0.35,100.0
Azad Kashmir,9,34.59,92.32,2967.24,3852687,0.7,4,0.275,40.12
Punjab,11,13.13,29.28,3813.38,107441982,0.3,7,0.425,35.57
Gilgit-Baltistan,8,18.29,43.47,2150.68,1646378,0.9,3,0.2,21.97
Khyber Pakhtunkhwa,3,35.48,110.56,4873.75,35636755,0.6,6,0.35,38.07
Khyber Pakhtunkhwa,7,136.87,536.19,10955.78,34297237,0.6,6,0.35,100.0
Khyber Pakhtunkhwa,2,23.41,64.1,5242.42,37460780,0.6,6,0.35,42.49
Sindh,3,3.63,12.37,4585.55,49362912,0.2,8,0.475,40.82
Balochistan,4,24.87,54.65,3076.59,12801039,0.5,5,0.3,33.26
Khyber Pakhtunkhwa,5,23.07,73.28,4539.57,32300642,0.6,6,0.35,34.54
Balochistan,12,12.9,27.0,2938.47,11182552,0.5,5,0.3,26.49
Gilgit-Baltistan,6,265.67,993.03,14510.4,1779618,0.9,3,0.2,100.0
Gilgit-Baltistan,9,33.19,101.02,2266.33,1845554,0.9,3,0.2,24.37
Gilgit-Baltistan,2,25.37,67.63,2552.82,1880044,0.9,3,0.2,27.02
Sindh,2,52.58,129.86,11645.47,43565368,0.2,8,0.475,78.27
Sindh,1,2.68,6.42,2436.73,52118347,0.2,8,0.475,40.56
KPK,1,41.48,130.32,4929.53,38429812,0.6,6,0.35,52.07
Gilgit-Baltistan,9,22.42,57.66,2762.96,1932671,0.9,3,0.2,20.67
Azad Kashmir,8,258.04,825.95,22788.58,3774086,0.7,4,0.275,100.0
Punjab,3,22.45,59.32,4420.54,104500828,0.3,7,0.425,42.28
Khyber Pakhtunkhwa,8,159.36,693.03,16768.4,36598583,0.6,6,0.35,100.0
Khyber Pakhtunkhwa,10,22.67,75.23,3764.86,38000864,0.6,6,0.35,37.32
Azad Kashmir,4,26.61,64.38,4549.81,4206864,0.7,4,0.275,35.13
Punjab,1,8.32,22.68,2481.12,99253322,0.3,7,0.425,32.33
KPK,2,58.9,160.32,6520.17,38348013,0.6,6,0.35,59.71
Balochistan,5,15.66,35.68,3006.68,12884796,0.5,5,0.3,35.67
Balochistan,2,27.0,56.43,4627.52,11360196,0.5,5,0.3,41.06
Sindh,7,86.01,343.25,15010.2,46651279,0.2,8,0.475,100.0
Khyber Pakhtunkhwa,6,31.8,89.7,6204.72,37561902,0.6,6,0.35,44.86
Punjab,9,218.24,893.21,26525.36,99573829,0.3,7,0.425,100.0
Khyber Pakhtunkhwa,1,15.76,43.81,4425.02,36219579,0.6,6,0.35,31.48
KPK,2,14.2,32.43,3983.72,36698027,0.6,6,0.35,34.88
Gilgit-Baltistan,2,27.98,94.43,2732.15,1967127,0.9,3,0.2,24.82
Punjab,3,28.99,75.88,7577.13,103064997,0.3,7,0.425,55.41
KPK,1,20.69,55.72,3370.64,37753218,0.6,6,0.35,35.27
Sindh,9,183.06,761.52,27940.35,44277780,0.2,8,0.475,100.0
Gilgit-Baltistan,4,16.71,44.35,2191.12,1784567,0.9,3,0.2,25.22
Khyber Pakhtunkhwa,11,15.08,47.48,4659.46,35095879,0.6,6,0.35,36.6
Azad Kashmir,1,40.2,94.26,4397.28,3807579,0.7,4,0.275,40.22
Azad Kashmir,5,5.96,18.63,1872.3,4165234,0.7,4,0.275,16.58
KPK,6,19.13,64.51,3079.18,32473302,0.6,6,0.35,36.07
Punjab,2,22.27,55.98,6537.09,111497067,0.3,7,0.425,49.26
KPK,5,32.07,71.47,5388.63,35207061,0.6,6,0.35,51.6
Balochistan,7,265.32,961.41,21516.12,12372767,0.5,5,0.3,100.0
Punjab,9,131.69,517.86,16871.56,99170058,0.3,7,0.425,100.0
Sindh,12,16.97,54.28,5304.11,46788582,0.2,8,0.475,50.55
Azad Kashmir,12,15.71,38.94,2906.99,3875307,0.7,4,0.275,25.11
Punjab,8,140.08,378.73,15912.48,113192513,0.3,7,0.425,100.0
Azad Kashmir,11,18.98,43.58,3342.83,4381553,0.7,4,0.275,31.41
Sindh,12,28.99,99.93,5110.6,51815641,0.2,8,0.475,49.12
Balochistan,6,17.68,44.1,3872.9,13516166,0.5,5,0.3,29.44
Gilgit-Baltistan,8,43.61,97.23,3645.18,1898520,0.9,3,0.2,29.85
Khyber Pakhtunkhwa,5,4.7,9.44,2753.38,36659737,0.6,6,0.35,25.09
Balochistan,2,29.44,82.43,4000.01,12270548,0.5,5,0.3,36.89
KPK,9,24.21,69.43,4353.24,35767095,0.6,6,0.35,40.7
Khyber Pakhtunkhwa,1,35.45,79.4,5292.58,33461595,0.6,6,0.35,45.81
Khyber Pakhtunkhwa,9,9.5,30.53,2522.85,34907639,0.6,6,0.35,26.31
Punjab,12,12.11,35.21,4891.3,118802518,0.3,7,0.425,47.87
Balochistan,1,11.7,31.83,3575.2,12920450,0.5,5,0.3,30.85
Balochistan,7,323.48,1300.0,36000.0,11909096,0.5,5,0.3,100.0
Gilgit-Baltistan,3,10.56,28.18,2134.73,1947232,0.9,3,0.2,14.56
KPK,12,25.44,78.75,5659.84,35822925,0.6,6,0.35,41.86
Khyber Pakhtunkhwa,12,21.93,64.61,5097.22,37495002,0.6,6,0.35,48.3
Gilgit-Baltistan,1,8.83,25.07,2046.08,1912501,0.9,3,0.2,20.14
Gilgit-Baltistan,7,183.37,639.27,10311.02,1906917,0.9,3,0.2,100.0
Azad Kashmir,4,22.48,49.58,3889.47,4057690,0.7,4,0.275,33.91
Punjab,4,43.13,113.12,6869.04,119030479,0.3,7,0.425,64.12
Khyber Pakhtunkhwa,3,36.96,90.43,5000.86,32458502,0.6,6,0.35,41.58
Punjab,4,19.72,61.24,4496.84,118213236,0.3,7,0.425,43.14
Sindh,8,285.42,1021.15,36000.0,45041448,0.2,8,0.475,100.0
Gilgit-Baltistan,9,40.26,107.32,3285.65,1901339,0.9,3,0.2,38.39
Gilgit-Baltistan,4,38.41,112.85,3346.58,1702479,0.9,3,0.2,29.33
Khyber Pakhtunkhwa,8,142.79,572.36,18483.38,33417080,0.6,6,0.35,100.0
Khyber Pakhtunkhwa,6,23.24,59.42,5540.33,32617510,0.6,6,0.35,43.62
Azad Kashmir,8,380.0,1239.33,33020.53,3996741,0.7,4,0.275,100.0
Khyber Pakhtunkhwa,7,300.9,1181.8,25576.73,37207415,0.6,6,0.35,100.0
Balochistan,8,188.66,736.99,18712.35,12624617,0.5,5,0.3,100.0
Punjab,9,94.76,325.2,17531.76,108106669,0.3,7,0.425,100.0
Gilgit-Baltistan,5,11.52,39.11,1604.66,1787613,0.9,3,0.2,20.15
Sindh,11,50.45,139.32,7297.64,44320013,0.2,8,0.475,69.83
Punjab,12,15.35,41.2,4501.11,105897513,0.3,7,0.425,50.32
Azad Kashmir,12,21.97,67.25,3929.29,4018961,0.7,4,0.275,36.42
Sindh,1,28.34,93.36,8305.51,46927451,0.2,8,0.475,60.16
Punjab,9,145.06,622.92,18876.41,110254765,0.3,7,0.425,100.0
Khyber Pakhtunkhwa,7,293.78,1238.62,31782.8,32085062,0.6,6,0.35,100.0
Azad Kashmir,12,15.66,36.38,2327.12,4293832,0.7,4,0.275,35.85
Azad Kashmir,12,20.64,59.33,2526.98,4119218,0.7,4,0.275,27.74
Sindh,4,34.92,115.5,5128.62,44287305,0.2,8,0.475,60.88
Sindh,2,14.65,33.79,3181.07,49088027,0.2,8,0.475,38.41
KPK,9,18.53,53.99,3268.0,38955292,0.6,6,0.35,27.44
Gilgit-Baltistan,11,10.49,30.58,1751.59,1945198,0.9,3,0.2,18.73
KPK,3,30.46,61.64,5265.42,37839245,0.6,6,0.35,48.18
Khyber Pakhtunkhwa,12,30.86,103.46,6831.22,37685285,0.6,6,0.35,55.77
KPK,5,14.46,45.34,4009.32,38885887,0.6,6,0.35,39.36
Punjab,3,9.98,25.67,3687.9,102736041,0.3,7,0.425,38.36
Balochistan,8,178.08,743.61,15349.56,11737433,0.5,5,0.3,100.0
Balochistan,12,31.19,65.09,3203.99,12738373,0.5,5,0.3,26.51
KPK,1,20.33,59.44,3328.31,32906399,0.6,6,0.35,28.0
Punjab,2,22.92,59.18,5263.32,107920601,0.3,7,0.425,40.74
KPK,10,33.35,75.78,4522.13,38547355,0.6,6,0.35,40.67
KPK,11,24.92,70.03,4415.82,32462200,0.6,6,0.35,36.24
Gilgit-Baltistan,5,20.07,59.38,2954.31,1948041,0.9,3,0.2,27.02
Sindh,8,184.94,787.56,31838.37,47185330,0.2,8,0.475,100.0
Sindh,2,17.65,45.51,5464.66,50509171,0.2,8,0.475,51.09
Azad Kashmir,3,8.6,30.05,2702.29,3624234,0.7,4,0.275,22.27
Balochistan,11,17.33,56.0,3768.32,12803386,0.5,5,0.3,37.24
Azad Kashmir,3,30.94,102.96,3274.02,3801931,0.7,4,0.275,30.23
KPK,3,25.12,80.89,3892.52,32334807,0.6,6,0.35,43.86
Gilgit-Baltistan,6,118.81,313.94,8204.66,1721215,0.9,3,0.2,95.74
Khyber Pakhtunkhwa,3,15.51,42.1,4383.36,32929680,0.6,6,0.35,34.8
Balochistan,3,17.54,43.79,2335.05,11961128,0.5,5,0.3,27.77
Azad Kashmir,4,39.77,128.58,3834.86,3669787,0.7,4,0.275,31.72
Sindh,9,335.24,938.91,36000.0,43705518,0.2,8,0.475,100.0
Khyber Pakhtunkhwa,6,30.09,96.28,5826.44,38096619,0.6,6,0.35,40.88
Khyber Pakhtunkhwa,12,32.26,101.69,5217.01,35593523,0.6,6,0.35,45.57
KPK,8,135.97,347.13,10926.03,38253555,0.6,6,0.35,100.0
KPK,11,9.95,24.88,2298.02,35897616,0.6,6,0.35,30.45
Gilgit-Baltistan,7,116.83,446.34,10260.6,1842349,0.9,3,0.2,97.33
Azad Kashmir,8,118.85,356.44,8197.06,4068344,0.7,4,0.275,98.31
Azad Kashmir,1,21.75,68.95,2786.08,3837832,0.7,4,0.275,34.29
Azad Kashmir,10,43.19,97.14,5793.87,3781918,0.7,4,0.275,43.13
Sindh,6,32.52,112.34,5426.51,47997359,0.2,8,0.475,60.89
Khyber Pakhtunkhwa,12,19.77,65.49,4484.23,37389206,0.6,6,0.35,37.1
Sindh,11,36.3,103.44,5899.26,51036867,0.2,8,0.475,61.49
Azad Kashmir,1,20.66,50.19,4149.95,4067216,0.7,4,0.275,31.26
Azad Kashmir,2,12.83,37.12,1927.33,4073311,0.7,4,0.275,23.42
Punjab,2,45.53,151.8,7090.86,101977504,0.3,7,0.425,59.36
Khyber Pakhtunkhwa,2,17.12,44.86,4838.51,37968564,0.6,6,0.35,39.4
Balochistan,2,9.78,28.66,2570.67,12645413,0.5,5,0.3,27.09
Khyber Pakhtunkhwa,9,24.98,64.99,3399.54,32435515,0.6,6,0.35,38.49
KPK,2,20.29,44.33,4999.53,35426295,0.6,6,0.35,39.49
Khyber Pakhtunkhwa,1,10.73,33.86,2318.86,35275119,0.6,6,0.35,33.11
Balochistan,4,24.89,78.66,4948.73,11535923,0.5,5,0.3,35.41
Punjab,4,36.24,77.26,4248.23,107125690,0.3,7,0.425,45.81
Balochistan,3,12.8,40.88,3677.73,13130284,0.5,5,0.3,37.51
Punjab,6,25.6,72.91,5996.03,116204078,0.3,7,0.425,48.47
Gilgit-Baltistan,12,14.08,46.09,1904.82,1817609,0.9,3,0.2,21.63
Punjab,1,10.72,30.25,2660.52,112692764,0.3,7,0.425,35.51
Gilgit-Baltistan,9,7.18,23.52,1570.12,1840368,0.9,3,0.2,8.67
Balochistan,12,41.29,108.41,5447.81,11322959,0.5,5,0.3,56.14
KPK,9,35.62,79.67,5016.9,34795615,0.6,6,0.35,44.19
Balochistan,3,28.01,91.83,3822.02,13385107,0.5,5,0.3,34.88
KPK,5,22.63,68.5,3037.96,32285179,0.6,6,0.35,32.22
Balochistan,11,30.74,91.67,2889.31,12330201,0.5,5,0.3,33.92
Punjab,9,154.5,423.26,14042.59,99205805,0.3,7,0.425,100.0
KPK,9,25.46,65.34,4811.89,37887873,0.6,6,0.35,43.22
Punjab,11,12.43,25.61,2680.94,120014691,0.3,7,0.425,33.24
Azad Kashmir,1,21.57,49.74,2384.9,3993721,0.7,4,0.275,23.23
Punjab,8,125.52,448.38,16803.62,101435021,0.3,7,0.425,100.0
Sindh,9,113.0,468.05,15707.04,50015695,0.2,8,0.475,100.0
KPK,9,19.2,43.61,3109.96,33382648,0.6,6,0.35,35.32
Sindh,12,21.69,51.41,6317.12,43362610,0.2,8,0.475,49.99
Khyber Pakhtunkhwa,9,14.95,37.86,4163.34,32384441,0.6,6,0.35,35.86
Sindh,1,49.25,117.18,6908.33,52473434,0.2,8,0.475,66.02
Gilgit-Baltistan,3,15.6,42.17,2504.15,1701416,0.9,3,0.2,19.13
Sindh,9,157.52,515.0,27358.32,45846760,0.2,8,0.475,100.0
Gilgit-Baltistan,11,24.27,57.95,2221.39,1668938,0.9,3,0.2,26.61
Punjab,3,6.64,19.69,2654.01,111292620,0.3,7,0.425,37.54
KPK,4,32.55,97.76,5251.0,38429607,0.6,6,0.35,40.72
Gilgit-Baltistan,11,31.03,95.29,2103.13,1878590,0.9,3,0.2,38.05
Gilgit-Baltistan,12,9.58,19.3,1532.42,1673429,0.9,3,0.2,22.72
Khyber Pakhtunkhwa,7,183.7,733.74,24672.39,34720669,0.6,6,0.35,100.0
Punjab,6,14.2,28.45,2930.2,110533796,0.3,7,0.425,36.64
Khyber Pakhtunkhwa,5,40.84,139.45,8052.71,35079740,0.6,6,0.35,63.03
Gilgit-Baltistan,9,24.14,49.19,1961.44,1694905,0.9,3,0.2,14.83
Gilgit-Baltistan,12,21.93,76.7,2027.13,1692921,0.9,3,0.2,19.58
Sindh,12,28.73,83.35,5303.05,49540178,0.2,8,0.475,60.9
Balochistan,10,30.33,87.49,4442.5,13315544,0.5,5,0.3,35.65
Gilgit-Baltistan,10,20.21,62.54,1560.9,1928421,0.9,3,0.2,26.63
KPK,8,184.13,605.27,15510.52,35563367,0.6,6,0.35,100.0
Sindh,4,30.8,88.89,7097.17,43317925,0.2,8,0.475,60.82
Balochistan,5,27.4,57.88,4892.92,11138346,0.5,5,0.3,45.53
Gilgit-Baltistan,12,4.99,12.1,1351.84,1920402,0.9,3,0.2,16.14
Azad Kashmir,2,24.68,49.69,4236.86,4292425,0.7,4,0.275,38.53
Sindh,3,10.58,35.64,3875.99,50135747,0.2,8,0.475,44.26
Punjab,7,116.32,452.62,12297.36,101544761,0.3,7,0.425,100.0
Sindh,12,23.66,53.61,5684.09,50707095,0.2,8,0.475,52.83
Punjab,9,251.59,721.3,35141.01,108313306,0.3,7,0.425,100.0
Sindh,9,235.03,1032.06,28841.85,52534886,0.2,8,0.475,100.0
Khyber Pakhtunkhwa,11,19.41,47.29,3441.89,36540404,0.6,6,0.35,35.26
Khyber Pakhtunkhwa,12,17.39,48.26,4290.38,38014697,0.6,6,0.35,37.48
Punjab,6,56.82,154.84,10622.07,116650684,0.3,7,0.425,76.28
Balochistan,8,152.25,542.75,14947.3,11568795,0.5,5,0.3,100.0
Sindh,6,19.81,45.42,4142.63,45614885,0.2,8,0.475,45.64
Gilgit-Baltistan,8,12.8,39.6,1826.11,1749714,0.9,3,0.2,12.05
Punjab,6,39.26,101.48,6675.37,116642008,0.3,7,0.425,55.54
Sindh,2,11.41,31.07,4660.24,46030648,0.2,8,0.475,41.55
Azad Kashmir,3,64.47,189.3,7884.73,3727961,0.7,4,0.275,61.52
Sindh,10,24.45,69.32,5304.2,50265293,0.2,8,0.475,50.85
Balochistan,11,40.76,94.45,4311.4,13361651,0.5,5,0.3,37.24
Punjab,12,42.1,136.11,7322.3,102113939,0.3,7,0.425,63.36
KPK,8,96.06,362.42,10380.16,34501928,0.6,6,0.35,100.0
Balochistan,10,15.05,33.3,2720.76,12339375,0.5,5,0.3,32.76
Balochistan,5,14.26,33.63,3491.63,11447554,0.5,5,0.3,33.03
Sindh,8,235.35,896.86,36000.0,52675659,0.2,8,0.475,100.0
Khyber Pakhtunkhwa,10,9.04,21.83,3129.53,34568377,0.6,6,0.35,27.24
Balochistan,10,11.77,25.62,3223.56,13444968,0.5,5,0.3,34.81
Gilgit-Baltistan,6,216.45,822.69,16381.0,1962165,0.9,3,0.2,100.0
KPK,7,242.12,1016.44,31893.48,38748058,0.6,6,0.35,100.0
Balochistan,1,43.59,137.74,4199.29,12055001,0.5,5,0.3,42.18
Balochistan,3,42.1,87.86,4693.39,11104436,0.5,5,0.3,39.7
KPK,8,140.43,569.31,18279.44,37500462,0.6,6,0.35,100.0
Khyber Pakhtunkhwa,7,237.59,787.64,32166.2,38842701,0.6,6,0.35,100.0
Balochistan,8,152.49,668.5,14984.83,11259668,0.5,5,0.3,100.0
Gilgit-Baltistan,7,117.6,411.63,5770.55,1655539,0.9,3,0.2,79.36
KPK,11,28.84,75.79,5097.56,37710614,0.6,6,0.35,38.83
KPK,8,106.3,356.8,9146.77,34778644,0.6,6,0.35,99.51
Balochistan,1,14.64,30.94,3369.99,12218242,0.5,5,0.3,28.93
Punjab,8,229.25,744.41,20939.46,108427911,0.3,7,0.425,100.0
Punjab,5,37.14,89.87,8117.44,117576703,0.3,7,0.425,62.83
Khyber Pakhtunkhwa,1,19.26,61.53,4186.3,33699921,0.6,6,0.35,36.3
Sindh,11,20.74,57.35,6812.65,45100928,0.2,8,0.475,56.75
Sindh,9,160.6,612.6,28086.59,50387474,0.2,8,0.475,100.0
Gilgit-Baltistan,11,11.48,27.16,2301.07,1829102,0.9,3,0.2,20.86
Azad Kashmir,4,19.6,47.08,3197.1,3702476,0.7,4,0.275,32.26
Azad Kashmir,8,91.11,329.7,7759.48,4041476,0.7,4,0.275,92.07
KPK,8,106.93,353.16,10631.77,32811870,0.6,6,0.35,100.0
Balochistan,6,41.61,100.79,4920.45,11489154,0.5,5,0.3,44.74
KPK,5,8.12,27.79,3143.33,38929033,0.6,6,0.35,29.4
Gilgit-Baltistan,5,21.06,69.78,1814.26,1871757,0.9,3,0.2,20.68
Balochistan,4,17.93,45.25,2963.82,11875100,0.5,5,0.3,34.64
Sindh,11,16.69,55.41,6850.11,43960879,0.2,8,0.475,50.68
Punjab,11,23.42,56.17,3738.12,103960872,0.3,7,0.425,44.65
Punjab,8,71.48,280.16,9089.58,104041062,0.3,7,0.425,95.87
Gilgit-Baltistan,2,33.51,115.64,2998.71,1973269,0.9,3,0.2,32.88
KPK,10,12.63,39.72,2654.42,34209297,0.6,6,0.35,29.2
KPK,1,59.6,189.45,8852.53,36831627,0.6,6,0.35,62.36
Gilgit-Baltistan,1,35.82,97.46,3673.8,1871006,0.9,3,0.2,33.36
Khyber Pakhtunkhwa,10,33.57,86.18,4553.1,32018687,0.6,6,0.35,38.69
Balochistan,12,17.1,46.83,4063.21,12939063,0.5,5,0.3,35.57
Balochistan,12,17.28,57.72,3646.92,11961712,0.5,5,0.3,34.67
Sindh,6,12.19,33.16,3047.67,51274797,0.2,8,0.475,44.87
Balochistan,8,354.34,964.36,33900.7,11754787,0.5,5,0.3,100.0
Balochistan,2,37.82,121.32,3862.12,12110144,0.5,5,0.3,46.37
Sindh,4,5.02,17.13,4730.42,45134084,0.2,8,0.475,47.59
KPK,3,15.75,33.41,3959.51,35646154,0.6,6,0.35,31.56
Balochistan,10,10.25,34.83,3095.25,12446568,0.5,5,0.3,37.16
Azad Kashmir,1,26.65,62.88,2491.27,3776159,0.7,4,0.275,31.52
Azad Kashmir,4,20.39,45.26,3828.53,3975422,0.7,4,0.275,33.61
Sindh,3,14.84,42.45,4312.16,46825680,0.2,8,0.475,41.51
Sindh,12,42.98,136.99,11130.56,52372131,0.2,8,0.475,77.94
Balochistan,12,7.59,19.05,1847.38,11622922,0.5,5,0.3,25.46
KPK,6,44.89,128.48,6228.73,38409103,0.6,6,0.35,46.75
Khyber Pakhtunkhwa,12,47.82,148.44,6930.01,34181336,0.6,6,0.35,50.24
Punjab,1,25.07,81.81,4379.17,102586512,0.3,7,0.425,48.61
Balochistan,4,28.18,82.85,3482.27,11629326,0.5,5,0.3,39.63
Sindh,11,6.36,21.38,4463.16,47639267,0.2,8,0.475,47.89
Balochistan,9,31.48,102.86,5300.1,11793504,0.5,5,0.3,40.04
Punjab,1,41.27,137.61,5869.62,117968495,0.3,7,0.425,54.85
Sindh,3,24.31,61.64,4584.54,45652101,0.2,8,0.475,47.02
KPK,6,31.52,86.49,3805.36,39014411,0.6,6,0.35,37.41
Balochistan,5,35.42,117.87,5656.06,12403369,0.5,5,0.3,51.34
Punjab,8,176.85,589.91,16208.84,112140164,0.3,7,0.425,100.0
Gilgit-Baltistan,9,49.75,146.97,4900.79,1868626,0.9,3,0.2,41.75
Balochistan,10,17.11,34.91,3452.73,12606784,0.5,5,0.3,32.67
Balochistan,12,35.35,102.3,4698.54,12148642,0.5,5,0.3,49.99
Gilgit-Baltistan,9,11.9,33.29,1885.84,1977149,0.9,3,0.2,16.63
KPK,5,21.14,63.87,4783.51,37220274,0.6,6,0.35,40.42
Sindh,8,219.19,833.84,23469.94,47580393,0.2,8,0.475,100.0
Gilgit-Baltistan,2,17.92,59.81,2419.6,1740167,0.9,3,0.2,10.67
Sindh,3,18.93,39.34,6402.56,47089502,0.2,8,0.475,55.1
Azad Kashmir,11,29.46,79.62,4693.31,4188570,0.7,4,0.275,34.82
Gilgit-Baltistan,6,112.69,495.98,9896.06,1696029,0.9,3,0.2,99.8
Sindh,7,308.17,1068.7,36000.0,47680477,0.2,8,0.475,100.0
KPK,1,12.79,35.33,2937.37,37513439,0.6,6,0.35,31.88
Azad Kashmir,7,139.98,401.15,9748.73,4173815,0.7,4,0.275,100.0
Punjab,3,13.0,40.76,3591.62,113257796,0.3,7,0.425,38.65
Balochistan,6,21.86,58.81,2557.09,12629638,0.5,5,0.3,24.7
Khyber Pakhtunkhwa,12,23.55,58.89,4128.43,38547554,0.6,6,0.35,37.84
Punjab,3,24.83,68.15,3829.33,110659571,0.3,7,0.425,44.77
Balochistan,7,161.78,453.63,18460.06,12669737,0.5,5,0.3,100.0
Khyber Pakhtunkhwa,3,60.32,170.99,9900.72,32654785,0.6,6,0.35,64.92
KPK,3,51.75,108.79,7536.49,32440395,0.6,6,0.35,55.29
Khyber Pakhtunkhwa,2,29.87,94.95,5887.33,35992989,0.6,6,0.35,52.6
Punjab,2,9.65,29.97,4766.89,106210557,0.3,7,0.425,41.85
Sindh,12,21.08,65.74,6692.01,51811296,0.2,8,0.475,53.76
Sindh,5,10.08,29.55,3781.72,46617075,0.2,8,0.475,43.47
Khyber Pakhtunkhwa,2,19.63,61.82,3328.98,33623151,0.6,6,0.35,37.86
Balochistan,12,27.31,68.96,3517.05,12447925,0.5,5,0.3,28.49
Azad Kashmir,4,5.25,15.72,2520.05,3983196,0.7,4,0.275,25.12
Gilgit-Baltistan,11,50.78,172.04,5251.55,1796605,0.9,3,0.2,46.74
Khyber Pakhtunkhwa,9,20.71,67.2,2967.97,35407447,0.6,6,0.35,31.74
KPK,12,30.03,61.83,3938.38,36579189,0.6,6,0.35,40.79
Punjab,12,36.57,118.2,7703.63,103709475,0.3,7,0.425,62.54
Sindh,4,25.75,59.17,5745.74,44841667,0.2,8,0.475,52.59
Punjab,4,41.23,123.39,6384.35,108510316,0.3,7,0.425,64.75
Sindh,5,19.17,42.75,4613.53,50791085,0.2,8,0.475,45.8
Gilgit-Baltistan,4,17.89,48.37,2511.22,1949646,0.9,3,0.2,22.81
Gilgit-Baltistan,2,9.45,27.79,1562.67,1758015,0.9,3,0.2,12.27
Balochistan,5,27.86,61.09,4354.69,11114524,0.5,5,0.3,36.97
Balochistan,2,36.72,103.25,5710.35,11567636,0.5,5,0.3,52.36
Sindh,9,137.81,516.65,20245.92,43506141,0.2,8,0.475,100.0
Balochistan,6,37.33,116.14,5612.65,13084539,0.5,5,0.3,50.81
Khyber Pakhtunkhwa,10,34.7,74.53,6695.33,38163133,0.6,6,0.35,40.1
Balochistan,11,24.07,83.16,5155.1,13099737,0.5,5,0.3,46.53
Gilgit-Baltistan,12,61.35,212.77,3875.06,1767942,0.9,3,0.2,38.28
Khyber Pakhtunkhwa,3,43.82,149.69,5467.66,38493684,0.6,6,0.35,49.73
Azad Kashmir,11,31.21,97.8,4213.24,3777331,0.7,4,0.275,42.72
Khyber Pakhtunkhwa,9,27.88,96.76,4059.26,37472768,0.6,6,0.35,41.39
Azad Kashmir,11,48.05,134.33,6008.1,3888545,0.7,4,0.275,48.56
KPK,11,13.35,42.29,3629.42,35008392,0.6,6,0.35,36.9
Gilgit-Baltistan,6,190.56,658.3,8342.32,1832090,0.9,3,0.2,100.0
Azad Kashmir,2,11.36,35.42,2612.92,3788245,0.7,4,0.275,29.73
Punjab,12,30.06,76.59,7158.67,116139102,0.3,7,0.425,54.06
Sindh,7,105.71,331.25,12227.94,44230657,0.2,8,0.475,100.0
Punjab,5,5.25,14.27,2501.01,104977197,0.3,7,0.425,34.14
Azad Kashmir,7,177.9,478.77,18725.01,4312113,0.7,4,0.275,100.0
Punjab,3,23.87,72.15,7103.56,108014394,0.3,7,0.425,55.24
Sindh,11,23.95,48.83,5308.94,44600266,0.2,8,0.475,52.68
Punjab,2,20.59,58.58,5076.38,115711339,0.3,7,0.425,48.53
Gilgit-Baltistan,9,26.76,73.9,3330.42,1959816,0.9,3,0.2,33.46
Punjab,1,20.14,68.43,5047.37,99402763,0.3,7,0.425,46.75
Azad Kashmir,11,34.93,105.81,3692.76,3702152,0.7,4,0.275,36.05
Gilgit-Baltistan,3,19.21,56.32,2354.54,1953456,0.9,3,0.2,18.03
Gilgit-Baltistan,10,18.19,56.33,1627.73,1700959,0.9,3,0.2,19.7
Azad Kashmir,2,17.43,40.29,3156.46,3778546,0.7,4,0.275,25.94
Azad Kashmir,6,19.19,49.23,3739.35,3891355,0.7,4,0.275,24.52
Sindh,1,9.57,29.91,2910.6,46907593,0.2,8,0.475,41.17
Balochistan,6,31.87,67.98,3395.56,12299985,0.5,5,0.3,43.19
KPK,7,260.75,1052.05,31318.43,32276697,0.6,6,0.35,100.0
Balochistan,11,54.03,141.94,7520.69,11325865,0.5,5,0.3,52.4
Balochistan,5,24.61,55.4,3894.46,12069951,0.5,5,0.3,44.42
Punjab,2,16.14,45.65,4195.24,116870363,0.3,7,0.425,44.58
Balochistan,9,27.12,70.19,4241.5,12430067,0.5,5,0.3,41.94
Punjab,3,19.08,65.45,4859.22,102719578,0.3,7,0.425,50.23
Gilgit-Baltistan,8,12.01,29.25,1680.63,1639896,0.9,3,0.2,15.73
Khyber Pakhtunkhwa,8,133.51,556.39,13519.23,32526725,0.6,6,0.35,100.0
Khyber Pakhtunkhwa,4,18.0,38.91,4848.13,33189699,0.6,6,0.35,35.07
Khyber Pakhtunkhwa,1,19.19,57.01,3388.81,35733240,0.6,6,0.35,33.83
Azad Kashmir,10,11.94,27.73,1716.82,3676302,0.7,4,0.275,21.04
Sindh,10,23.69,76.61,4424.35,43351332,0.2,8,0.475,50.28
Punjab,7,138.13,393.59,21857.58,106206208,0.3,7,0.425,100.0
KPK,4,22.4,69.06,4021.98,38247100,0.6,6,0.35,37.45
Khyber Pakhtunkhwa,5,30.64,89.12,5620.23,38531188,0.6,6,0.35,45.22
Balochistan,1,43.17,97.51,3432.83,12188446,0.5,5,0.3,41.03
Sindh,6,9.24,26.18,4029.06,46044383,0.2,8,0.475,50.82
Punjab,3,22.1,66.42,4343.15,107759311,0.3,7,0.425,44.19
Gilgit-Baltistan,9,12.14,29.15,2159.84,1940282,0.9,3,0.2,22.33
Gilgit-Baltistan,1,32.09,75.72,3654.68,1874466,0.9,3,0.2,23.68
Balochistan,5,22.52,50.49,4112.24,11909913,0.5,5,0.3,34.67
Gilgit-Baltistan,11,24.49,77.54,1765.88,1674896,0.9,3,0.2,26.15
Punjab,11,21.79,48.49,3281.13,111976287,0.3,7,0.425,43.51
KPK,8,304.26,1149.59,36000.0,34441173,0.6,6,0.35,100.0
Khyber Pakhtunkhwa,8,165.26,619.17,19606.07,35771622,0.6,6,0.35,100.0
Balochistan,1,19.84,64.67,3975.76,12298951,0.5,5,0.3,31.19
Sindh,11,9.23,20.89,2722.64,48985682,0.2,8,0.475,42.93
Gilgit-Baltistan,5,27.37,58.09,2772.86,1682951,0.9,3,0.2,22.77
Punjab,11,21.96,60.36,3580.45,100988601,0.3,7,0.425,48.67
Punjab,5,44.52,109.12,6089.82,115594275,0.3,7,0.425,55.0
Khyber Pakhtunkhwa,1,23.04,56.03,5503.39,37276500,0.6,6,0.35,38.78
KPK,9,33.35,80.97,4022.94,32302450,0.6,6,0.35,42.14
Azad Kashmir,11,37.38,90.99,3365.37,4251185,0.7,4,0.275,40.22
Azad Kashmir,4,11.93,35.89,3454.75,3930008,0.7,4,0.275,27.06
Sindh,5,17.77,49.84,6817.9,49838805,0.2,8,0.475,57.37
Gilgit-Baltistan,6,159.7,549.69,10194.11,1917969,0.9,3,0.2,100.0
Balochistan,10,18.72,64.11,2779.99,12129418,0.5,5,0.3,28.01
Sindh,1,42.11,142.79,9908.82,45439218,0.2,8,0.475,76.23
Azad Kashmir,5,24.24,57.36,2259.06,4297579,0.7,4,0.275,35.43
Sindh,4,38.53,85.08,7684.51,48409340,0.2,8,0.475,65.98
Sindh,12,11.13,37.83,4499.66,51612205,0.2,8,0.475,56.19
Gilgit-Baltistan,4,39.99,93.37,2386.33,1918875,0.9,3,0.2,22.42
Sindh,6,29.35,94.85,6278.39,49590899,0.2,8,0.475,58.36
Azad Kashmir,10,29.76,94.81,4148.73,4386986,0.7,4,0.275,41.87
Sindh,10,26.08,71.56,4897.8,47525377,0.2,8,0.475,52.35
Balochistan,11,23.45,63.57,2658.31,13025429,0.5,5,0.3,37.34
Khyber Pakhtunkhwa,3,9.57,28.16,2436.64,38946499,0.6,6,0.35,31.02
Balochistan,7,179.9,730.54,16861.15,11902941,0.5,5,0.3,100.0
Khyber Pakhtunkhwa,3,13.5,46.36,4386.29,37307244,0.6,6,0.35,38.83
Punjab,5,27.71,76.84,7511.43,110219242,0.3,7,0.425,55.86
Gilgit-Baltistan,3,28.84,95.29,3646.25,1844474,0.9,3,0.2,28.34
Punjab,5,26.45,70.32,6715.61,101668696,0.3,7,0.425,53.6
Sindh,3,19.66,51.43,6332.51,43199356,0.2,8,0.475,48.33
KPK,7,147.1,557.01,18826.53,37606880,0.6,6,0.35,100.0
Punjab,1,31.07,67.43,7669.3,116291503,0.3,7,0.425,53.68
Balochistan,9,4.16,11.53,2675.18,12486135,0.5,5,0.3,24.87
Khyber Pakhtunkhwa,10,40.97,89.18,6286.81,37259473,0.6,6,0.35,43.18
Sindh,11,16.81,55.56,3520.22,50185833,0.2,8,0.475,42.57
Khyber Pakhtunkhwa,8,101.04,431.56,16403.42,32208237,0.6,6,0.35,100.0
Azad Kashmir,11,20.52,60.34,2254.16,3701838,0.7,4,0.275,30.15
Sindh,3,15.37,52.85,5778.07,46230062,0.2,8,0.475,52.15
Balochistan,8,223.51,982.77,17009.02,13528825,0.5,5,0.3,100.0
KPK,11,36.36,106.23,6651.17,33582323,0.6,6,0.35,52.53
Azad Kashmir,9,13.4,27.66,2965.79,4060436,0.7,4,0.275,25.78
Khyber Pakhtunkhwa,6,71.73,214.38,8718.01,36286096,0.6,6,0.35,71.53
Balochistan,6,21.95,52.64,3959.01,13429508,0.5,5,0.3,35.85
KPK,10,8.58,21.28,2438.2,33053360,0.6,6,0.35,19.85
Sindh,3,19.73,48.0,5612.19,49226160,0.2,8,0.475,46.98
Punjab,4,28.09,59.38,5544.87,100924275,0.3,7,0.425,55.09
Gilgit-Baltistan,5,14.12,43.93,1682.18,1727783,0.9,3,0.2,19.97
Khyber Pakhtunkhwa,2,24.81,72.53,3600.81,33660829,0.6,6,0.35,41.89
Sindh,8,231.2,755.9,22906.85,49997175,0.2,8,0.475,100.0
Gilgit-Baltistan,11,18.78,42.32,1929.63,1796899,0.9,3,0.2,19.11
Azad Kashmir,7,222.33,651.22,13425.27,4273908,0.7,4,0.275,100.0
Khyber Pakhtunkhwa,4,30.78,90.15,4923.82,32636374,0.6,6,0.35,47.36
Gilgit-Baltistan,10,17.85,36.54,2566.41,1881941,0.9,3,0.2,20.38
Punjab,5,19.34,57.8,4379.81,106869833,0.3,7,0.425,42.5
Sindh,2,23.83,75.47,7338.07,44696853,0.2,8,0.475,54.59
Khyber Pakhtunkhwa,3,16.49,50.77,3314.18,32762996,0.6,6,0.35,27.46
Balochistan,12,25.32,65.6,3428.0,11469517,0.5,5,0.3,33.73
Sindh,5,13.11,38.97,5429.53,52108355,0.2,8,0.475,47.33
Punjab,12,40.64,135.29,8703.75,103003175,0.3,7,0.425,70.33
Balochistan,9,8.78,26.19,3342.08,11096451,0.5,5,0.3,34.15
Khyber Pakhtunkhwa,4,6.25,12.58,2196.36,32456352,0.6,6,0.35,23.0
Balochistan,10,12.49,39.8,2862.85,13467990,0.5,5,0.3,36.35
KPK,2,27.62,69.67,3124.39,38288903,0.6,6,0.35,35.38
Sindh,12,40.45,98.25,7601.82,49882098,0.2,8,0.475,62.21
Sindh,1,20.0,66.61,4408.14,49946770,0.2,8,0.475,44.51
Sindh,2,23.46,51.38,6322.95,46955176,0.2,8,0.475,50.43
Sindh,9,301.3,1111.92,36000.0,46129092,0.2,8,0.475,100.0
Khyber Pakhtunkhwa,6,25.44,64.54,3507.11,35710665,0.6,6,0.35,34.91
Gilgit-Baltistan,10,43.13,98.76,3824.63,1725721,0.9,3,0.2,31.12
Balochistan,9,33.02,73.79,3597.87,11793274,0.5,5,0.3,41.1
Gilgit-Baltistan,5,34.48,98.47,2417.77,1751359,0.9,3,0.2,23.84
Balochistan,4,27.78,63.62,4397.13,13443577,0.5,5,0.3,37.84
Khyber Pakhtunkhwa,12,22.87,61.84,2997.37,38486740,0.6,6,0.35,31.26
Sindh,7,215.94,577.87,36000.0,50716452,0.2,8,0.475,100.0
Sindh,5,41.81,128.25,6525.56,51261658,0.2,8,0.475,68.48
Balochistan,1,34.96,88.62,4518.07,12503421,0.5,5,0.3,38.67
Punjab,12,36.92,92.05,5183.61,100014997,0.3,7,0.425,47.22
Khyber Pakhtunkhwa,11,8.65,20.31,3165.31,32481423,0.6,6,0.35,27.59
KPK,5,30.06,63.8,4289.74,33636240,0.6,6,0.35,31.04
Gilgit-Baltistan,4,45.08,102.44,3606.8,1967945,0.9,3,0.2,28.98
KPK,7,144.2,601.23,17232.0,33697507,0.6,6,0.35,100.0
Gilgit-Baltistan,11,16.17,50.04,2489.59,1705506,0.9,3,0.2,21.25
Gilgit-Baltistan,7,266.62,994.12,16878.03,1703675,0.9,3,0.2,100.0
Sindh,4,39.9,96.46,9107.88,50197424,0.2,8,0.475,67.18
Khyber Pakhtunkhwa,12,33.49,85.29,3960.87,34370365,0.6,6,0.35,38.54
Gilgit-Baltistan,9,2.78,5.75,939.41,1795685,0.9,3,0.2,9.54
Sindh,9,241.88,879.67,23733.14,43276935,0.2,8,0.475,100.0
Khyber Pakhtunkhwa,9,19.66,46.36,4705.31,33105716,0.6,6,0.35,32.09
Sindh,12,9.3,32.46,2934.65,47435112,0.2,8,0.475,36.4
Azad Kashmir,10,25.32,56.87,3873.54,3776871,0.7,4,0.275,26.15
Punjab,11,21.49,66.65,5973.67,101958700,0.3,7,0.425,49.44
Sindh,1,39.13,130.99,6297.0,49168507,0.2,8,0.475,58.44
Sindh,10,19.51,39.59,6650.08,52368830,0.2,8,0.475,51.28
Khyber Pakhtunkhwa,7,329.3,1300.0,24521.12,33113242,0.6,6,0.35,100.0
KPK,8,162.54,526.69,16890.1,36828630,0.6,6,0.35,100.0
Punjab,11,15.03,33.5,5201.04,104268191,0.3,7,0.425,45.87
Khyber Pakhtunkhwa,2,18.6,63.34,3106.06,38653341,0.6,6,0.35,33.51
Balochistan,12,17.2,43.47,3378.15,13470703,0.5,5,0.3,30.07
Punjab,9,239.15,790.94,36000.0,112857160,0.3,7,0.425,100.0
Balochistan,3,27.01,70.92,3796.56,12025423,0.5,5,0.3,40.12
Azad Kashmir,2,11.11,34.93,3346.01,4011694,0.7,4,0.275,25.97
KPK,12,22.75,77.07,4484.03,35469077,0.6,6,0.35,36.9
Balochistan,11,26.47,66.33,3888.27,12542519,0.5,5,0.3,37.66
Balochistan,1,15.47,32.28,2590.59,12083957,0.5,5,0.3,30.94
Azad Kashmir,3,22.79,50.16,3012.1,3892772,0.7,4,0.275,32.45
Azad Kashmir,9,37.35,85.4,5173.29,3805526,0.7,4,0.275,42.11
Gilgit-Baltistan,7,145.55,633.89,10836.57,1766462,0.9,3,0.2,100.0
Gilgit-Baltistan,3,19.9,65.5,2355.45,1626227,0.9,3,0.2,19.43
Azad Kashmir,11,11.47,26.78,2074.11,3929674,0.7,4,0.275,26.72
Azad Kashmir,4,23.13,51.91,2787.42,4346459,0.7,4,0.275,24.91
Gilgit-Baltistan,2,16.52,53.88,2701.7,1790380,0.9,3,0.2,21.84
Sindh,2,7.68,18.26,4527.51,44772180,0.2,8,0.475,45.37
Khyber Pakhtunkhwa,10,17.04,55.86,2824.54,36288430,0.6,6,0.35,34.61
Sindh,1,35.6,100.77,7885.33,52563788,0.2,8,0.475,62.69
Punjab,7,219.89,961.22,25287.95,109228528,0.3,7,0.425,100.0
Balochistan,10,17.2,48.59,3468.24,11648329,0.5,5,0.3,38.29
Sindh,5,18.57,61.84,6430.61,52323484,0.2,8,0.475,56.85
Azad Kashmir,7,150.8,487.34,15392.15,4094571,0.7,4,0.275,100.0
KPK,2,24.94,61.5,4620.66,35514876,0.6,6,0.35,35.07
Khyber Pakhtunkhwa,5,20.75,42.99,4340.73,34343578,0.6,6,0.35,44.61
KPK,2,11.53,26.78,2919.14,38896116,0.6,6,0.35,29.99
Azad Kashmir,7,99.15,259.04,10472.12,4051389,0.7,4,0.275,95.83
Gilgit-Baltistan,12,23.2,71.69,2086.79,1759785,0.9,3,0.2,25.15
Azad Kashmir,4,20.81,45.45,3125.7,4288502,0.7,4,0.275,33.56
Azad Kashmir,7,300.26,918.15,22628.96,4247672,0.7,4,0.275,100.0
Balochistan,1,23.98,71.26,3217.86,13331336,0.5,5,0.3,30.88
Gilgit-Baltistan,2,17.57,60.38,2520.42,1736834,0.9,3,0.2,20.13
Balochistan,7,155.4,462.99,14008.17,13198096,0.5,5,0.3,100.0
Sindh,10,21.93,69.52,4542.66,44759372,0.2,8,0.475,49.97
Punjab,6,45.69,120.45,5190.92,110993475,0.3,7,0.425,54.78
Khyber Pakhtunkhwa,11,9.9,33.48,4012.18,33372573,0.6,6,0.35,33.63
Azad Kashmir,3,27.72,66.26,2573.84,3655408,0.7,4,0.275,27.62
Balochistan,10,19.22,55.34,2968.29,13288097,0.5,5,0.3,34.05
Sindh,5,37.12,101.3,8283.61,52028435,0.2,8,0.475,68.12
Punjab,5,26.47,79.63,7397.59,118789815,0.3,7,0.425,49.22
Gilgit-Baltistan,10,18.98,52.14,2370.53,1770728,0.9,3,0.2,21.29
Punjab,12,25.43,51.45,6729.32,118775809,0.3,7,0.425,52.91
Azad Kashmir,6,26.39,58.09,2895.8,4298812,0.7,4,0.275,32.02
Sindh,5,6.56,17.9,3014.04,44047661,0.2,8,0.475,31.8
Khyber Pakhtunkhwa,4,26.24,80.16,4056.11,35297917,0.6,6,0.35,26.67
Sindh,7,93.2,308.22,14752.93,44705312,0.2,8,0.475,100.0
Balochistan,4,25.19,69.29,3924.29,12329300,0.5,5,0.3,30.28
Balochistan,8,62.73,219.55,9143.83,11466686,0.5,5,0.3,77.97
Punjab,5,19.02,47.17,5505.71,115528176,0.3,7,0.425,46.48
Gilgit-Baltistan,2,14.66,49.75,2155.06,1928533,0.9,3,0.2,14.43
Punjab,10,14.93,37.42,5429.29,108715061,0.3,7,0.425,47.16
Gilgit-Baltistan,5,32.06,108.69,3888.21,1892202,0.9,3,0.2,29.57
KPK,10,30.1,86.46,5311.64,36985965,0.6,6,0.35,41.59
Azad Kashmir,11,26.68,58.72,4422.61,3699205,0.7,4,0.275,33.21
Khyber Pakhtunkhwa,10,4.02,13.06,2384.06,35378623,0.6,6,0.35,27.62
Sindh,3,20.19,43.34,5213.88,50294134,0.2,8,0.475,46.79
Khyber Pakhtunkhwa,10,23.53,81.16,5639.33,36851078,0.6,6,0.35,49.43
Khyber Pakhtunkhwa,4,18.76,43.48,3479.66,35016938,0.6,6,0.35,28.88
Punjab,5,43.71,131.02,8387.39,104454343,0.3,7,0.425,64.93
Khyber Pakhtunkhwa,5,18.74,59.01,4361.74,38660682,0.6,6,0.35,43.17
Balochistan,4,9.62,31.63,2684.52,12114794,0.5,5,0.3,23.53
Azad Kashmir,1,17.86,40.26,2690.52,4044698,0.7,4,0.275,23.44
Khyber Pakhtunkhwa,11,25.24,84.76,3971.91,32982698,0.6,6,0.35,40.33
Gilgit-Baltistan,2,22.53,57.68,2964.45,1735811,0.9,3,0.2,28.44
Sindh,7,202.4,567.86,22018.87,45110924,0.2,8,0.475,100.0
Khyber Pakhtunkhwa,7,190.0,689.21,22536.29,37981692,0.6,6,0.35,100.0
Sindh,12,36.01,115.03,9467.37,47014874,0.2,8,0.475,64.87
Balochistan,5,1.68,4.94,1446.48,12882885,0.5,5,0.3,30.61
Balochistan,1,18.27,59.65,2287.73,11570630,0.5,5,0.3,42.25
Punjab,11,36.03,94.92,7392.88,115970005,0.3,7,0.425,49.31
Balochistan,8,134.43,411.04,16002.42,12841505,0.5,5,0.3,100.0
Punjab,12,16.53,49.71,5908.21,115105203,0.3,7,0.425,47.79
Khyber Pakhtunkhwa,3,4.0,13.22,3160.28,34911973,0.6,6,0.35,26.48
KPK,4,12.27,40.05,3516.27,32870527,0.6,6,0.35,41.65
Balochistan,12,23.2,62.38,3731.33,11669408,0.5,5,0.3,38.35
Khyber Pakhtunkhwa,5,32.43,96.75,6501.62,32582195,0.6,6,0.35,46.13
Sindh,8,187.78,524.39,19667.34,44551435,0.2,8,0.475,100.0
Gilgit-Baltistan,2,17.03,49.86,2291.69,1969032,0.9,3,0.2,15.14
Punjab,3,10.27,32.66,4810.99,120182903,0.3,7,0.425,44.69
Khyber Pakhtunkhwa,8,271.75,767.02,29882.3,35010374,0.6,6,0.35,100.0
Azad Kashmir,4,28.6,62.74,2426.2,3907529,0.7,4,0.275,29.11
Balochistan,7,213.43,603.99,15161.82,11666610,0.5,5,0.3,100.0
Punjab,11,27.96,95.71,6379.93,104327377,0.3,7,0.425,51.33
Sindh,2,11.7,30.55,3782.67,47266831,0.2,8,0.475,39.22
Sindh,11,16.91,41.37,6440.83,45619569,0.2,8,0.475,50.46
Punjab,5,24.37,55.46,4931.13,115858112,0.3,7,0.425,44.24
Sindh,5,24.28,53.17,4937.85,50381368,0.2,8,0.475,56.19
Gilgit-Baltistan,6,198.16,721.02,12317.94,1932883,0.9,3,0.2,100.0
Punjab,12,14.57,38.28,5449.01,99227971,0.3,7,0.425,49.56
Khyber Pakhtunkhwa,6,13.45,36.2,3951.36,33043673,0.6,6,0.35,34.39
Punjab,11,45.01,132.03,8959.36,102986901,0.3,7,0.425,69.59
KPK,6,29.13,64.64,4139.09,38011868,0.6,6,0.35,44.65
KPK,7,187.61,530.36,24105.95,34150029,0.6,6,0.35,100.0
Khyber Pakhtunkhwa,11,18.21,63.41,3003.62,36752930,0.6,6,0.35,30.92
Gilgit-Baltistan,3,11.83,24.65,2136.49,1767551,0.9,3,0.2,17.06
Khyber Pakhtunkhwa,2,15.83,48.2,4832.69,33418156,0.6,6,0.35,34.68
Khyber Pakhtunkhwa,10,9.71,20.93,3468.14,37591955,0.6,6,0.35,28.88
Azad Kashmir,7,163.02,479.15,16153.62,4139215,0.7,4,0.275,100.0
Khyber Pakhtunkhwa,8,74.23,264.45,10711.26,35251988,0.6,6,0.35,95.63
Sindh,5,31.07,95.57,7188.51,52093105,0.2,8,0.475,57.75
Azad Kashmir,11,20.47,60.7,2551.88,4041857,0.7,4,0.275,29.81
Sindh,6,22.93,65.83,5132.33,50564532,0.2,8,0.475,51.53
Punjab,10,13.2,39.16,2859.11,103687246,0.3,7,0.425,40.95
KPK,5,27.95,82.14,4445.28,32430242,0.6,6,0.35,34.28
Azad Kashmir,11,11.57,36.91,2294.72,4366047,0.7,4,0.275,25.2
Azad Kashmir,11,7.8,16.16,2542.16,4372653,0.7,4,0.275,30.62
Gilgit-Baltistan,2,32.41,106.42,3077.26,1863674,0.9,3,0.2,29.07
Gilgit-Baltistan,3,29.96,85.05,2618.72,1866359,0.9,3,0.2,25.3
Khyber Pakhtunkhwa,6,45.61,116.93,6668.27,34508350,0.6,6,0.35,51.33
KPK,4,12.12,27.71,4065.41,38007852,0.6,6,0.35,32.86
Gilgit-Baltistan,11,22.03,72.86,2871.64,1790063,0.9,3,0.2,22.3
Gilgit-Baltistan,9,20.42,66.38,2467.1,1822993,0.9,3,0.2,19.36
Khyber Pakhtunkhwa,11,16.34,33.8,3791.16,35955824,0.6,6,0.35,38.91
KPK,3,28.03,61.87,3225.25,34789410,0.6,6,0.35,44.08
Balochistan,12,3.45,8.73,2795.48,11450886,0.5,5,0.3,30.61
Balochistan,8,172.64,582.16,19936.78,11089628,0.5,5,0.3,100.0
Balochistan,12,24.62,71.08,4403.13,11724806,0.5,5,0.3,37.47
Gilgit-Baltistan,2,16.08,50.32,2704.33,1876218,0.9,3,0.2,25.12
Khyber Pakhtunkhwa,9,26.78,90.56,4818.68,36409533,0.6,6,0.35,46.15
KPK,5,9.29,28.46,3017.66,36911150,0.6,6,0.35,34.77
Gilgit-Baltistan,4,23.95,58.67,3154.94,1900420,0.9,3,0.2,21.37
Sindh,11,15.76,36.04,4655.68,49841273,0.2,8,0.475,54.39
Azad Kashmir,5,23.5,79.45,2338.7,4102210,0.7,4,0.275,27.34
Punjab,3,26.98,78.57,4549.82,105571331,0.3,7,0.425,45.47
Gilgit-Baltistan,12,43.76,105.4,4005.73,1793112,0.9,3,0.2,35.61
Gilgit-Baltistan,3,14.56,35.49,2558.14,1939725,0.9,3,0.2,18.06
Azad Kashmir,3,9.72,32.59,1845.55,4179574,0.7,4,0.275,19.3
KPK,11,29.84,63.8,3434.62,34744614,0.6,6,0.35,43.34
Azad Kashmir,2,34.77,86.61,3106.75,4291743,0.7,4,0.275,33.96
Gilgit-Baltistan,6,264.02,1067.52,16436.11,1682910,0.9,3,0.2,100.0
Balochistan,7,135.8,520.17,10192.64,12541857,0.5,5,0.3,100.0
Punjab,8,157.6,684.13,17020.1,118784274,0.3,7,0.425,100.0
Balochistan,8,194.2,702.18,13259.69,13461695,0.5,5,0.3,100.0
Gilgit-Baltistan,2,16.65,43.17,2127.05,1663464,0.9,3,0.2,27.7
Sindh,4,22.05,66.88,7166.61,46682295,0.2,8,0.475,57.12
Gilgit-Baltistan,11,32.92,84.59,2501.55,1794956,0.9,3,0.2,22.87
Punjab,1,37.65,91.95,5421.35,110200901,0.3,7,0.425,59.78
KPK,9,14.27,35.63,4108.13,38027362,0.6,6,0.35,37.65
Sindh,5,43.22,131.65,6954.43,43684652,0.2,8,0.475,59.44
KPK,4,15.41,52.2,3450.35,38173977,0.6,6,0.35,33.29
Balochistan,4,18.94,44.31,2844.24,12753519,0.5,5,0.3,37.33
Punjab,3,22.03,66.8,4532.01,103893286,0.3,7,0.425,52.28
Khyber Pakhtunkhwa,6,30.03,61.77,3774.7,33983927,0.6,6,0.35,41.64
KPK,4,20.59,58.56,2980.55,34898052,0.6,6,0.35,32.7
Balochistan,12,17.31,46.38,3610.45,11495137,0.5,5,0.3,35.34
Khyber Pakhtunkhwa,3,27.09,92.25,3907.17,37723722,0.6,6,0.35,40.53
KPK,7,120.38,354.77,13220.85,34215885,0.6,6,0.35,100.0
Azad Kashmir,9,44.17,106.54,4315.9,4257244,0.7,4,0.275,38.26
Balochistan,12,34.16,114.39,4592.55,13487136,0.5,5,0.3,38.7
Sindh,10,83.53,250.01,13526.39,43449484,0.2,8,0.475,99.38
Gilgit-Baltistan,7,265.23,925.75,19774.16,1866062,0.9,3,0.2,100.0
KPK,11,48.39,136.47,8040.16,34671578,0.6,6,0.35,59.86
Azad Kashmir,10,15.92,46.22,3111.4,3873285,0.7,4,0.275,18.98
Khyber Pakhtunkhwa,5,30.45,63.56,4566.02,34770206,0.6,6,0.35,41.19
Gilgit-Baltistan,5,15.96,33.62,1736.56,1812129,0.9,3,0.2,13.88
Punjab,1,12.51,26.54,5038.68,110875832,0.3,7,0.425,47.38
Gilgit-Baltistan,1,19.93,65.98,2579.62,1885685,0.9,3,0.2,24.75
Punjab,1,43.46,132.49,8603.91,113653639,0.3,7,0.425,58.16
Azad Kashmir,7,278.8,1247.26,19905.61,3779503,0.7,4,0.275,100.0
Gilgit-Baltistan,6,70.06,220.0,3769.77,1964199,0.9,3,0.2,61.13
Sindh,4,22.97,79.45,7788.57,49266109,0.2,8,0.475,63.72
Azad Kashmir,3,61.84,149.08,6091.25,3795610,0.7,4,0.275,58.23
Punjab,10,13.05,39.1,4269.64,104648066,0.3,7,0.425,40.14
Azad Kashmir,3,15.56,36.01,3667.56,3737643,0.7,4,0.275,31.69
Sindh,1,14.96,50.67,6215.98,49218674,0.2,8,0.475,52.03
KPK,12,6.31,15.56,2778.41,34315511,0.6,6,0.35,30.41
Khyber Pakhtunkhwa,7,181.99,547.28,22148.41,34742529,0.6,6,0.35,100.0
Sindh,4,2.74,6.02,3089.82,48095510,0.2,8,0.475,37.72
KPK,2,21.68,66.97,5592.57,35273040,0.6,6,0.35,42.93
Sindh,3,17.24,40.87,4636.34,52556678,0.2,8,0.475,48.51
Gilgit-Baltistan,6,98.65,359.5,5590.53,1878611,0.9,3,0.2,81.47
Khyber Pakhtunkhwa,7,146.42,611.78,18716.6,35043118,0.6,6,0.35,100.0
Khyber Pakhtunkhwa,2,9.81,27.17,3693.65,34108101,0.6,6,0.35,35.03
Azad Kashmir,11,13.23,33.64,2815.32,4092835,0.7,4,0.275,20.14
Balochistan,3,17.33,40.27,3726.46,12512618,0.5,5,0.3,33.84
Khyber Pakhtunkhwa,2,12.6,38.12,3469.25,35832603,0.6,6,0.35,30.03
Khyber Pakhtunkhwa,4,16.86,57.71,2899.13,37880997,0.6,6,0.35,37.2
Balochistan,4,24.4,71.77,4107.06,12874184,0.5,5,0.3,41.06
Balochistan,4,13.68,38.66,3275.48,11459463,0.5,5,0.3,35.75
Balochistan,9,14.91,51.72,3051.94,12732434,0.5,5,0.3,42.68
Khyber Pakhtunkhwa,3,31.93,84.48,5696.43,34755317,0.6,6,0.35,46.71
Sindh,8,380.0,1300.0,36000.0,44366152,0.2,8,0.475,100.0
Punjab,7,315.94,905.04,36000.0,116949092,0.3,7,0.425,100.0
Sindh,5,25.75,76.64,5279.4,49000185,0.2,8,0.475,50.48
Gilgit-Baltistan,7,166.38,510.27,8027.83,1724893,0.9,3,0.2,100.0
Gilgit-Baltistan,3,20.42,70.46,1760.45,1905834,0.9,3,0.2,16.2
KPK,1,15.97,46.43,3000.18,34310987,0.6,6,0.35,28.1
Sindh,7,132.72,465.38,26097.14,44871906,0.2,8,0.475,100.0
Balochistan,4,10.62,35.3,3147.7,11897467,0.5,5,0.3,31.78
KPK,5,15.48,42.03,2559.98,32833966,0.6,6,0.35,36.69
KPK,7,235.69,863.5,18257.79,37013662,0.6,6,0.35,100.0
Azad Kashmir,12,25.21,72.84,2848.18,4289430,0.7,4,0.275,28.54
Sindh,3,19.6,39.85,4376.9,48019004,0.2,8,0.475,41.57
Azad Kashmir,4,6.76,23.48,2952.81,4124786,0.7,4,0.275,27.87
Punjab,9,178.55,487.56,17681.21,111588697,0.3,7,0.425,100.0
KPK,10,12.85,37.72,3504.0,38237538,0.6,6,0.35,38.98
Balochistan,11,21.81,55.13,2990.39,11646611,0.5,5,0.3,32.33
Balochistan,11,23.89,63.37,3846.04,13170874,0.5,5,0.3,28.67
Khyber Pakhtunkhwa,12,18.08,60.2,3279.23,38037285,0.6,6,0.35,38.71
Punjab,12,22.49,48.96,3493.16,103255214,0.3,7,0.425,44.93
Gilgit-Baltistan,8,25.24,61.88,3252.7,1643699,0.9,3,0.2,20.43
Balochistan,3,9.0,31.34,2724.43,12241875,0.5,5,0.3,25.82
Azad Kashmir,5,26.98,77.53,3939.48,3723937,0.7,4,0.275,34.53
Khyber Pakhtunkhwa,6,35.76,105.79,6151.51,33035266,0.6,6,0.35,50.73
KPK,2,13.3,39.79,4553.67,32274799,0.6,6,0.35,39.08
Balochistan,11,16.64,47.43,3884.24,11793146,0.5,5,0.3,31.7
Punjab,6,34.72,116.38,6634.37,104186681,0.3,7,0.425,60.04
KPK,1,34.61,98.94,4236.43,37345203,0.6,6,0.35,45.62
Punjab,2,22.83,68.75,4133.02,118842812,0.3,7,0.425,45.23
Balochistan,1,19.93,60.87,3891.05,11876651,0.5,5,0.3,34.27
KPK,11,35.34,97.23,4399.35,37891969,0.6,6,0.35,39.69
Khyber Pakhtunkhwa,7,133.83,445.58,10542.38,34857598,0.6,6,0.35,100.0
Khyber Pakhtunkhwa,1,17.08,53.85,3389.03,32043610,0.6,6,0.35,28.46
Punjab,7,187.99,802.69,33418.29,120582664,0.3,7,0.425,100.0
KPK,8,138.29,438.11,17446.38,32527737,0.6,6,0.35,100.0
Sindh,5,9.05,22.55,4339.78,45001859,0.2,8,0.475,44.09
Khyber Pakhtunkhwa,11,24.15,58.83,4739.07,34738239,0.6,6,0.35,36.53
Punjab,11,2.86,7.52,3636.23,112465804,0.3,7,0.425,30.24
Balochistan,5,6.52,14.59,2367.27,12923705,0.5,5,0.3,24.74
KPK,9,45.72,153.97,8142.99,34124644,0.6,6,0.35,61.66
Balochistan,6,20.6,45.9,3854.53,13122444,0.5,5,0.3,38.67
Gilgit-Baltistan,4,35.2,102.74,2260.25,1696340,0.9,3,0.2,27.48
Azad Kashmir,1,47.89,131.27,5034.15,3857482,0.7,4,0.275,50.81
Gilgit-Baltistan,1,11.07,27.13,1525.78,1799201,0.9,3,0.2,10.97
KPK,9,27.25,77.52,4406.28,34513464,0.6,6,0.35,41.27
Punjab,1,10.88,26.89,2656.09,101568821,0.3,7,0.425,40.66
Sindh,4,26.31,79.61,4953.31,52663109,0.2,8,0.475,54.92
KPK,10,21.58,46.25,5007.76,38166368,0.6,6,0.35,39.2
Azad Kashmir,7,169.44,730.53,14752.96,3631626,0.7,4,0.275,100.0
Azad Kashmir,10,25.35,81.07,3588.23,3640851,0.7,4,0.275,36.18
Sindh,3,28.52,64.12,4819.98,44709676,0.2,8,0.475,56.08
Punjab,9,160.65,602.29,18729.01,102706765,0.3,7,0.425,100.0
Khyber Pakhtunkhwa,11,20.32,50.5,4179.05,36268101,0.6,6,0.35,43.87
Sindh,6,25.07,83.59,6618.25,46257266,0.2,8,0.475,54.81
KPK,2,21.86,72.25,3978.87,35833148,0.6,6,0.35,35.46
Sindh,5,10.82,32.14,3314.54,50561478,0.2,8,0.475,39.41
Punjab,9,160.71,656.02,22527.9,105368868,0.3,7,0.425,100.0
Gilgit-Baltistan,4,46.36,137.36,3561.42,1639127,0.9,3,0.2,38.06
KPK,12,31.12,108.29,4915.19,32128652,0.6,6,0.35,51.53
Balochistan,7,149.13,569.09,16583.22,11075864,0.5,5,0.3,100.0
Azad Kashmir,12,12.49,29.6,2660.01,4318001,0.7,4,0.275,20.67
Gilgit-Baltistan,12,33.61,96.66,3806.59,1810734,0.9,3,0.2,27.95
Khyber Pakhtunkhwa,8,202.68,782.07,20741.84,37101817,0.6,6,0.35,100.0
Khyber Pakhtunkhwa,6,25.05,79.24,4769.38,34648730,0.6,6,0.35,43.15
Khyber Pakhtunkhwa,11,24.6,85.63,5724.73,38434149,0.6,6,0.35,47.02
KPK,10,34.4,104.02,4619.58,32332798,0.6,6,0.35,41.22
Gilgit-Baltistan,11,13.2,42.95,1594.73,1691848,0.9,3,0.2,15.25
Azad Kashmir,12,43.54,124.03,4059.13,3898324,0.7,4,0.275,46.85
Punjab,12,39.28,116.77,6809.94,113944720,0.3,7,0.425,54.37
Sindh,7,235.48,740.95,36000.0,46723835,0.2,8,0.475,100.0
Azad Kashmir,7,210.09,572.96,16706.91,4256571,0.7,4,0.275,100.0
Punjab,2,21.41,48.37,5442.59,112966621,0.3,7,0.425,48.6
Khyber Pakhtunkhwa,9,7.17,21.89,2047.34,37861984,0.6,6,0.35,34.55
Sindh,3,8.89,30.98,3472.19,47365938,0.2,8,0.475,35.24
Punjab,2,37.3,119.57,7375.4,104137524,0.3,7,0.425,62.86
Gilgit-Baltistan,3,21.87,54.58,1595.32,1794143,0.9,3,0.2,20.19
KPK,7,222.56,563.81,15060.55,34465650,0.6,6,0.35,100.0
Punjab,8,152.09,572.12,27629.41,116743955,0.3,7,0.425,100.0
Gilgit-Baltistan,1,20.23,48.69,2057.95,1661613,0.9,3,0.2,25.65
Punjab,3,11.34,35.6,5261.85,111950210,0.3,7,0.425,41.42
Azad Kashmir,3,46.73,145.58,5865.15,3832107,0.7,4,0.275,47.55
Balochistan,5,28.06,80.1,3406.89,13158199,0.5,5,0.3,35.38
Gilgit-Baltistan,7,223.12,703.9,11983.97,1969195,0.9,3,0.2,100.0
Khyber Pakhtunkhwa,4,27.35,65.37,4640.54,38963100,0.6,6,0.35,37.95
Sindh,11,14.57,37.55,5798.2,45959960,0.2,8,0.475,46.94
Sindh,3,16.81,46.82,3358.61,44929551,0.2,8,0.475,41.65
Gilgit-Baltistan,8,21.95,63.49,2817.4,1914963,0.9,3,0.2,29.55
Punjab,2,40.72,92.78,5801.63,101051688,0.3,7,0.425,54.55
Azad Kashmir,2,37.0,98.88,4620.88,4212899,0.7,4,0.275,45.44
Sindh,2,11.46,38.21,5661.05,47777482,0.2,8,0.475,48.62
Khyber Pakhtunkhwa,6,22.53,57.61,5350.31,36499421,0.6,6,0.35,36.1
KPK,7,276.07,920.02,29311.36,37252389,0.6,6,0.35,100.0
Gilgit-Baltistan,2,31.6,92.49,3122.35,1645069,0.9,3,0.2,36.64
Punjab,3,18.64,40.53,4880.78,112122591,0.3,7,0.425,41.37
Azad Kashmir,8,156.64,438.09,10759.29,3774230,0.7,4,0.275,100.0
Balochistan,8,182.15,600.27,19576.04,11100422,0.5,5,0.3,100.0
Gilgit-Baltistan,1,19.28,57.32,1604.52,1841939,0.9,3,0.2,16.39
Punjab,11,42.22,127.28,8205.99,118272498,0.3,7,0.425,62.05
KPK,4,33.73,114.89,4633.25,32304792,0.6,6,0.35,37.17
Punjab,10,36.55,97.08,6619.97,120851626,0.3,7,0.425,55.07
Sindh,6,12.59,41.47,3187.6,47269288,0.2,8,0.475,45.14
Gilgit-Baltistan,6,217.7,794.52,10031.32,1786984,0.9,3,0.2,100.0
Azad Kashmir,8,313.44,915.98,24352.46,3778285,0.7,4,0.275,100.0
Sindh,2,20.66,52.68,4213.91,51388464,0.2,8,0.475,51.06
KPK,12,43.39,128.44,5537.45,32725886,0.6,6,0.35,53.78
Sindh,11,38.78,82.03,5323.98,52341024,0.2,8,0.475,56.55
Punjab,4,26.27,83.76,5648.62,114287603,0.3,7,0.425,52.68
Gilgit-Baltistan,12,19.14,50.67,1636.01,1765466,0.9,3,0.2,22.25
Balochistan,10,30.17,83.08,3373.58,12296912,0.5,5,0.3,37.33
Sindh,12,33.88,68.31,7212.97,48642407,0.2,8,0.475,71.24
Sindh,2,39.78,120.12,6423.2,51969769,0.2,8,0.475,59.86
Gilgit-Baltistan,7,266.85,758.07,14395.46,1953872,0.9,3,0.2,100.0
Balochistan,9,27.62,85.2,3714.18,11450612,0.5,5,0.3,39.74
KPK,6,6.0,14.68,3128.31,37136031,0.6,6,0.35,32.7
Azad Kashmir,12,27.48,61.09,3187.56,4130557,0.7,4,0.275,28.43
Khyber Pakhtunkhwa,6,30.2,88.04,5623.41,38097947,0.6,6,0.35,43.45
Gilgit-Baltistan,11,41.16,97.51,3128.0,1938127,0.9,3,0.2,28.49
Punjab,1,11.04,37.71,4647.04,118736352,0.3,7,0.425,30.55
Sindh,7,109.91,391.1,13828.41,43584296,0.2,8,0.475,100.0
KPK,6,17.06,45.78,4664.73,37094881,0.6,6,0.35,46.12
Balochistan,11,23.39,75.42,4984.67,11369210,0.5,5,0.3,44.05
KPK,11,19.62,63.22,4224.37,32741055,0.6,6,0.35,43.63
Sindh,9,197.72,603.76,30923.07,49688183,0.2,8,0.475,100.0
Khyber Pakhtunkhwa,1,25.17,52.7,3793.8,38220898,0.6,6,0.35,27.26
Khyber Pakhtunkhwa,6,34.63,112.33,7251.28,35747068,0.6,6,0.35,52.47
Gilgit-Baltistan,8,20.34,56.14,2481.68,1624662,0.9,3,0.2,28.14
Gilgit-Baltistan,5,36.42,107.73,2351.74,1943412,0.9,3,0.2,34.49
Gilgit-Baltistan,3,30.51,92.09,3729.08,1949789,0.9,3,0.2,26.38
Punjab,1,26.56,85.7,4358.82,102354538,0.3,7,0.425,53.36
Azad Kashmir,3,21.89,59.89,3052.94,4358068,0.7,4,0.275,27.26
Balochistan,7,199.21,724.7,21233.06,11287758,0.5,5,0.3,100.0
Punjab,8,249.47,858.59,24362.32,104985099,0.3,7,0.425,100.0
Balochistan,4,14.5,38.97,3055.4,11524078,0.5,5,0.3,22.83
Punjab,4,26.23,83.45,5946.34,113500366,0.3,7,0.425,55.42
Punjab,2,48.34,104.8,8308.58,107002066,0.3,7,0.425,68.27
Gilgit-Baltistan,9,28.09,66.02,3064.93,1808626,0.9,3,0.2,21.71
Balochistan,6,44.36,99.07,5479.46,13233511,0.5,5,0.3,49.68
Balochistan,5,22.9,73.64,2961.31,12498868,0.5,5,0.3,34.05
Sindh,2,44.65,134.64,10547.22,43154393,0.2,8,0.475,76.36
Sindh,10,20.87,68.61,4158.22,43148611,0.2,8,0.475,51.47
Sindh,9,293.64,1123.72,36000.0,51938814,0.2,8,0.475,100.0
Sindh,8,128.59,369.9,16580.97,44821919,0.2,8,0.475,100.0
Gilgit-Baltistan,8,32.3,94.6,2375.45,1668274,0.9,3,0.2,33.7
KPK,2,25.33,80.56,5613.62,33911109,0.6,6,0.35,51.02
Azad Kashmir,4,10.93,31.64,2302.39,3604304,0.7,4,0.275,22.78
Khyber Pakhtunkhwa,3,45.15,91.19,3946.98,35925303,0.6,6,0.35,40.45
Sindh,2,24.14,56.62,6652.57,45020636,0.2,8,0.475,53.72
Balochistan,12,25.81,58.45,2547.16,13273406,0.5,5,0.3,26.42
Gilgit-Baltistan,1,35.89,104.96,2251.88,1947847,0.9,3,0.2,22.71
KPK,1,17.32,49.23,4889.81,36577186,0.6,6,0.35,33.68
Sindh,1,37.1,81.4,6146.14,43742286,0.2,8,0.475,53.94
Sindh,9,118.83,352.67,20663.58,47568158,0.2,8,0.475,100.0
Gilgit-Baltistan,10,40.36,123.25,3000.82,1856729,0.9,3,0.2,32.46
Azad Kashmir,6,18.45,63.83,3667.37,4213486,0.7,4,0.275,27.98
Punjab,6,17.72,54.23,5157.01,105915170,0.3,7,0.425,54.0
Azad Kashmir,12,23.23,77.37,4467.11,4175702,0.7,4,0.275,34.93
Punjab,3,37.6,77.17,6569.07,117494307,0.3,7,0.425,56.67
Gilgit-Baltistan,1,24.51,73.57,2266.22,1869351,0.9,3,0.2,29.92
Punjab,7,297.77,1265.18,33806.23,115378753,0.3,7,0.425,100.0
Khyber Pakhtunkhwa,12,5.77,11.64,3309.95,36981798,0.6,6,0.35,26.43
Sindh,9,169.24,702.35,31299.74,49078759,0.2,8,0.475,100.0
Khyber Pakhtunkhwa,6,25.0,78.5,4000.16,36550273,0.6,6,0.35,34.87
Balochistan,3,26.1,74.1,3178.95,13244384,0.5,5,0.3,35.23
Khyber Pakhtunkhwa,6,11.15,38.78,4028.23,37708496,0.6,6,0.35,37.2
Khyber Pakhtunkhwa,8,148.06,579.38,14499.33,33149205,0.6,6,0.35,100.0
KPK,4,36.6,90.43,5811.44,35059709,0.6,6,0.35,48.79
Balochistan,12,16.67,46.02,3767.3,13403683,0.5,5,0.3,36.12
Balochistan,5,11.39,39.0,3226.32,12359321,0.5,5,0.3,31.24
Punjab,10,21.47,72.77,4622.43,108586781,0.3,7,0.425,49.16
Azad Kashmir,7,225.63,863.97,20203.33,4174435,0.7,4,0.275,100.0
KPK,9,15.63,39.05,2850.45,32884021,0.6,6,0.35,33.04
Azad Kashmir,5,34.4,117.79,5296.97,3663101,0.7,4,0.275,39.61
Gilgit-Baltistan,9,24.96,76.6,3106.51,1653221,0.9,3,0.2,30.49
Balochistan,12,25.03,82.15,4661.97,12684796,0.5,5,0.3,39.72
Sindh,11,43.74,103.34,5566.19,45832168,0.2,8,0.475,63.93
Azad Kashmir,4,27.97,67.26,4774.14,4349067,0.7,4,0.275,33.67
Balochistan,4,20.99,49.5,4104.97,12410891,0.5,5,0.3,35.97
Balochistan,6,23.92,50.23,4502.91,13525366,0.5,5,0.3,43.5
Azad Kashmir,6,18.97,58.55,4011.54,4367864,0.7,4,0.275,35.96
Sindh,11,9.62,32.82,3728.37,48655664,0.2,8,0.475,42.33
Punjab,12,17.94,62.4,3405.8,113693412,0.3,7,0.425,41.85
KPK,11,2.2,5.33,2697.13,36575521,0.6,6,0.35,28.23
Khyber Pakhtunkhwa,6,24.51,72.11,4827.17,38004027,0.6,6,0.35,46.95
Sindh,12,17.83,37.8,4292.47,52114441,0.2,8,0.475,45.69
Khyber Pakhtunkhwa,2,5.6,17.14,2703.56,35033229,0.6,6,0.35,28.88
Balochistan,5,20.52,61.49,2702.48,12185003,0.5,5,0.3,25.22
Azad Kashmir,3,31.11,85.34,2893.43,4145048,0.7,4,0.275,36.56
KPK,9,68.39,230.81,7540.14,32047632,0.6,6,0.35,70.51
Punjab,2,13.86,29.96,5301.52,108270749,0.3,7,0.425,47.49
Azad Kashmir,5,28.47,60.14,3429.71,3990338,0.7,4,0.275,25.73
Sindh,7,125.35,428.04,22595.67,43281313,0.2,8,0.475,100.0
Sindh,11,9.36,27.66,4543.48,46526078,0.2,8,0.475,41.51
Azad Kashmir,11,19.58,39.24,2071.72,3701615,0.7,4,0.275,19.16
KPK,5,20.34,68.47,4908.87,33739356,0.6,6,0.35,44.58
Gilgit-Baltistan,10,13.95,38.78,1859.11,1745241,0.9,3,0.2,21.81
Balochistan,1,38.47,116.7,4628.99,13029343,0.5,5,0.3,49.01
KPK,11,26.36,56.36,4333.13,32351078,0.6,6,0.35,46.19
Punjab,3,14.96,31.44,4945.77,116242534,0.3,7,0.425,45.39
Sindh,8,139.24,378.56,20561.14,46281005,0.2,8,0.475,100.0
Sindh,12,22.96,46.12,5470.14,51787526,0.2,8,0.475,53.65
Azad Kashmir,1,34.89,109.7,5500.64,3929670,0.7,4,0.275,42.06
Sindh,2,21.13,48.88,6631.36,51340712,0.2,8,0.475,52.74
Sindh,6,26.48,70.02,7663.91,45675102,0.2,8,0.475,64.24
KPK,5,29.87,92.27,6504.5,37984578,0.6,6,0.35,49.93
Azad Kashmir,7,257.28,844.25,18331.97,4017985,0.7,4,0.275,100.0
Azad Kashmir,1,34.15,75.2,3288.72,3845565,0.7,4,0.275,36.89
Azad Kashmir,4,11.35,24.95,1866.24,3762611,0.7,4,0.275,22.12
Punjab,1,15.07,31.34,5264.67,102039541,0.3,7,0.425,40.01
Khyber Pakhtunkhwa,1,3.1,6.28,2328.26,34180242,0.6,6,0.35,28.65
Punjab,12,5.1,13.03,3090.86,107695062,0.3,7,0.425,32.75
Balochistan,2,29.86,84.81,3184.8,12859582,0.5,5,0.3,35.38
KPK,2,30.85,80.94,4724.26,32514852,0.6,6,0.35,48.1
Khyber Pakhtunkhwa,4,21.16,44.05,4656.36,37038270,0.6,6,0.35,44.68
Gilgit-Baltistan,12,19.91,54.26,1720.47,1914988,0.9,3,0.2,29.81
Azad Kashmir,5,19.67,51.65,3602.7,3786616,0.7,4,0.275,29.31
Khyber Pakhtunkhwa,8,254.68,1121.89,26859.74,33022705,0.6,6,0.35,100.0
Azad Kashmir,2,38.27,132.35,4218.01,3776472,0.7,4,0.275,40.48
Azad Kashmir,4,33.33,76.73,2925.67,3788192,0.7,4,0.275,28.36
Balochistan,9,31.55,86.39,4114.15,12412672,0.5,5,0.3,36.59
Punjab,8,235.2,978.15,30041.16,112701343,0.3,7,0.425,100.0
Punjab,3,12.22,26.45,3854.76,114837317,0.3,7,0.425,46.53
Gilgit-Baltistan,11,17.81,42.8,1997.08,1813501,0.9,3,0.2,22.94
KPK,1,22.93,60.58,3583.73,36383684,0.6,6,0.35,36.77
Balochistan,9,36.93,124.5,5956.01,12086287,0.5,5,0.3,44.06
Sindh,5,26.45,56.6,5027.52,43566033,0.2,8,0.475,49.35
KPK,12,14.01,39.88,2325.67,38302703,0.6,6,0.35,20.11
Khyber Pakhtunkhwa,4,46.2,107.05,6053.35,35125909,0.6,6,0.35,49.6
Khyber Pakhtunkhwa,12,16.19,32.45,3646.86,37149467,0.6,6,0.35,32.75
Azad Kashmir,7,214.06,645.16,18964.28,3808446,0.7,4,0.275,100.0
Sindh,7,96.28,431.72,14209.49,48422491,0.2,8,0.475,100.0
Gilgit-Baltistan,11,16.87,45.82,2193.41,1724829,0.9,3,0.2,16.37
Gilgit-Baltistan,4,25.42,82.31,1788.51,1919102,0.9,3,0.2,20.48
Balochistan,5,22.32,74.29,2581.2,12834663,0.5,5,0.3,34.4
KPK,7,92.83,336.96,12162.19,34029283,0.6,6,0.35,99.3
Punjab,2,8.66,28.42,4390.54,106306132,0.3,7,0.425,35.93
Balochistan,8,154.15,686.12,14186.89,12768642,0.5,5,0.3,100.0
Khyber Pakhtunkhwa,12,18.6,60.88,2670.0,35499082,0.6,6,0.35,33.1
Punjab,10,16.83,55.01,4059.8,117188585,0.3,7,0.425,32.25
Sindh,2,22.72,79.12,7984.8,49919799,0.2,8,0.475,56.4
Balochistan,3,4.88,13.53,1515.75,11735306,0.5,5,0.3,22.5
KPK,1,30.6,88.15,5261.77,31954075,0.6,6,0.35,37.36
KPK,4,24.45,55.55,5015.78,32297205,0.6,6,0.35,36.22
Punjab,10,13.5,29.43,4060.53,110366195,0.3,7,0.425,38.84
Sindh,10,16.0,35.85,4763.62,46919012,0.2,8,0.475,49.91
Punjab,2,51.61,112.01,5338.26,112781311,0.3,7,0.425,62.1
Gilgit-Baltistan,12,22.65,59.34,1695.49,1768085,0.9,3,0.2,24.01
KPK,1,21.18,71.99,4859.86,38973370,0.6,6,0.35,38.19
Punjab,9,197.19,871.66,30560.03,118683352,0.3,7,0.425,100.0
Khyber Pakhtunkhwa,2,15.41,33.57,4176.39,38498022,0.6,6,0.35,30.25
Punjab,9,153.09,614.24,20274.78,99002836,0.3,7,0.425,100.0
KPK,2,22.1,67.38,4410.71,32162659,0.6,6,0.35,39.25
Sindh,3,15.7,51.46,3358.57,45752105,0.2,8,0.475,44.47
Khyber Pakhtunkhwa,6,66.26,205.6,6567.54,36858370,0.6,6,0.35,53.39
KPK,1,28.54,80.59,4640.2,34772259,0.6,6,0.35,44.91
Sindh,9,288.14,1047.2,36000.0,50571625,0.2,8,0.475,100.0
KPK,7,145.48,596.25,17021.17,35835303,0.6,6,0.35,100.0
Gilgit-Baltistan,3,9.23,31.37,1208.43,1738875,0.9,3,0.2,15.71
Azad Kashmir,2,12.99,27.42,2536.47,3812091,0.7,4,0.275,26.24
Balochistan,6,21.05,70.73,4433.33,13524694,0.5,5,0.3,46.19
Balochistan,7,153.33,493.48,12658.03,12962182,0.5,5,0.3,100.0
Gilgit-Baltistan,3,23.25,56.81,2506.12,1643924,0.9,3,0.2,23.36
Sindh,4,30.92,66.64,4604.42,49873999,0.2,8,0.475,48.23
Gilgit-Baltistan,7,117.43,490.2,10010.52,1942226,0.9,3,0.2,100.0
Gilgit-Baltistan,10,7.2,23.0,1949.65,1728640,0.9,3,0.2,13.32
Punjab,8,225.13,1005.39,25382.62,109577569,0.3,7,0.425,100.0
Sindh,2,38.64,127.7,9830.91,51457677,0.2,8,0.475,69.58
Sindh,8,99.91,441.64,18650.45,51289836,0.2,8,0.475,100.0
Punjab,5,18.36,38.48,3478.29,107397573,0.3,7,0.425,45.01
Khyber Pakhtunkhwa,9,16.57,48.84,3573.62,32843124,0.6,6,0.35,26.27
KPK,2,37.8,116.76,4878.06,38464073,0.6,6,0.35,41.51
Sindh,12,49.94,156.84,8031.81,49094056,0.2,8,0.475,74.84
Khyber Pakhtunkhwa,5,22.58,49.56,4709.69,34304686,0.6,6,0.35,36.07
Gilgit-Baltistan,5,30.38,66.96,2979.21,1641469,0.9,3,0.2,28.23
Punjab,7,87.11,385.56,16870.12,110940861,0.3,7,0.425,100.0
Punjab,3,31.35,103.14,4716.95,118972525,0.3,7,0.425,54.14
Sindh,4,8.83,27.02,3213.19,51333599,0.2,8,0.475,38.06
Azad Kashmir,5,9.12,19.07,3025.29,4242892,0.7,4,0.275,21.04
Balochistan,2,32.46,110.04,4803.37,11980000,0.5,5,0.3,46.9
Balochistan,9,22.48,69.15,2624.67,12805130,0.5,5,0.3,30.75
Punjab,7,161.36,589.56,29132.74,119147215,0.3,7,0.425,100.0
Sindh,12,40.73,127.52,8494.77,49337805,0.2,8,0.475,66.59
Punjab,3,20.31,44.54,4947.48,120583902,0.3,7,0.425,52.48
Khyber Pakhtunkhwa,9,14.5,40.96,3108.52,36833813,0.6,6,0.35,26.11
Punjab,8,112.56,441.44,20540.25,108565635,0.3,7,0.425,100.0
Azad Kashmir,9,27.12,90.63,4134.86,3914716,0.7,4,0.275,31.51
Sindh,1,19.42,45.42,5089.01,45335514,0.2,8,0.475,55.78
Gilgit-Baltistan,3,16.95,49.07,2827.84,1910968,0.9,3,0.2,22.34
Azad Kashmir,10,13.38,38.67,2686.41,3649975,0.7,4,0.275,35.06
Punjab,4,19.95,58.63,3763.9,112840378,0.3,7,0.425,45.58
Azad Kashmir,3,39.93,96.91,4537.68,3970400,0.7,4,0.275,41.11
KPK,12,16.19,54.27,4216.91,32432780,0.6,6,0.35,35.3
Sindh,3,36.15,80.59,8459.64,49091780,0.2,8,0.475,59.73
Sindh,5,10.41,32.37,5041.81,48845380,0.2,8,0.475,48.55
Sindh,4,13.8,28.18,3526.76,46165160,0.2,8,0.475,44.61
Azad Kashmir,1,35.72,104.13,3708.82,3810571,0.7,4,0.275,32.71
KPK,7,145.69,530.01,18561.39,38081412,0.6,6,0.35,100.0
Gilgit-Baltistan,8,13.55,27.12,2061.39,1783219,0.9,3,0.2,16.94
Khyber Pakhtunkhwa,5,29.7,75.71,4274.88,35199191,0.6,6,0.35,35.09
Sindh,2,21.38,58.63,6957.16,51656434,0.2,8,0.475,49.09
Punjab,6,33.07,66.95,6939.24,117759828,0.3,7,0.425,61.23
Gilgit-Baltistan,10,32.76,104.46,3856.37,1951694,0.9,3,0.2,29.96
Punjab,1,20.63,64.75,3596.82,110198527,0.3,7,0.425,40.6
Sindh,6,34.37,81.74,8633.42,43397101,0.2,8,0.475,69.88
Khyber Pakhtunkhwa,2,31.03,104.39,5399.35,37538798,0.6,6,0.35,50.55
Azad Kashmir,9,57.61,200.17,6111.33,3959739,0.7,4,0.275,59.12
Azad Kashmir,6,8.63,25.61,2438.76,4174844,0.7,4,0.275,28.35
Azad Kashmir,6,16.36,46.91,2404.85,3811811,0.7,4,0.275,30.67
Gilgit-Baltistan,7,159.3,663.87,12074.95,1953872,0.9,3,0.2,100.0
Azad Kashmir,8,155.96,516.88,10623.99,3923930,0.7,4,0.275,100.0
Azad Kashmir,11,20.78,43.93,2890.08,4220759,0.7,4,0.275,31.28
Khyber Pakhtunkhwa,6,17.58,57.73,3667.14,34472043,0.6,6,0.35,35.78
Sindh,10,47.15,148.93,11503.37,44727470,0.2,8,0.475,76.59
KPK,1,25.13,51.92,5052.89,33388799,0.6,6,0.35,43.3
Gilgit-Baltistan,10,35.99,83.84,2121.62,1761507,0.9,3,0.2,26.25
Azad Kashmir,11,20.19,64.46,2656.58,4174633,0.7,4,0.275,25.29
Khyber Pakhtunkhwa,8,226.85,846.1,21535.83,36776602,0.6,6,0.35,100.0
KPK,12,21.54,43.36,4823.36,32130140,0.6,6,0.35,40.99
Balochistan,3,17.37,52.21,3993.2,13490709,0.5,5,0.3,36.51
KPK,7,130.6,470.9,16047.33,33754937,0.6,6,0.35,100.0
Khyber Pakhtunkhwa,5,24.95,58.94,4510.15,32596202,0.6,6,0.35,32.49
Sindh,11,9.47,22.29,3083.95,50082833,0.2,8,0.475,42.31
Balochistan,3,36.6,86.36,3774.15,12993210,0.5,5,0.3,44.4
Punjab,10,17.6,40.22,4457.54,107739398,0.3,7,0.425,42.18
Punjab,8,117.36,423.47,12190.18,111787507,0.3,7,0.425,100.0
Azad Kashmir,2,22.74,48.01,4121.86,3734758,0.7,4,0.275,34.61
Gilgit-Baltistan,5,20.47,57.76,3077.71,1916651,0.9,3,0.2,29.91
Sindh,10,20.31,44.45,5367.4,48691201,0.2,8,0.475,51.51
Gilgit-Baltistan,8,24.02,75.13,3310.1,1934768,0.9,3,0.2,33.92
Gilgit-Baltistan,8,17.31,38.59,2662.25,1899762,0.9,3,0.2,19.41
Punjab,1,42.03,96.69,7827.19,101354721,0.3,7,0.425,70.72
Sindh,11,5.23,13.71,2761.79,43345136,0.2,8,0.475,41.94
Balochistan,8,150.38,523.65,13146.14,12799563,0.5,5,0.3,100.0
Sindh,10,20.96,67.01,5298.77,49595311,0.2,8,0.475,53.3
Sindh,8,124.32,464.15,19915.78,48343777,0.2,8,0.475,100.0
Khyber Pakhtunkhwa,12,23.55,52.56,5538.34,33844104,0.6,6,0.35,39.45
KPK,11,17.94,38.68,4019.37,35170793,0.6,6,0.35,38.05
Khyber Pakhtunkhwa,1,21.35,54.01,5131.4,33372424,0.6,6,0.35,42.81
Khyber Pakhtunkhwa,9,7.89,22.53,3513.81,32251213,0.6,6,0.35,37.24
Azad Kashmir,4,16.98,37.02,2591.47,4392426,0.7,4,0.275,31.53
Balochistan,12,16.35,38.55,2240.72,11337221,0.5,5,0.3,23.28
Sindh,10,44.16,149.82,8767.92,47918987,0.2,8,0.475,75.76
Balochistan,7,122.78,510.02,12155.85,11635991,0.5,5,0.3,100.0
Khyber Pakhtunkhwa,9,28.95,72.78,6227.01,33313127,0.6,6,0.35,49.84
Azad Kashmir,10,31.76,66.09,3414.41,4113851,0.7,4,0.275,29.74
KPK,9,30.67,100.57,3706.5,38521901,0.6,6,0.35,51.0
Azad Kashmir,11,22.99,56.1,2396.29,3766703,0.7,4,0.275,25.39
Azad Kashmir,9,29.67,97.98,3199.07,3751695,0.7,4,0.275,34.69
Azad Kashmir,2,29.83,65.16,3897.81,3848224,0.7,4,0.275,31.04
Gilgit-Baltistan,11,8.61,19.74,1560.04,1645043,0.9,3,0.2,14.61
KPK,6,9.64,33.59,3356.09,36313541,0.6,6,0.35,31.45
Sindh,1,28.9,66.97,6210.29,48392146,0.2,8,0.475,53.19
Balochistan,1,19.87,51.08,3922.65,11681164,0.5,5,0.3,43.99
Punjab,11,27.08,61.65,4738.77,101088600,0.3,7,0.425,45.38
KPK,11,11.72,24.29,3700.81,35732857,0.6,6,0.35,33.15
Balochistan,2,23.46,55.01,3369.59,11491573,0.5,5,0.3,36.87
Sindh,8,161.76,610.3,29187.43,43365938,0.2,8,0.475,100.0
KPK,9,11.11,26.04,3281.38,35557574,0.6,6,0.35,31.18
Azad Kashmir,10,25.39,73.54,4177.97,3958704,0.7,4,0.275,35.98
Punjab,7,229.53,868.1,21967.32,112284681,0.3,7,0.425,100.0
KPK,11,14.35,35.21,3128.72,37247557,0.6,6,0.35,34.55
Punjab,8,380.0,1300.0,36000.0,103474623,0.3,7,0.425,100.0
Azad Kashmir,2,12.65,28.27,2926.2,4079317,0.7,4,0.275,27.77
Sindh,11,9.02,21.27,4028.02,43867475,0.2,8,0.475,42.55
Sindh,12,14.34,39.56,6119.29,44525269,0.2,8,0.475,54.3
Balochistan,1,13.01,42.34,2583.73,11412823,0.5,5,0.3,31.89
Balochistan,5,31.32,86.1,5524.75,11917130,0.5,5,0.3,46.34
Balochistan,6,19.93,50.51,3983.91,11908787,0.5,5,0.3,33.4
Gilgit-Baltistan,4,14.58,34.5,1879.76,1901246,0.9,3,0.2,18.95
Khyber Pakhtunkhwa,11,11.54,36.21,4138.72,34203682,0.6,6,0.35,41.98
Punjab,1,9.76,29.39,3142.81,116042220,0.3,7,0.425,44.14
Punjab,12,65.45,146.56,10093.62,110309906,0.3,7,0.425,76.2
KPK,2,14.65,45.76,3049.11,35119625,0.6,6,0.35,22.88
Khyber Pakhtunkhwa,11,20.53,59.51,3934.51,35259562,0.6,6,0.35,37.07
Khyber Pakhtunkhwa,2,37.87,128.61,4528.78,37165082,0.6,6,0.35,39.81
KPK,5,31.52,74.23,6132.82,37506845,0.6,6,0.35,41.92
Khyber Pakhtunkhwa,4,28.81,68.7,3487.38,34528746,0.6,6,0.35,35.49
KPK,8,153.35,463.82,16874.0,37490884,0.6,6,0.35,100.0
Punjab,10,18.2,52.39,5027.08,104992472,0.3,7,0.425,40.67
KPK,8,180.23,474.16,16818.08,39048359,0.6,6,0.35,100.0
Azad Kashmir,9,14.76,46.37,3120.08,3957341,0.7,4,0.275,27.2
KPK,2,61.91,164.15,9131.23,36449511,0.6,6,0.35,63.71
Punjab,3,12.57,41.45,4507.83,105645773,0.3,7,0.425,47.04
Khyber Pakhtunkhwa,6,34.16,117.75,5545.15,32632602,0.6,6,0.35,42.99
Gilgit-Baltistan,8,34.14,79.34,3360.73,1771386,0.9,3,0.2,33.42
Gilgit-Baltistan,8,22.23,58.33,2081.4,1880266,0.9,3,0.2,19.09
Azad Kashmir,8,187.08,687.96,15380.93,3642297,0.7,4,0.275,100.0
Punjab,5,24.56,70.45,4665.82,118503716,0.3,7,0.425,48.13
Sindh,2,29.7,97.1,5976.5,48360375,0.2,8,0.475,53.9
Khyber Pakhtunkhwa,1,40.45,127.18,4565.35,37782463,0.6,6,0.35,49.21
KPK,7,112.53,328.63,9240.72,35882780,0.6,6,0.35,100.0
KPK,1,8.47,22.02,3374.52,36780631,0.6,6,0.35,32.15
KPK,10,28.61,58.97,4265.7,33024516,0.6,6,0.35,36.3
Punjab,8,181.52,569.25,16555.4,110935898,0.3,7,0.425,100.0
KPK,7,214.88,691.08,15346.86,33596447,0.6,6,0.35,100.0
Sindh,1,36.79,124.26,9634.63,49741450,0.2,8,0.475,69.66
Sindh,10,15.1,50.46,5742.47,47099119,0.2,8,0.475,48.58
Punjab,10,49.5,147.79,7194.83,110671739,0.3,7,0.425,57.98
Gilgit-Baltistan,7,200.64,582.43,10958.17,1946900,0.9,3,0.2,100.0
KPK,9,14.32,30.02,3862.06,37518866,0.6,6,0.35,34.55
KPK,9,24.15,49.16,3893.88,32325440,0.6,6,0.35,30.81
KPK,2,18.78,60.02,2783.81,34916877,0.6,6,0.35,27.04
Balochistan,9,17.75,42.37,2482.0,13162663,0.5,5,0.3,23.32
Sindh,11,25.12,83.67,6147.95,46203249,0.2,8,0.475,57.2
Gilgit-Baltistan,3,24.62,81.27,2623.55,1930527,0.9,3,0.2,20.96
Khyber Pakhtunkhwa,8,181.77,530.86,23127.79,38111097,0.6,6,0.35,100.0
Khyber Pakhtunkhwa,4,23.27,64.43,5663.42,35057168,0.6,6,0.35,46.68
Balochistan,6,16.6,41.8,2827.01,11283100,0.5,5,0.3,30.98
KPK,12,13.66,30.69,3072.81,34949703,0.6,6,0.35,30.28
Sindh,4,32.5,74.71,5719.55,43631607,0.2,8,0.475,45.36
Sindh,4,20.27,60.92,5258.97,43472539,0.2,8,0.475,45.44
Gilgit-Baltistan,3,19.43,62.78,2772.4,1923589,0.9,3,0.2,22.26
Sindh,4,36.15,115.53,5156.2,52203119,0.2,8,0.475,60.0
Sindh,3,13.74,38.48,5009.63,47391545,0.2,8,0.475,49.43
Sindh,1,39.37,101.47,7239.19,47881054,0.2,8,0.475,61.38
Punjab,5,20.27,68.67,5667.68,116209558,0.3,7,0.425,52.54
Balochistan,4,19.21,61.76,3089.7,12577870,0.5,5,0.3,35.16
Punjab,5,16.8,56.27,5542.05,120170161,0.3,7,0.425,46.3
KPK,3,15.99,36.91,4487.15,36005000,0.6,6,0.35,26.72
KPK,11,34.82,110.16,5162.84,33248560,0.6,6,0.35,52.39
Azad Kashmir,7,124.62,455.88,10374.61,4163597,0.7,4,0.275,100.0
Gilgit-Baltistan,5,14.77,38.29,2384.73,1654061,0.9,3,0.2,24.76
KPK,6,9.77,31.78,3079.24,37509338,0.6,6,0.35,27.67
Azad Kashmir,11,8.66,18.41,2947.77,3840323,0.7,4,0.275,23.93
Sindh,6,21.21,51.77,4631.32,47132934,0.2,8,0.475,42.61
KPK,9,25.44,51.2,4081.24,37411923,0.6,6,0.35,39.03
Punjab,8,165.82,518.63,16720.63,112671211,0.3,7,0.425,100.0
Azad Kashmir,4,14.04,48.34,3630.06,4015726,0.7,4,0.275,31.15
Balochistan,11,48.74,140.98,4695.33,11924808,0.5,5,0.3,48.48
Khyber Pakhtunkhwa,10,32.76,77.87,3680.74,34759237,0.6,6,0.35,31.81
Azad Kashmir,6,15.64,48.86,3786.81,3985908,0.7,4,0.275,35.73
Khyber Pakhtunkhwa,1,19.72,52.99,4766.54,33102678,0.6,6,0.35,32.2
KPK,12,30.02,60.59,5737.53,33829855,0.6,6,0.35,45.5
Punjab,2,41.78,121.89,8487.63,115455483,0.3,7,0.425,63.46
KPK,3,9.77,22.8,3828.71,33393291,0.6,6,0.35,34.17
KPK,10,15.11,47.05,3637.81,36284379,0.6,6,0.35,29.99
KPK,4,21.76,72.39,4136.39,36890286,0.6,6,0.35,41.21
Sindh,11,20.36,57.33,5092.61,49542802,0.2,8,0.475,49.82
Khyber Pakhtunkhwa,4,8.49,18.74,2558.16,38065521,0.6,6,0.35,25.27
Gilgit-Baltistan,4,26.94,71.09,3207.22,1946591,0.9,3,0.2,31.65
KPK,1,14.98,35.84,3399.27,37716109,0.6,6,0.35,28.76
Gilgit-Baltistan,7,183.77,474.89,12473.84,1708645,0.9,3,0.2,100.0
Khyber Pakhtunkhwa,6,30.36,62.79,4434.55,35070584,0.6,6,0.35,41.5
Punjab,1,23.32,80.51,5222.36,111565463,0.3,7,0.425,48.86
Punjab,7,221.04,618.08,23965.25,117256518,0.3,7,0.425,100.0
Punjab,5,3.06,6.53,2365.6,101074072,0.3,7,0.425,41.61
Sindh,10,7.21,17.34,4910.37,43407045,0.2,8,0.475,45.8
Punjab,1,27.65,59.78,6672.01,109496662,0.3,7,0.425,53.55
KPK,8,113.32,408.65,10928.05,37339795,0.6,6,0.35,100.0
Azad Kashmir,2,30.49,91.44,4991.0,3815305,0.7,4,0.275,36.98
Balochistan,6,38.82,90.63,5724.83,13351068,0.5,5,0.3,48.48
Azad Kashmir,9,41.36,142.49,6404.76,4331895,0.7,4,0.275,43.91
Balochistan,2,10.87,37.95,2862.61,11879301,0.5,5,0.3,26.48
Sindh,6,7.5,21.68,4381.27,50578515,0.2,8,0.475,44.76
Gilgit-Baltistan,1,21.14,52.96,1771.34,1752091,0.9,3,0.2,21.64
KPK,2,14.43,38.95,4089.27,35805344,0.6,6,0.35,38.99
Sindh,4,26.57,77.87,7489.33,48334854,0.2,8,0.475,52.59
KPK,3,22.93,61.53,3872.87,38785416,0.6,6,0.35,36.94
Gilgit-Baltistan,7,268.71,965.56,20895.73,1858997,0.9,3,0.2,100.0
Gilgit-Baltistan,1,10.06,20.77,1788.12,1920950,0.9,3,0.2,20.67
Gilgit-Baltistan,3,5.12,10.46,1406.9,1924113,0.9,3,0.2,8.12
Azad Kashmir,5,5.11,13.19,1902.95,3807489,0.7,4,0.275,19.75
Khyber Pakhtunkhwa,2,6.61,16.71,2085.1,31956013,0.6,6,0.35,24.85
Azad Kashmir,11,7.13,22.51,1790.95,3825010,0.7,4,0.275,21.68
Sindh,8,146.16,368.82,23694.45,45831030,0.2,8,0.475,100.0
KPK,3,23.57,65.9,3365.61,37921426,0.6,6,0.35,39.03
Gilgit-Baltistan,3,31.58,109.5,3730.53,1922899,0.9,3,0.2,28.1
KPK,7,153.18,625.17,20736.47,33469007,0.6,6,0.35,100.0
Punjab,5,12.81,44.25,4785.16,100434417,0.3,7,0.425,51.89
Punjab,8,151.95,638.83,19174.1,115200318,0.3,7,0.425,100.0
Gilgit-Baltistan,10,23.8,55.68,2660.59,1893687,0.9,3,0.2,18.62
KPK,11,7.22,15.66,2834.17,38218425,0.6,6,0.35,30.18
KPK,2,18.02,36.37,3661.68,35226536,0.6,6,0.35,31.97
Balochistan,3,10.66,24.83,3202.71,11166613,0.5,5,0.3,26.49
Gilgit-Baltistan,1,14.28,34.4,1783.36,1976059,0.9,3,0.2,19.69
Punjab,12,24.28,80.79,5385.9,112000708,0.3,7,0.425,48.7
Khyber Pakhtunkhwa,6,40.45,139.97,5295.65,38002584,0.6,6,0.35,46.37
Azad Kashmir,7,162.35,609.59,14437.92,4397404,0.7,4,0.275,100.0
KPK,10,18.9,49.14,4930.45,38602184,0.6,6,0.35,39.41
Khyber Pakhtunkhwa,1,29.09,92.83,4984.09,34569254,0.6,6,0.35,37.8
Khyber Pakhtunkhwa,8,116.73,371.53,13705.06,35688275,0.6,6,0.35,100.0
KPK,5,14.59,46.06,4075.89,37016308,0.6,6,0.35,47.03
Azad Kashmir,6,37.07,87.8,3852.41,4284374,0.7,4,0.275,40.88
Sindh,12,14.64,32.55,3831.92,49457909,0.2,8,0.475,38.88
Sindh,2,23.37,78.62,7702.22,45994706,0.2,8,0.475,58.1
KPK,4,19.05,48.14,4679.5,33536322,0.6,6,0.35,44.46
Punjab,5,13.22,41.4,4758.77,101296345,0.3,7,0.425,44.38
Punjab,7,129.08,369.85,13017.82,109404674,0.3,7,0.425,100.0
Khyber Pakhtunkhwa,7,173.13,470.52,17077.83,33983817,0.6,6,0.35,100.0
Gilgit-Baltistan,3,7.36,21.78,1254.55,1896618,0.9,3,0.2,15.22
Gilgit-Baltistan,5,45.92,158.0,2533.19,1847470,0.9,3,0.2,35.97
Sindh,6,31.78,88.99,6970.73,47956109,0.2,8,0.475,65.64
Azad Kashmir,9,26.23,62.83,3627.59,3601435,0.7,4,0.275,30.92
Punjab,9,313.24,1162.29,36000.0,117687772,0.3,7,0.425,100.0
Sindh,6,13.96,41.03,4233.4,50877842,0.2,8,0.475,41.09
Sindh,6,42.56,119.07,7962.39,48589109,0.2,8,0.475,61.65
Azad Kashmir,8,129.08,550.65,10163.61,3848569,0.7,4,0.275,100.0
Gilgit-Baltistan,2,29.82,85.29,3525.53,1653826,0.9,3,0.2,34.39
Khyber Pakhtunkhwa,1,13.65,35.53,3182.92,35083192,0.6,6,0.35,35.62
Punjab,5,46.44,152.82,9708.63,103305279,0.3,7,0.425,65.15
Sindh,2,23.3,68.84,6694.46,48905609,0.2,8,0.475,58.96
Punjab,6,7.79,21.01,2693.14,117655036,0.3,7,0.425,40.09
Balochistan,7,248.57,766.21,16825.09,13336014,0.5,5,0.3,100.0
KPK,2,25.38,81.11,3768.66,33996808,0.6,6,0.35,37.14
Khyber Pakhtunkhwa,1,17.3,54.42,2836.39,34033866,0.6,6,0.35,27.5
Khyber Pakhtunkhwa,6,12.3,34.44,2801.73,34241140,0.6,6,0.35,32.35
Khyber Pakhtunkhwa,10,20.59,67.89,4110.24,36888029,0.6,6,0.35,30.79
Sindh,7,79.94,228.76,15787.67,50107520,0.2,8,0.475,100.0
Balochistan,10,17.36,38.58,3061.72,12503683,0.5,5,0.3,30.99
KPK,9,28.99,68.19,5348.07,36223332,0.6,6,0.35,45.4
Khyber Pakhtunkhwa,11,10.92,21.94,4011.8,37089810,0.6,6,0.35,31.53
KPK,12,18.4,60.4,4435.54,32414449,0.6,6,0.35,34.81
Azad Kashmir,1,20.92,42.27,3960.19,3630271,0.7,4,0.275,23.9
Balochistan,8,166.61,575.19,18268.45,12050874,0.5,5,0.3,100.0
Gilgit-Baltistan,3,43.12,96.67,3557.61,1780301,0.9,3,0.2,28.79
KPK,5,38.82,78.76,4974.11,33513337,0.6,6,0.35,47.56
Khyber Pakhtunkhwa,12,13.39,29.26,2347.01,36811640,0.6,6,0.35,28.52
Azad Kashmir,1,13.57,32.01,2663.81,3887141,0.7,4,0.275,21.51
Punjab,3,18.18,60.44,3296.28,120842819,0.3,7,0.425,41.63
Punjab,4,25.32,54.5,6900.45,116797785,0.3,7,0.425,49.43
Balochistan,8,226.52,908.22,20242.7,12956731,0.5,5,0.3,100.0
Azad Kashmir,8,168.67,530.34,14273.7,3890348,0.7,4,0.275,100.0
Khyber Pakhtunkhwa,3,23.23,49.54,3609.62,38562387,0.6,6,0.35,37.72
Sindh,8,187.53,716.8,33103.78,47873593,0.2,8,0.475,100.0
KPK,10,41.41,120.98,5300.82,36815871,0.6,6,0.35,53.03
KPK,9,54.3,143.87,4932.57,38332937,0.6,6,0.35,50.12
Punjab,1,10.12,31.0,4065.31,99945453,0.3,7,0.425,34.42
KPK,8,85.89,303.3,11525.06,37120883,0.6,6,0.35,99.5
Punjab,10,24.26,67.9,5774.48,118402641,0.3,7,0.425,45.24
Punjab,2,20.28,49.76,5411.86,108045815,0.3,7,0.425,45.93
Sindh,5,27.93,62.07,5439.42,46920364,0.2,8,0.475,59.82
Punjab,6,23.92,63.36,4476.4,117022088,0.3,7,0.425,47.67
Gilgit-Baltistan,1,31.09,64.87,2516.33,1893169,0.9,3,0.2,32.31
KPK,1,22.62,77.69,5002.85,34607485,0.6,6,0.35,36.73
Khyber Pakhtunkhwa,1,10.23,30.1,3303.8,36361561,0.6,6,0.35,34.47
Balochistan,2,7.06,16.65,2155.62,13016620,0.5,5,0.3,28.95
Gilgit-Baltistan,6,90.56,365.9,7272.36,1956097,0.9,3,0.2,83.24
Gilgit-Baltistan,2,18.8,43.79,2346.86,1754759,0.9,3,0.2,21.64
Gilgit-Baltistan,1,25.16,50.51,2012.49,1620482,0.9,3,0.2,15.53
Khyber Pakhtunkhwa,7,164.42,638.52,19833.0,37428020,0.6,6,0.35,100.0
Punjab,7,183.1,473.31,25814.67,119712376,0.3,7,0.425,100.0
Gilgit-Baltistan,10,20.03,46.44,2304.62,1737671,0.9,3,0.2,19.86
KPK,10,49.93,112.13,6264.37,36536025,0.6,6,0.35,47.97
KPK,12,35.54,83.7,4064.21,33114327,0.6,6,0.35,46.51
Punjab,2,17.47,51.13,3502.04,111102143,0.3,7,0.425,37.29
Balochistan,6,18.07,59.25,3015.07,12244604,0.5,5,0.3,34.43
Sindh,12,19.33,43.0,6352.65,49150878,0.2,8,0.475,51.84
Gilgit-Baltistan,4,21.0,64.48,2152.87,1620516,0.9,3,0.2,32.31
Punjab,1,25.15,81.62,6832.4,120727432,0.3,7,0.425,52.04
Sindh,2,12.18,34.87,3770.84,44251221,0.2,8,0.475,37.2
Punjab,10,28.37,56.89,3715.27,111426798,0.3,7,0.425,47.97
Khyber Pakhtunkhwa,4,33.94,110.45,5098.79,36394479,0.6,6,0.35,54.29
KPK,5,39.73,91.14,5337.62,34946949,0.6,6,0.35,49.97
Punjab,4,33.73,79.22,5080.78,99648948,0.3,7,0.425,52.79
Sindh,3,22.22,67.66,4735.19,46297314,0.2,8,0.475,48.57
Azad Kashmir,9,24.34,59.18,2815.41,4186523,0.7,4,0.275,33.42
KPK,2,5.59,16.67,2902.69,33952090,0.6,6,0.35,22.31
KPK,10,8.68,22.88,2131.81,33160914,0.6,6,0.35,24.56
KPK,2,38.43,110.17,7252.75,37981042,0.6,6,0.35,59.33
KPK,8,220.98,905.94,23079.76,38569798,0.6,6,0.35,100.0
Gilgit-Baltistan,10,15.96,37.35,1965.99,1941109,0.9,3,0.2,18.79
Khyber Pakhtunkhwa,5,29.93,73.32,4679.71,34372362,0.6,6,0.35,35.53
Punjab,4,30.52,83.74,7618.47,102658504,0.3,7,0.425,57.25
Balochistan,5,12.1,24.48,3347.75,11506385,0.5,5,0.3,32.03
Gilgit-Baltistan,9,12.28,30.47,1456.44,1899773,0.9,3,0.2,11.93
Khyber Pakhtunkhwa,11,23.46,70.85,4373.86,35038401,0.6,6,0.35,41.37
Balochistan,9,30.31,82.74,4133.38,13123600,0.5,5,0.3,38.71
Azad Kashmir,4,19.58,41.72,3638.36,4058660,0.7,4,0.275,29.99
Balochistan,9,13.11,37.57,2392.91,13035696,0.5,5,0.3,34.4
Gilgit-Baltistan,9,23.43,72.33,1716.79,1967372,0.9,3,0.2,20.01
Khyber Pakhtunkhwa,9,14.0,41.02,2598.69,34246352,0.6,6,0.35,26.6
Sindh,4,25.48,82.63,6674.95,46554025,0.2,8,0.475,57.33
Khyber Pakhtunkhwa,3,16.47,36.41,2537.67,32345683,0.6,6,0.35,28.5
Khyber Pakhtunkhwa,3,12.15,36.92,2997.3,37450927,0.6,6,0.35,40.35
KPK,3,25.32,66.65,5377.3,36671454,0.6,6,0.35,44.82
Sindh,5,18.2,47.16,4695.05,49847242,0.2,8,0.475,47.88
KPK,4,22.37,56.32,3536.3,32092790,0.6,6,0.35,33.1
KPK,9,8.39,20.56,2504.0,36873293,0.6,6,0.35,23.58
Khyber Pakhtunkhwa,10,23.3,72.7,3976.24,35992388,0.6,6,0.35,40.09
Balochistan,12,9.96,31.72,2111.16,11357885,0.5,5,0.3,27.21
Khyber Pakhtunkhwa,11,18.15,38.73,2896.36,38448021,0.6,6,0.35,23.1
Gilgit-Baltistan,6,134.04,514.82,6874.86,1643372,0.9,3,0.2,93.28
Sindh,9,110.24,319.96,17262.42,49858851,0.2,8,0.475,100.0
Sindh,4,37.87,125.91,9374.11,50147430,0.2,8,0.475,68.02
Balochistan,11,29.8,76.69,4467.23,13254169,0.5,5,0.3,38.61
Khyber Pakhtunkhwa,5,12.61,42.92,3581.62,32725227,0.6,6,0.35,34.97
Punjab,10,22.68,59.85,5453.86,110379394,0.3,7,0.425,47.56
Sindh,11,18.84,51.0,3741.5,44987260,0.2,8,0.475,45.77
Punjab,11,5.85,18.72,4145.3,105082740,0.3,7,0.425,35.8
Khyber Pakhtunkhwa,1,11.87,27.76,3339.2,38876011,0.6,6,0.35,30.04
Azad Kashmir,5,24.96,73.25,2684.51,4335567,0.7,4,0.275,38.13
Punjab,4,29.44,100.49,6456.06,103370232,0.3,7,0.425,50.28
Azad Kashmir,3,56.19,155.27,5361.67,3794342,0.7,4,0.275,51.72
Khyber Pakhtunkhwa,8,83.69,311.04,12265.71,32048204,0.6,6,0.35,96.5
Azad Kashmir,6,7.32,23.0,2553.21,4256915,0.7,4,0.275,24.1
Azad Kashmir,6,19.82,63.27,2650.14,4103001,0.7,4,0.275,28.78
Balochistan,1,38.77,121.81,4810.25,12442043,0.5,5,0.3,42.66
Sindh,9,285.33,1116.76,36000.0,45826172,0.2,8,0.475,100.0
Khyber Pakhtunkhwa,5,21.1,71.79,4175.57,35077742,0.6,6,0.35,35.15
KPK,12,18.31,52.85,4248.4,38177807,0.6,6,0.35,38.52
Khyber Pakhtunkhwa,2,16.83,36.29,2521.52,38817744,0.6,6,0.35,31.38
Gilgit-Baltistan,4,11.5,31.22,1351.14,1904726,0.9,3,0.2,11.12
Azad Kashmir,5,19.29,43.01,3181.06,3937929,0.7,4,0.275,33.01
Khyber Pakhtunkhwa,3,43.8,93.12,7531.8,34959943,0.6,6,0.35,50.34
KPK,6,9.46,27.36,3623.86,36217205,0.6,6,0.35,29.67
Sindh,10,35.21,96.92,8802.75,47496865,0.2,8,0.475,65.28
Balochistan,4,25.99,64.59,3487.64,12338466,0.5,5,0.3,35.23
Punjab,11,11.91,39.88,3262.77,113787977,0.3,7,0.425,33.68
Khyber Pakhtunkhwa,4,17.49,52.8,5012.01,33993738,0.6,6,0.35,41.53
Azad Kashmir,7,110.32,450.45,13393.96,4107157,0.7,4,0.275,100.0
Gilgit-Baltistan,1,28.23,96.71,2842.1,1906006,0.9,3,0.2,24.18
Balochistan,3,17.85,43.23,3139.81,13087624,0.5,5,0.3,28.31
Balochistan,10,23.84,54.0,2493.06,11239878,0.5,5,0.3,33.38
Azad Kashmir,8,112.79,415.15,13300.68,4386581,0.7,4,0.275,100.0
Azad Kashmir,7,327.26,1300.0,27949.75,4397166,0.7,4,0.275,100.0
Khyber Pakhtunkhwa,11,4.13,10.94,2907.15,36232662,0.6,6,0.35,23.18
Balochistan,10,33.5,74.05,4618.95,11179564,0.5,5,0.3,47.19
Khyber Pakhtunkhwa,10,37.64,86.14,6973.56,35709428,0.6,6,0.35,49.56
Punjab,9,113.03,397.93,16379.06,118595191,0.3,7,0.425,100.0
Balochistan,12,37.71,98.24,3789.62,12574055,0.5,5,0.3,40.46
Balochistan,7,144.37,392.99,9966.6,13505837,0.5,5,0.3,100.0
Balochistan,6,3.41,7.39,2675.35,11330533,0.5,5,0.3,27.01
Balochistan,3,4.26,8.81,2721.69,12028263,0.5,5,0.3,32.43
Khyber Pakhtunkhwa,5,24.26,62.83,4669.68,36745665,0.6,6,0.35,39.58
Azad Kashmir,7,79.63,339.3,10122.53,3843710,0.7,4,0.275,83.97
Sindh,10,1.79,5.95,2795.91,51467337,0.2,8,0.475,33.79
Khyber Pakhtunkhwa,7,229.71,790.0,21250.12,34152352,0.6,6,0.35,100.0
Balochistan,8,176.71,753.55,15133.74,12474965,0.5,5,0.3,100.0
Khyber Pakhtunkhwa,8,79.9,275.67,10287.59,38275252,0.6,6,0.35,86.62
Balochistan,3,31.85,68.33,3967.56,12536333,0.5,5,0.3,36.91
Punjab,4,20.12,60.12,6194.63,106046518,0.3,7,0.425,51.3
Khyber Pakhtunkhwa,4,32.26,86.15,3709.19,38307048,0.6,6,0.35,37.96
Azad Kashmir,7,141.87,390.46,9011.39,3715850,0.7,4,0.275,100.0
KPK,9,13.43,33.26,2597.95,32394148,0.6,6,0.35,23.16
Azad Kashmir,9,25.25,66.19,2997.76,3806334,0.7,4,0.275,35.04
Khyber Pakhtunkhwa,9,53.48,184.57,8839.08,36756378,0.6,6,0.35,62.05
Punjab,10,14.87,31.35,5069.01,109218306,0.3,7,0.425,39.42
Azad Kashmir,6,41.96,102.8,5658.63,4355237,0.7,4,0.275,44.81
Sindh,6,24.73,66.56,5296.85,48966748,0.2,8,0.475,47.41
Punjab,12,28.4,69.87,6610.8,110134264,0.3,7,0.425,56.96
Azad Kashmir,12,8.05,17.79,2454.92,4199137,0.7,4,0.275,25.4
KPK,5,19.79,43.82,3540.09,32054004,0.6,6,0.35,39.66
Azad Kashmir,11,20.19,59.37,3851.8,3978693,0.7,4,0.275,27.49
KPK,4,21.16,54.8,4278.16,32830306,0.6,6,0.35,35.09
KPK,5,14.36,49.65,3169.99,32707858,0.6,6,0.35,27.57
Balochistan,1,44.51,138.64,7018.02,11413810,0.5,5,0.3,54.02
Sindh,5,26.05,60.52,5827.96,47463964,0.2,8,0.475,54.84
Khyber Pakhtunkhwa,1,18.99,60.55,3470.43,32754395,0.6,6,0.35,42.47
Gilgit-Baltistan,9,30.93,104.62,2392.49,1623829,0.9,3,0.2,29.05
Sindh,3,23.27,64.85,6452.98,49140810,0.2,8,0.475,58.67
Balochistan,7,231.08,798.01,20052.53,12190382,0.5,5,0.3,100.0
KPK,1,5.22,16.39,3198.44,36057497,0.6,6,0.35,25.8
Khyber Pakhtunkhwa,9,41.24,140.64,7468.12,33807899,0.6,6,0.35,57.83
Azad Kashmir,4,28.06,76.32,3958.55,3753010,0.7,4,0.275,41.48
Azad Kashmir,6,33.0,111.86,5327.81,3735733,0.7,4,0.275,38.68
Punjab,2,17.03,56.76,5673.59,109414579,0.3,7,0.425,51.79
KPK,7,141.99,615.37,11671.43,33349722,0.6,6,0.35,100.0
Punjab,3,7.7,26.77,2991.65,117582002,0.3,7,0.425,35.97
Balochistan,7,255.41,963.4,19004.09,13004905,0.5,5,0.3,100.0
Sindh,8,239.66,816.97,36000.0,48364922,0.2,8,0.475,100.0
Sindh,6,14.05,33.2,3817.67,43133696,0.2,8,0.475,47.68
KPK,11,14.52,44.69,4226.97,37169319,0.6,6,0.35,40.62
Azad Kashmir,10,8.44,17.21,2017.03,4182391,0.7,4,0.275,18.22
Khyber Pakhtunkhwa,9,10.53,35.33,2724.12,33533750,0.6,6,0.35,29.57
Punjab,4,9.61,30.85,2863.11,100614912,0.3,7,0.425,33.24
Khyber Pakhtunkhwa,7,203.77,860.24,30923.24,36710204,0.6,6,0.35,100.0
Azad Kashmir,5,27.58,94.73,3198.69,3840220,0.7,4,0.275,30.72
Sindh,12,13.92,38.35,3924.28,44721712,0.2,8,0.475,47.16
KPK,4,18.81,50.85,5061.91,32870154,0.6,6,0.35,42.28
Punjab,6,5.63,15.58,4187.52,109336490,0.3,7,0.425,42.23
Punjab,10,48.49,138.22,6194.72,115618729,0.3,7,0.425,59.83
Sindh,12,29.91,82.31,7463.85,50248730,0.2,8,0.475,57.04
Azad Kashmir,8,160.69,485.55,12640.29,3916226,0.7,4,0.275,100.0
KPK,5,26.82,85.27,4752.96,32178186,0.6,6,0.35,42.29
Sindh,4,25.63,68.94,4986.53,52026791,0.2,8,0.475,51.35
Khyber Pakhtunkhwa,8,150.75,428.56,10841.7,33028029,0.6,6,0.35,100.0
KPK,9,22.0,44.58,3130.86,35506452,0.6,6,0.35,35.01
Gilgit-Baltistan,1,3.34,11.61,1582.7,1875209,0.9,3,0.2,16.81
Punjab,12,35.89,111.19,7832.68,100912487,0.3,7,0.425,62.56
Khyber Pakhtunkhwa,10,32.36,90.44,4938.78,37462748,0.6,6,0.35,39.03
Khyber Pakhtunkhwa,3,15.21,49.97,4169.73,34468421,0.6,6,0.35,38.55
Khyber Pakhtunkhwa,1,31.67,79.84,5215.13,36048204,0.6,6,0.35,42.34
Azad Kashmir,5,16.62,53.52,3793.26,3718942,0.7,4,0.275,35.17
Gilgit-Baltistan,9,29.82,96.79,3662.09,1693906,0.9,3,0.2,37.9
Khyber Pakhtunkhwa,4,23.47,50.71,4684.65,36544120,0.6,6,0.35,40.97
Gilgit-Baltistan,4,18.23,61.36,2285.57,1620369,0.9,3,0.2,21.7
KPK,6,4.5,10.08,2722.98,37413833,0.6,6,0.35,27.94
Sindh,1,32.25,74.39,4786.7,46610415,0.2,8,0.475,53.99
Azad Kashmir,2,22.14,70.75,2589.17,4250417,0.7,4,0.275,30.24
Sindh,5,20.22,45.71,4473.53,46674524,0.2,8,0.475,46.69
Azad Kashmir,1,31.16,65.49,4709.77,3853772,0.7,4,0.275,36.09
Punjab,5,16.29,52.2,5592.72,110964265,0.3,7,0.425,48.34
Balochistan,10,13.25,34.12,2069.28,12517515,0.5,5,0.3,30.3
Azad Kashmir,10,28.17,82.95,4623.47,3812877,0.7,4,0.275,34.97
Khyber Pakhtunkhwa,4,13.85,28.75,2650.61,34071326,0.6,6,0.35,27.03
Sindh,9,114.6,451.8,21436.13,52545563,0.2,8,0.475,100.0
Gilgit-Baltistan,4,10.0,32.32,1942.6,1822548,0.9,3,0.2,14.55
Punjab,9,195.66,588.18,32525.73,119056594,0.3,7,0.425,100.0
Azad Kashmir,9,32.4,94.01,4283.19,4270257,0.7,4,0.275,36.28
Khyber Pakhtunkhwa,11,32.91,93.77,5966.76,38812267,0.6,6,0.35,46.49
Sindh,4,14.56,46.72,3399.95,46372439,0.2,8,0.475,49.68
Sindh,10,16.56,52.78,4253.87,49980262,0.2,8,0.475,47.98
Punjab,10,9.32,26.42,2578.59,103122591,0.3,7,0.425,35.41
Punjab,9,81.7,313.9,9185.95,118074167,0.3,7,0.425,97.37
Azad Kashmir,2,35.02,108.68,3227.28,4170241,0.7,4,0.275,36.13
Gilgit-Baltistan,6,107.89,448.54,6333.18,1706269,0.9,3,0.2,91.64
Gilgit-Baltistan,10,16.42,49.16,2034.68,1621453,0.9,3,0.2,26.64
Balochistan,9,18.78,61.43,2375.55,11930742,0.5,5,0.3,24.76
Balochistan,10,34.61,108.03,5849.09,11396427,0.5,5,0.3,44.92
Balochistan,10,18.37,37.31,2328.13,12605920,0.5,5,0.3,28.93
KPK,9,37.5,117.12,5444.96,36639235,0.6,6,0.35,49.35
Balochistan,3,43.1,88.6,4071.55,11859302,0.5,5,0.3,45.49
KPK,12,18.24,38.24,3764.16,32688892,0.6,6,0.35,32.2
Azad Kashmir,5,5.96,16.28,2706.2,3718728,0.7,4,0.275,16.33
Sindh,11,15.75,51.52,3590.26,50888436,0.2,8,0.475,43.3
KPK,1,22.08,63.89,2804.99,33743202,0.6,6,0.35,32.45
Sindh,2,20.01,57.72,4474.31,45741830,0.2,8,0.475,52.39
Khyber Pakhtunkhwa,3,19.18,67.14,3962.41,36134230,0.6,6,0.35,39.82
Gilgit-Baltistan,6,83.48,255.68,7501.05,1667753,0.9,3,0.2,72.75
Balochistan,5,30.33,98.82,5781.82,12310236,0.5,5,0.3,50.79
Azad Kashmir,9,13.91,31.01,2479.21,3966188,0.7,4,0.275,23.45
Sindh,3,14.22,37.92,3141.97,44593147,0.2,8,0.475,42.81
Gilgit-Baltistan,8,7.15,24.71,2077.45,1920545,0.9,3,0.2,18.26
KPK,7,123.71,466.55,13929.4,38394699,0.6,6,0.35,100.0
Gilgit-Baltistan,1,27.09,73.76,1838.99,1924412,0.9,3,0.2,26.91
Sindh,9,193.41,541.39,23620.21,47558379,0.2,8,0.475,100.0
Punjab,10,17.46,56.22,4709.11,103453119,0.3,7,0.425,46.71
Punjab,4,45.09,139.88,9303.3,116925750,0.3,7,0.425,70.74
Balochistan,8,108.41,289.18,7939.14,12292577,0.5,5,0.3,95.14
Punjab,10,29.05,68.37,7481.29,112954705,0.3,7,0.425,61.51
Khyber Pakhtunkhwa,3,23.55,58.68,4846.92,35074459,0.6,6,0.35,39.62
Balochistan,8,175.98,605.06,20658.53,13441464,0.5,5,0.3,100.0
KPK,1,53.42,153.0,5410.99,36462348,0.6,6,0.35,51.42
KPK,3,31.04,96.12,4468.39,33675538,0.6,6,0.35,41.7
KPK,12,53.03,154.83,8846.47,38114212,0.6,6,0.35,63.76
Balochistan,6,14.33,39.64,3534.13,11299840,0.5,5,0.3,34.3
Gilgit-Baltistan,9,20.85,49.78,1528.7,1954295,0.9,3,0.2,20.22
Khyber Pakhtunkhwa,12,8.44,24.41,3469.3,38709832,0.6,6,0.35,29.05
Balochistan,4,57.51,151.28,5537.76,13513145,0.5,5,0.3,51.06
Gilgit-Baltistan,8,31.13,76.76,2536.94,1756406,0.9,3,0.2,26.82
Khyber Pakhtunkhwa,6,13.47,38.96,2418.69,33285226,0.6,6,0.35,33.14
Azad Kashmir,12,11.63,40.21,3104.12,4212741,0.7,4,0.275,24.57
Balochistan,12,25.04,55.29,4456.16,12326245,0.5,5,0.3,44.43
Gilgit-Baltistan,2,11.03,38.15,1357.25,1802420,0.9,3,0.2,19.45
Punjab,12,20.69,46.04,4349.8,100649413,0.3,7,0.425,42.42
Khyber Pakhtunkhwa,12,25.12,64.55,5231.73,36122011,0.6,6,0.35,44.47
Gilgit-Baltistan,4,55.46,149.8,3851.7,1651886,0.9,3,0.2,43.1
Balochistan,7,303.9,1300.0,36000.0,12918262,0.5,5,0.3,100.0
Punjab,11,47.0,98.21,6942.47,117289954,0.3,7,0.425,61.5
Azad Kashmir,2,16.32,33.85,2261.18,4273539,0.7,4,0.275,21.43
Gilgit-Baltistan,10,29.08,64.51,3523.92,1854274,0.9,3,0.2,26.49
Sindh,11,42.97,107.77,8956.39,50540801,0.2,8,0.475,68.53
Sindh,8,281.24,1220.91,32783.36,52391921,0.2,8,0.475,100.0
Punjab,9,141.44,430.14,16279.88,119905965,0.3,7,0.425,100.0
Punjab,11,22.69,50.46,4757.11,102279829,0.3,7,0.425,46.52
KPK,9,26.0,89.77,4637.37,36866126,0.6,6,0.35,43.41
KPK,3,12.02,27.86,3694.02,38605089,0.6,6,0.35,26.24
Gilgit-Baltistan,10,7.78,18.19,1546.26,1882447,0.9,3,0.2,6.74
Punjab,8,253.48,858.1,33827.62,111951693,0.3,7,0.425,100.0
Sindh,11,27.06,91.9,5508.42,44245354,0.2,8,0.475,51.96
Khyber Pakhtunkhwa,4,20.62,61.52,4049.57,33626040,0.6,6,0.35,38.52
Azad Kashmir,3,24.81,63.62,2652.77,4242873,0.7,4,0.275,36.41
Balochistan,8,91.84,344.39,11777.23,12694215,0.5,5,0.3,100.0
Punjab,6,48.13,148.38,10505.71,110919181,0.3,7,0.425,76.46
Gilgit-Baltistan,7,218.31,857.12,13778.49,1700881,0.9,3,0.2,100.0
Azad Kashmir,11,12.78,27.97,2976.27,3928574,0.7,4,0.275,28.12
Punjab,4,19.59,57.04,6432.4,108551579,0.3,7,0.425,46.39
Azad Kashmir,6,22.04,76.22,3482.47,4084208,0.7,4,0.275,28.51
KPK,3,62.26,132.65,8559.85,32075204,0.6,6,0.35,64.57
KPK,10,33.77,76.1,4641.14,32470546,0.6,6,0.35,35.6
Balochistan,3,20.83,62.22,3888.85,12436237,0.5,5,0.3,40.63
Azad Kashmir,8,139.32,351.38,7578.99,3619207,0.7,4,0.275,95.73
Balochistan,10,21.1,68.04,3892.36,11889939,0.5,5,0.3,41.43
Gilgit-Baltistan,2,9.97,26.74,1399.63,1676603,0.9,3,0.2,22.43
Khyber Pakhtunkhwa,10,22.61,51.45,4331.31,32388719,0.6,6,0.35,39.91
Balochistan,5,21.86,73.45,2689.84,12692342,0.5,5,0.3,29.66
Khyber Pakhtunkhwa,1,33.83,111.91,4664.97,36256187,0.6,6,0.35,47.7
Balochistan,12,43.43,129.3,6550.39,11899175,0.5,5,0.3,60.55
KPK,4,48.21,138.01,8072.09,37856857,0.6,6,0.35,57.95
KPK,8,132.21,575.41,18034.29,37841241,0.6,6,0.35,100.0
Gilgit-Baltistan,2,12.42,31.77,1393.45,1703074,0.9,3,0.2,19.79
Sindh,8,52.14,214.81,13716.95,49421093,0.2,8,0.475,100.0
KPK,2,16.1,47.31,3959.62,37550185,0.6,6,0.35,34.64
Sindh,7,157.1,665.58,33040.96,44898150,0.2,8,0.475,100.0
Azad Kashmir,6,30.47,63.07,2651.11,3938972,0.7,4,0.275,29.55
Khyber Pakhtunkhwa,1,36.68,88.87,5657.95,38811039,0.6,6,0.35,41.55
Azad Kashmir,8,177.16,715.49,13127.62,4028333,0.7,4,0.275,100.0
Balochistan,8,166.4,423.53,18046.7,12125453,0.5,5,0.3,100.0
KPK,5,18.88,42.75,3691.1,37792650,0.6,6,0.35,35.65
Balochistan,6,17.68,51.02,3607.06,13278495,0.5,5,0.3,29.2
Azad Kashmir,1,30.1,72.55,3501.27,3976473,0.7,4,0.275,33.77
KPK,12,5.42,18.54,2266.55,35265801,0.6,6,0.35,23.98
Gilgit-Baltistan,12,24.09,74.25,3258.39,1797421,0.9,3,0.2,28.47
Azad Kashmir,10,28.23,60.86,4607.02,3741341,0.7,4,0.275,27.19
Khyber Pakhtunkhwa,12,4.88,12.33,2005.06,32844711,0.6,6,0.35,27.71
Sindh,3,28.74,70.18,7510.33,44035804,0.2,8,0.475,68.25
Punjab,5,14.33,38.04,4635.38,112051039,0.3,7,0.425,40.5
Gilgit-Baltistan,4,34.07,85.9,2733.81,1957423,0.9,3,0.2,22.26
Punjab,5,31.64,100.28,5971.48,111599901,0.3,7,0.425,47.9
Sindh,2,18.75,44.76,5334.64,45099780,0.2,8,0.475,50.59
Khyber Pakhtunkhwa,5,25.4,80.53,3789.67,32864886,0.6,6,0.35,42.5
Sindh,4,12.67,35.02,3079.57,49930920,0.2,8,0.475,39.4
Gilgit-Baltistan,1,24.52,66.26,2240.46,1789894,0.9,3,0.2,22.64
Sindh,8,305.91,905.19,36000.0,51088363,0.2,8,0.475,100.0
Gilgit-Baltistan,12,40.0,94.99,4123.77,1801463,0.9,3,0.2,36.69
Khyber Pakhtunkhwa,11,24.14,63.95,5430.69,35247886,0.6,6,0.35,42.92
Azad Kashmir,11,19.93,43.25,2236.1,4282720,0.7,4,0.275,27.53
Khyber Pakhtunkhwa,1,20.49,45.03,4640.57,38271932,0.6,6,0.35,43.17
Gilgit-Baltistan,6,182.76,819.79,13551.86,1806036,0.9,3,0.2,100.0
Punjab,11,22.64,72.75,6771.15,107569660,0.3,7,0.425,54.33
Khyber Pakhtunkhwa,3,16.04,39.71,3326.89,34200225,0.6,6,0.35,33.27
Balochistan,2,27.53,60.75,3124.99,12644325,0.5,5,0.3,34.16
Sindh,7,97.63,325.98,18369.8,45478049,0.2,8,0.475,100.0
Azad Kashmir,1,4.9,15.51,1578.87,3885930,0.7,4,0.275,20.14
Khyber Pakhtunkhwa,1,29.2,70.63,5669.99,33877799,0.6,6,0.35,41.33
Balochistan,10,28.5,84.78,5099.73,11523356,0.5,5,0.3,39.38
Gilgit-Baltistan,9,17.86,37.6,2571.29,1723243,0.9,3,0.2,26.82
Azad Kashmir,12,9.87,20.61,3024.95,4352087,0.7,4,0.275,20.15
Sindh,6,11.22,32.14,3822.88,45741396,0.2,8,0.475,46.13
Azad Kashmir,7,196.46,539.22,15202.47,3844406,0.7,4,0.275,100.0
Sindh,12,52.23,124.86,10639.58,47307101,0.2,8,0.475,80.44
Khyber Pakhtunkhwa,8,146.61,410.48,10455.68,38696071,0.6,6,0.35,100.0
Punjab,11,25.16,67.75,5778.56,100372369,0.3,7,0.425,52.24
KPK,8,179.43,503.05,19358.43,34553957,0.6,6,0.35,100.0
Punjab,8,184.73,587.32,28050.39,117282815,0.3,7,0.425,100.0
Azad Kashmir,5,20.17,47.07,2917.21,3654566,0.7,4,0.275,28.29
Sindh,9,128.48,324.18,13958.38,51950491,0.2,8,0.475,100.0
Azad Kashmir,4,15.67,45.37,2513.82,3891403,0.7,4,0.275,33.59
Khyber Pakhtunkhwa,2,16.8,46.53,4625.88,37151188,0.6,6,0.35,36.26
Gilgit-Baltistan,7,127.74,439.93,10119.47,1767624,0.9,3,0.2,100.0
Sindh,12,11.77,29.44,5310.29,50368825,0.2,8,0.475,53.36
Khyber Pakhtunkhwa,3,27.52,65.19,5917.97,38087479,0.6,6,0.35,42.06
Azad Kashmir,10,17.31,54.69,2292.02,3974253,0.7,4,0.275,26.88
Gilgit-Baltistan,10,15.99,36.33,2153.71,1846298,0.9,3,0.2,10.9
Azad Kashmir,1,15.24,44.05,2318.0,3609175,0.7,4,0.275,27.06
Sindh,2,23.96,73.67,4605.59,43839707,0.2,8,0.475,50.99
Punjab,9,192.48,664.65,21220.97,109590632,0.3,7,0.425,100.0
Balochistan,7,127.17,509.11,11510.63,12561512,0.5,5,0.3,100.0
Khyber Pakhtunkhwa,12,21.92,65.7,3358.02,34733063,0.6,6,0.35,43.73
Azad Kashmir,2,24.19,83.5,3149.4,4229280,0.7,4,0.275,33.15
KPK,8,132.34,555.48,15028.49,37342328,0.6,6,0.35,100.0
Balochistan,8,168.38,692.96,22014.61,11975538,0.5,5,0.3,100.0
Khyber Pakhtunkhwa,1,20.68,50.55,3998.73,32396556,0.6,6,0.35,35.11
Balochistan,9,48.07,136.08,5459.91,12163490,0.5,5,0.3,50.83
Khyber Pakhtunkhwa,3,9.39,29.88,2917.58,34525216,0.6,6,0.35,30.45
Sindh,11,30.1,93.62,4857.45,50456621,0.2,8,0.475,57.26
Khyber Pakhtunkhwa,6,12.52,41.8,3116.0,35834730,0.6,6,0.35,31.29
Punjab,9,93.7,395.24,13130.35,105310345,0.3,7,0.425,100.0
Punjab,4,16.07,32.89,4169.74,115337862,0.3,7,0.425,37.07
Balochistan,6,19.55,45.26,3080.7,11094704,0.5,5,0.3,28.9
Khyber Pakhtunkhwa,11,13.23,36.72,4435.28,32870527,0.6,6,0.35,38.48
Balochistan,7,205.55,640.53,15387.36,13144397,0.5,5,0.3,100.0
Sindh,4,31.85,103.76,5720.47,46867879,0.2,8,0.475,64.06
KPK,8,133.81,591.55,17418.08,32631380,0.6,6,0.35,100.0
Sindh,7,117.34,361.23,23302.36,48704323,0.2,8,0.475,100.0
Khyber Pakhtunkhwa,2,14.82,41.64,3777.38,37117007,0.6,6,0.35,26.44
Sindh,9,206.56,690.72,26899.87,49050824,0.2,8,0.475,100.0
Sindh,7,181.38,543.44,23360.49,44824008,0.2,8,0.475,100.0
Sindh,11,17.89,51.32,4596.09,49256228,0.2,8,0.475,47.38
Punjab,1,16.35,44.79,3238.95,101229022,0.3,7,0.425,36.4
Balochistan,5,50.16,104.22,5434.41,11956390,0.5,5,0.3,51.94
Balochistan,10,29.84,88.33,3755.71,13234738,0.5,5,0.3,39.47
Sindh,9,254.17,1102.85,36000.0,47331934,0.2,8,0.475,100.0
Balochistan,7,253.54,1045.28,32676.87,11117633,0.5,5,0.3,100.0
Khyber Pakhtunkhwa,1,17.57,37.59,3360.29,34285426,0.6,6,0.35,35.77
Punjab,10,14.3,48.82,4562.46,105337164,0.3,7,0.425,47.99
Azad Kashmir,6,19.56,39.95,2551.34,3797054,0.7,4,0.275,23.32
Balochistan,4,28.02,83.63,3202.91,12841974,0.5,5,0.3,42.22
Balochistan,8,194.42,709.12,22592.54,12002921,0.5,5,0.3,100.0
Punjab,5,74.36,238.23,11752.43,110505198,0.3,7,0.425,86.97
Balochistan,5,25.4,63.65,2664.97,11571661,0.5,5,0.3,35.52
Gilgit-Baltistan,10,63.74,135.64,5022.02,1631801,0.9,3,0.2,44.7
Gilgit-Baltistan,6,155.32,690.93,14309.99,1759191,0.9,3,0.2,100.0
Sindh,6,4.74,15.44,4613.88,48829609,0.2,8,0.475,43.94
Khyber Pakhtunkhwa,6,21.44,68.84,5327.75,38247137,0.6,6,0.35,43.43
Sindh,4,25.39,86.67,8284.4,50088680,0.2,8,0.475,65.24
KPK,11,12.46,38.3,3485.64,37264075,0.6,6,0.35,30.4
Azad Kashmir,3,36.73,74.2,4222.28,4281171,0.7,4,0.275,36.46
Sindh,7,102.0,290.6,18607.81,46712185,0.2,8,0.475,100.0
Azad Kashmir,7,84.54,347.85,11386.44,4142205,0.7,4,0.275,98.03
Gilgit-Baltistan,5,9.48,30.28,1763.39,1796554,0.9,3,0.2,10.36
Gilgit-Baltistan,11,38.69,77.9,2917.85,1627732,0.9,3,0.2,32.87
Balochistan,1,52.99,163.4,4484.67,12096898,0.5,5,0.3,45.35
Sindh,1,26.1,56.96,7172.61,50766413,0.2,8,0.475,57.88
Punjab,6,18.29,60.59,5993.45,114474288,0.3,7,0.425,38.81
Punjab,7,248.37,770.16,27390.31,111730569,0.3,7,0.425,100.0
Balochistan,8,128.53,369.62,11952.46,13206031,0.5,5,0.3,100.0
Balochistan,10,22.26,52.25,4582.23,12560376,0.5,5,0.3,29.64
KPK,8,143.25,374.25,12532.46,39047738,0.6,6,0.35,100.0
Gilgit-Baltistan,6,235.06,980.31,18123.49,1794076,0.9,3,0.2,100.0
Azad Kashmir,1,32.18,82.59,2857.0,3938813,0.7,4,0.275,34.37
Gilgit-Baltistan,9,26.6,79.14,1868.01,1917735,0.9,3,0.2,21.91
Khyber Pakhtunkhwa,8,98.55,257.96,11765.59,38921557,0.6,6,0.35,97.11
Azad Kashmir,5,24.14,81.05,3897.42,3643027,0.7,4,0.275,33.99
Azad Kashmir,12,11.24,33.15,2816.73,3654828,0.7,4,0.275,29.4
Gilgit-Baltistan,12,20.09,53.15,2877.35,1738212,0.9,3,0.2,24.22
KPK,10,17.36,60.27,4013.71,33883003,0.6,6,0.35,37.02
Azad Kashmir,12,8.56,24.59,2382.07,3731111,0.7,4,0.275,25.93
Sindh,7,167.04,544.56,26450.03,46266779,0.2,8,0.475,100.0
Khyber Pakhtunkhwa,11,24.84,70.9,3142.3,38510572,0.6,6,0.35,31.57
Khyber Pakhtunkhwa,1,48.39,127.73,5918.22,37739000,0.6,6,0.35,43.62
Khyber Pakhtunkhwa,10,8.98,29.19,2844.95,37822335,0.6,6,0.35,31.3
Balochistan,7,251.78,696.84,16975.46,12467793,0.5,5,0.3,100.0
Balochistan,2,29.84,98.9,4604.03,11503000,0.5,5,0.3,38.43
Balochistan,3,16.32,35.2,2287.84,12066140,0.5,5,0.3,27.76
Balochistan,9,18.26,52.61,4374.0,12078955,0.5,5,0.3,35.73
Balochistan,5,19.38,65.97,3178.71,11862331,0.5,5,0.3,33.41
Azad Kashmir,5,21.65,56.71,3734.15,3602422,0.7,4,0.275,24.26
Balochistan,11,41.03,82.08,3397.11,13047998,0.5,5,0.3,44.99
Balochistan,10,23.72,53.1,4300.81,11139632,0.5,5,0.3,36.13
KPK,11,39.58,138.44,6624.9,33536594,0.6,6,0.35,45.66
Khyber Pakhtunkhwa,6,10.4,27.52,2427.56,38612944,0.6,6,0.35,32.78
Gilgit-Baltistan,1,21.83,49.92,2776.03,1646648,0.9,3,0.2,19.7
Sindh,4,7.51,20.6,5119.66,47391702,0.2,8,0.475,49.58
Punjab,3,5.01,12.66,3603.56,112410934,0.3,7,0.425,34.22
KPK,2,15.88,34.03,3167.98,36293277,0.6,6,0.35,29.48
Gilgit-Baltistan,2,23.62,60.94,3187.26,1634556,0.9,3,0.2,28.03
Azad Kashmir,11,15.94,44.96,2544.21,4137218,0.7,4,0.275,25.2
Khyber Pakhtunkhwa,11,10.67,28.07,2992.96,33611971,0.6,6,0.35,34.99
Punjab,9,127.22,375.21,16643.38,112579502,0.3,7,0.425,100.0
Azad Kashmir,2,19.92,59.52,3762.4,3745501,0.7,4,0.275,31.63
Khyber Pakhtunkhwa,5,53.57,154.47,7374.25,35885497,0.6,6,0.35,56.04
Punjab,1,29.98,92.77,5207.28,105292863,0.3,7,0.425,56.61
Azad Kashmir,8,220.26,843.68,18547.46,3654666,0.7,4,0.275,100.0
Balochistan,11,3.27,10.19,1642.53,12350786,0.5,5,0.3,19.91
Punjab,12,4.68,11.23,2340.62,113213557,0.3,7,0.425,38.9
Sindh,3,11.8,25.84,3001.01,46265868,0.2,8,0.475,41.95
KPK,8,208.6,886.25,32286.92,32434202,0.6,6,0.35,100.0
Gilgit-Baltistan,9,32.52,91.12,2501.75,1655855,0.9,3,0.2,35.31
Punjab,2,27.21,65.15,4587.58,120905955,0.3,7,0.425,48.4
KPK,10,9.52,32.73,2310.32,37752400,0.6,6,0.35,22.05
Gilgit-Baltistan,2,46.63,103.37,4277.31,1916001,0.9,3,0.2,35.92
Azad Kashmir,3,22.01,75.63,3232.85,3957599,0.7,4,0.275,34.18
Azad Kashmir,5,35.26,103.66,3291.83,3654640,0.7,4,0.275,36.69
Gilgit-Baltistan,7,216.76,622.84,8404.12,1773370,0.9,3,0.2,100.0
Sindh,10,7.97,18.74,4978.59,48251497,0.2,8,0.475,43.39
Balochistan,3,36.36,101.06,5542.29,12811980,0.5,5,0.3,48.96
Gilgit-Baltistan,8,19.39,65.97,2773.66,1754029,0.9,3,0.2,25.9
Gilgit-Baltistan,10,44.42,133.67,3905.99,1954885,0.9,3,0.2,32.84
Azad Kashmir,3,9.4,24.05,2892.46,3766925,0.7,4,0.275,28.09
Azad Kashmir,4,11.46,23.91,3237.94,4068137,0.7,4,0.275,28.72
Punjab,6,14.33,37.31,3710.47,113420882,0.3,7,0.425,42.19
Khyber Pakhtunkhwa,6,34.04,107.67,4700.03,32762479,0.6,6,0.35,41.37
Punjab,10,22.4,60.6,6431.75,113969321,0.3,7,0.425,45.41
Azad Kashmir,9,23.14,61.94,4023.31,3726507,0.7,4,0.275,32.77
Balochistan,12,27.97,56.92,4975.38,11286305,0.5,5,0.3,45.28
Sindh,5,30.88,82.41,8457.34,51851185,0.2,8,0.475,60.42
Sindh,7,53.48,223.99,10916.36,51254898,0.2,8,0.475,92.66
Azad Kashmir,11,42.54,142.64,4545.97,3643576,0.7,4,0.275,44.03
Gilgit-Baltistan,1,22.87,70.84,1853.4,1636960,0.9,3,0.2,23.94
KPK,8,261.93,851.96,32718.23,34112719,0.6,6,0.35,100.0
Khyber Pakhtunkhwa,8,86.1,245.6,8400.45,38375551,0.6,6,0.35,88.65
Khyber Pakhtunkhwa,7,233.18,746.73,24900.42,36711678,0.6,6,0.35,100.0
Balochistan,12,12.7,37.02,3256.62,11766798,0.5,5,0.3,35.22
Punjab,2,4.44,11.19,2407.86,115652707,0.3,7,0.425,31.05
Balochistan,6,13.6,43.16,2461.73,11762156,0.5,5,0.3,29.29
KPK,5,27.97,87.0,4274.62,33011721,0.6,6,0.35,38.53
Balochistan,8,128.82,430.18,13170.28,12949188,0.5,5,0.3,100.0
Khyber Pakhtunkhwa,4,17.91,48.97,3974.29,34545955,0.6,6,0.35,34.25
Balochistan,4,13.49,29.13,2431.26,13029260,0.5,5,0.3,29.17
KPK,11,38.26,90.15,5736.68,33808648,0.6,6,0.35,49.85
Khyber Pakhtunkhwa,6,13.93,30.01,3347.36,34659319,0.6,6,0.35,32.21
Balochistan,12,21.81,66.89,2978.24,11085169,0.5,5,0.3,38.81
Gilgit-Baltistan,6,249.55,754.83,11947.42,1726781,0.9,3,0.2,100.0
Khyber Pakhtunkhwa,11,32.66,90.91,3915.93,33603557,0.6,6,0.35,40.09
Balochistan,7,148.38,593.75,15536.7,12975376,0.5,5,0.3,100.0
Punjab,12,42.66,87.21,7463.65,120769843,0.3,7,0.425,55.36
Balochistan,11,17.56,46.47,2357.75,11353496,0.5,5,0.3,39.83
KPK,4,16.28,45.88,3624.85,36772723,0.6,6,0.35,37.03
Sindh,11,31.14,103.36,7077.11,50304866,0.2,8,0.475,61.11
Sindh,7,96.66,316.71,14242.95,48863964,0.2,8,0.475,100.0
Sindh,7,148.89,443.56,22406.87,43691448,0.2,8,0.475,100.0
Punjab,2,11.18,35.79,2803.93,120914939,0.3,7,0.425,40.61
Sindh,8,133.89,520.04,15215.4,45032399,0.2,8,0.475,100.0
Azad Kashmir,7,202.82,899.14,16775.09,3749460,0.7,4,0.275,100.0
Khyber Pakhtunkhwa,7,82.85,245.33,7307.02,38771397,0.6,6,0.35,81.14
Gilgit-Baltistan,9,22.52,59.19,2861.08,1818551,0.9,3,0.2,23.88
Balochistan,7,136.77,554.58,12828.67,12771688,0.5,5,0.3,100.0
KPK,9,20.49,56.26,4334.69,38949383,0.6,6,0.35,43.78
Khyber Pakhtunkhwa,8,203.04,684.01,21737.8,34961379,0.6,6,0.35,100.0
Khyber Pakhtunkhwa,10,27.18,54.88,5504.71,38629957,0.6,6,0.35,43.34
Azad Kashmir,2,21.95,66.77,4268.18,3728279,0.7,4,0.275,38.55
KPK,7,113.46,319.25,9856.08,32451825,0.6,6,0.35,100.0
Punjab,3,17.28,56.53,3642.98,118475646,0.3,7,0.425,39.59
KPK,4,21.87,52.83,2937.93,36825690,0.6,6,0.35,34.66
Punjab,5,26.01,75.53,4840.89,112339476,0.3,7,0.425,47.16
Gilgit-Baltistan,7,192.35,548.45,13345.57,1710912,0.9,3,0.2,100.0
Sindh,10,24.28,66.49,4232.14,50069606,0.2,8,0.475,55.07
Sindh,4,17.99,59.83,3608.59,49293944,0.2,8,0.475,53.33
KPK,8,227.09,593.65,26175.62,37434585,0.6,6,0.35,100.0
Punjab,1,19.52,60.31,6217.43,119309406,0.3,7,0.425,51.57
Balochistan,6,23.25,73.09,4521.4,13244259,0.5,5,0.3,37.63
Gilgit-Baltistan,3,9.6,23.57,1523.96,1941148,0.9,3,0.2,12.27
Punjab,11,3.37,7.7,2888.41,120098783,0.3,7,0.425,34.53
Gilgit-Baltistan,10,24.16,73.41,3000.05,1912893,0.9,3,0.2,22.14
Gilgit-Baltistan,8,11.12,37.61,2350.83,1909549,0.9,3,0.2,20.57
Azad Kashmir,2,32.63,105.04,3716.4,3860853,0.7,4,0.275,40.6
Khyber Pakhtunkhwa,1,38.41,78.69,3823.02,36018915,0.6,6,0.35,44.27
KPK,12,14.64,38.56,2551.84,32979541,0.6,6,0.35,41.98
Gilgit-Baltistan,9,43.23,95.13,3458.28,1723778,0.9,3,0.2,30.72
Khyber Pakhtunkhwa,12,26.95,88.22,5600.52,35041537,0.6,6,0.35,50.29
Khyber Pakhtunkhwa,3,38.87,79.18,7109.85,33911833,0.6,6,0.35,56.56
Gilgit-Baltistan,7,120.32,527.15,6736.42,1955442,0.9,3,0.2,91.91
Punjab,8,215.24,562.16,23428.87,113129440,0.3,7,0.425,100.0
Sindh,12,24.29,77.96,5656.9,49821339,0.2,8,0.475,52.22
KPK,7,108.24,435.1,10350.34,35505333,0.6,6,0.35,100.0
Gilgit-Baltistan,11,14.43,39.68,1551.43,1932704,0.9,3,0.2,19.47
Azad Kashmir,5,18.29,55.15,2994.27,3954789,0.7,4,0.275,29.82
Khyber Pakhtunkhwa,5,19.17,50.3,4337.09,32305941,0.6,6,0.35,29.58
KPK,10,25.25,80.13,4280.39,37801695,0.6,6,0.35,37.4
KPK,6,49.24,152.2,6928.82,32393099,0.6,6,0.35,58.39
Gilgit-Baltistan,8,47.51,126.88,3484.64,1806325,0.9,3,0.2,33.99
Sindh,3,29.85,67.91,6614.99,45645011,0.2,8,0.475,55.47
Azad Kashmir,7,142.76,625.87,10753.74,3615789,0.7,4,0.275,100.0
Punjab,2,19.16,61.59,4258.91,119684185,0.3,7,0.425,42.84
Balochistan,8,127.04,550.29,9081.89,11780794,0.5,5,0.3,100.0
Azad Kashmir,1,21.78,56.54,2979.61,3700161,0.7,4,0.275,31.92
Punjab,2,21.34,55.65,6025.47,101042205,0.3,7,0.425,55.26
Khyber Pakhtunkhwa,4,21.04,58.59,3412.68,34656785,0.6,6,0.35,39.68
Balochistan,3,9.27,26.1,3133.37,12051303,0.5,5,0.3,41.03
KPK,5,16.09,42.27,2679.01,33592151,0.6,6,0.35,33.32
KPK,7,114.33,368.71,15291.91,36181971,0.6,6,0.35,100.0
Azad Kashmir,10,6.4,17.31,2041.84,3602031,0.7,4,0.275,19.54
Punjab,7,167.0,449.26,22198.34,116974494,0.3,7,0.425,100.0
Balochistan,6,24.27,76.96,2713.4,13004744,0.5,5,0.3,32.35
Gilgit-Baltistan,4,8.18,25.61,1432.23,1908260,0.9,3,0.2,11.38
KPK,8,144.9,369.81,18943.96,37064484,0.6,6,0.35,100.0
Azad Kashmir,11,30.15,95.32,4196.23,3799088,0.7,4,0.275,37.12
Khyber Pakhtunkhwa,7,190.81,605.16,22200.5,37187720,0.6,6,0.35,100.0
Sindh,10,21.48,50.47,7265.21,52377653,0.2,8,0.475,58.37
Sindh,3,43.43,92.62,8506.06,44065449,0.2,8,0.475,68.01
Khyber Pakhtunkhwa,7,281.92,837.98,31450.92,35344975,0.6,6,0.35,100.0
Punjab,7,154.65,439.56,22772.74,108478730,0.3,7,0.425,100.0
Punjab,7,230.57,604.66,23385.4,111384800,0.3,7,0.425,100.0
Khyber Pakhtunkhwa,2,36.98,86.85,5557.2,36744624,0.6,6,0.35,51.18
KPK,8,235.31,603.42,26469.24,38872211,0.6,6,0.35,100.0
Punjab,6,16.61,45.0,4560.47,99841354,0.3,7,0.425,42.79
Gilgit-Baltistan,6,176.33,611.72,12219.54,1778639,0.9,3,0.2,100.0
KPK,5,11.49,35.41,3605.3,32752372,0.6,6,0.35,38.93
Sindh,9,158.36,676.79,31911.9,44730965,0.2,8,0.475,100.0
Azad Kashmir,12,38.71,128.59,5057.91,3788614,0.7,4,0.275,45.23
Khyber Pakhtunkhwa,1,8.67,23.23,3546.55,32511761,0.6,6,0.35,25.41
Sindh,5,48.41,118.9,6275.48,45875753,0.2,8,0.475,68.44
Sindh,7,89.91,290.03,12243.98,50142955,0.2,8,0.475,100.0
Sindh,5,19.18,52.99,4473.98,44265264,0.2,8,0.475,48.44
KPK,8,226.51,666.02,26496.2,34525858,0.6,6,0.35,100.0
KPK,10,38.27,108.02,6650.66,39029113,0.6,6,0.35,56.47
KPK,12,22.32,65.62,3992.98,34733182,0.6,6,0.35,35.71
Gilgit-Baltistan,12,34.31,93.98,2074.0,1865366,0.9,3,0.2,24.84
KPK,8,324.69,1300.0,32161.08,34788554,0.6,6,0.35,100.0
Azad Kashmir,11,13.6,39.86,2475.9,3850243,0.7,4,0.275,23.58
KPK,6,41.7,90.61,4049.59,34388192,0.6,6,0.35,45.1
Sindh,12,15.88,36.76,3881.51,49863283,0.2,8,0.475,40.94
Khyber Pakhtunkhwa,2,19.87,45.89,5015.36,34045218,0.6,6,0.35,41.72
Balochistan,11,27.94,81.87,4405.23,12192182,0.5,5,0.3,41.25
Gilgit-Baltistan,4,22.19,68.45,1720.73,1896009,0.9,3,0.2,28.84
Sindh,4,31.37,97.67,8089.55,45185961,0.2,8,0.475,59.4
KPK,5,14.56,30.64,4376.56,36248423,0.6,6,0.35,30.73
Khyber Pakhtunkhwa,1,6.97,22.88,2506.36,38134528,0.6,6,0.35,29.17
Khyber Pakhtunkhwa,4,23.79,65.23,3987.1,34421834,0.6,6,0.35,35.2
KPK,10,39.19,87.5,4289.84,32739695,0.6,6,0.35,41.0
Sindh,10,25.36,69.61,7046.26,44449588,0.2,8,0.475,64.7
Khyber Pakhtunkhwa,4,34.42,92.86,4669.17,37805392,0.6,6,0.35,44.17
Gilgit-Baltistan,8,39.88,96.08,2902.72,1926692,0.9,3,0.2,23.22
Gilgit-Baltistan,11,21.68,57.27,2272.93,1658155,0.9,3,0.2,19.9
Azad Kashmir,8,158.43,617.65,10837.51,4382873,0.7,4,0.275,100.0
Gilgit-Baltistan,11,11.59,27.73,1527.52,1699760,0.9,3,0.2,23.89
KPK,1,26.79,70.34,5505.97,33259745,0.6,6,0.35,45.94
Balochistan,1,10.41,24.46,2036.39,12575148,0.5,5,0.3,27.62
Balochistan,11,15.06,47.14,3826.5,11892450,0.5,5,0.3,36.27
Azad Kashmir,9,12.1,40.09,2553.43,3901037,0.7,4,0.275,24.32
Punjab,6,46.48,94.63,5846.21,114444721,0.3,7,0.425,55.38
KPK,9,6.13,14.72,2372.47,34322560,0.6,6,0.35,26.68
Punjab,8,155.13,392.04,24319.7,105412876,0.3,7,0.425,100.0
KPK,1,15.9,38.04,3326.87,33955252,0.6,6,0.35,34.35
Balochistan,12,15.54,46.13,3566.99,12038910,0.5,5,0.3,28.55
Khyber Pakhtunkhwa,3,10.91,23.33,3440.59,37715169,0.6,6,0.35,30.23
Azad Kashmir,8,184.63,810.95,14011.93,3721535,0.7,4,0.275,100.0
KPK,1,12.33,36.11,2389.54,32293745,0.6,6,0.35,29.99
Gilgit-Baltistan,7,158.34,401.4,7860.12,1866777,0.9,3,0.2,100.0
Gilgit-Baltistan,12,21.93,61.55,3107.28,1961186,0.9,3,0.2,28.25
Azad Kashmir,12,14.04,44.89,3115.38,4209885,0.7,4,0.275,25.78
Khyber Pakhtunkhwa,4,38.69,121.24,4345.8,33055793,0.6,6,0.35,44.24
Azad Kashmir,4,23.09,68.05,2536.33,3775343,0.7,4,0.275,28.58
Azad Kashmir,4,12.43,36.73,2615.09,4214099,0.7,4,0.275,23.05
KPK,7,319.87,1249.65,36000.0,32586772,0.6,6,0.35,100.0
Sindh,12,16.85,54.3,4743.54,47926961,0.2,8,0.475,44.79
Balochistan,5,24.12,81.6,4756.51,13486540,0.5,5,0.3,38.69
Balochistan,3,13.2,38.54,3245.73,11109889,0.5,5,0.3,34.28
Sindh,8,144.97,648.73,16742.09,46766771,0.2,8,0.475,100.0
Azad Kashmir,7,134.75,416.25,15014.4,3826049,0.7,4,0.275,100.0
Azad Kashmir,9,16.9,43.71,2756.9,4089261,0.7,4,0.275,27.14
Gilgit-Baltistan,9,21.96,71.03,2816.18,1788948,0.9,3,0.2,18.56
Sindh,11,11.76,33.83,3513.64,47037025,0.2,8,0.475,44.84
Balochistan,3,15.33,39.58,3506.41,11596072,0.5,5,0.3,25.48
KPK,7,197.11,714.79,22510.6,33922176,0.6,6,0.35,100.0
Punjab,2,11.66,37.92,4414.23,102862764,0.3,7,0.425,44.21
Sindh,9,221.12,878.24,27686.32,47807544,0.2,8,0.475,100.0
Khyber Pakhtunkhwa,7,186.66,469.39,13327.99,33981412,0.6,6,0.35,100.0
Khyber Pakhtunkhwa,8,205.56,844.42,28770.56,32635350,0.6,6,0.35,100.0
Sindh,12,27.06,75.65,6608.04,52245774,0.2,8,0.475,55.82
KPK,7,160.01,683.41,22647.36,33053772,0.6,6,0.35,100.0
Gilgit-Baltistan,11,28.4,98.95,3553.8,1636784,0.9,3,0.2,27.28
Sindh,12,14.44,32.58,4156.12,43353275,0.2,8,0.475,41.13
Balochistan,7,216.55,804.57,14933.26,13461112,0.5,5,0.3,100.0
Khyber Pakhtunkhwa,1,19.48,61.17,4449.86,38085943,0.6,6,0.35,31.89
Balochistan,6,12.0,34.54,2005.17,12022491,0.5,5,0.3,26.1
Balochistan,7,106.01,423.7,10702.48,11675716,0.5,5,0.3,100.0
Sindh,10,29.74,75.48,8345.2,49659485,0.2,8,0.475,62.89
Gilgit-Baltistan,5,10.45,23.6,1708.45,1955301,0.9,3,0.2,14.32
Sindh,3,24.39,76.61,6646.8,52234837,0.2,8,0.475,60.57
Gilgit-Baltistan,4,12.66,27.77,1838.42,1804088,0.9,3,0.2,14.83
Balochistan,6,38.03,87.12,4414.74,11578183,0.5,5,0.3,43.42
Gilgit-Baltistan,11,27.0,78.76,2498.56,1928437,0.9,3,0.2,32.06
Punjab,8,121.63,473.96,18732.67,111231994,0.3,7,0.425,100.0
Punjab,8,234.27,957.68,36000.0,119589912,0.3,7,0.425,100.0
Punjab,1,16.22,49.2,4578.44,107910416,0.3,7,0.425,38.25
Gilgit-Baltistan,6,253.8,1102.09,18151.19,1884945,0.9,3,0.2,100.0
Punjab,12,13.72,47.28,4917.97,110125176,0.3,7,0.425,43.85
Punjab,6,10.8,34.42,3761.64,109852568,0.3,7,0.425,40.93
Sindh,7,171.5,493.08,24068.18,44124898,0.2,8,0.475,100.0
Balochistan,10,11.12,35.4,3039.46,11847792,0.5,5,0.3,26.09
Khyber Pakhtunkhwa,7,170.05,709.54,17700.99,37182918,0.6,6,0.35,100.0
Punjab,5,19.45,67.89,6308.64,105247011,0.3,7,0.425,53.15
Balochistan,4,9.26,28.73,2452.02,11729836,0.5,5,0.3,33.14
KPK,8,87.55,358.65,8672.63,32814075,0.6,6,0.35,95.02
Azad Kashmir,6,17.33,53.69,3234.76,3934532,0.7,4,0.275,31.63
Gilgit-Baltistan,7,203.72,879.04,13534.82,1780660,0.9,3,0.2,100.0
Azad Kashmir,10,17.21,51.03,1999.29,4373409,0.7,4,0.275,25.83
Balochistan,2,27.71,77.26,3155.12,12847180,0.5,5,0.3,40.86
Khyber Pakhtunkhwa,8,260.07,1122.16,36000.0,36403542,0.6,6,0.35,100.0
Balochistan,5,35.81,90.32,3636.49,12602444,0.5,5,0.3,41.34
Azad Kashmir,1,28.58,87.03,3402.04,4372707,0.7,4,0.275,37.56
Azad Kashmir,11,24.61,77.99,4646.84,3898591,0.7,4,0.275,28.73
Gilgit-Baltistan,6,231.0,791.47,12038.96,1734784,0.9,3,0.2,100.0
Azad Kashmir,2,21.54,68.31,2524.08,3893910,0.7,4,0.275,40.45
Azad Kashmir,12,35.9,108.04,5213.3,3930590,0.7,4,0.275,46.78
Balochistan,11,5.66,14.6,2232.84,12423284,0.5,5,0.3,18.32
Sindh,9,112.72,464.73,14787.63,44494339,0.2,8,0.475,100.0
Azad Kashmir,1,10.18,32.56,1915.22,3886312,0.7,4,0.275,23.86
Balochistan,9,16.47,49.47,2179.76,13442522,0.5,5,0.3,34.33
KPK,4,17.94,41.49,3149.06,32871097,0.6,6,0.35,30.41
Gilgit-Baltistan,1,19.25,64.07,2292.19,1720551,0.9,3,0.2,24.66
Azad Kashmir,6,18.91,44.53,2563.0,4289509,0.7,4,0.275,24.03
Balochistan,4,10.56,23.79,2832.36,12262033,0.5,5,0.3,31.25
KPK,9,18.22,55.04,5079.41,34946438,0.6,6,0.35,37.01
Gilgit-Baltistan,4,26.89,76.92,2076.71,1876901,0.9,3,0.2,18.77
Sindh,6,53.51,153.47,8382.59,44601870,0.2,8,0.475,75.43
Balochistan,10,14.17,48.79,2216.4,11673558,0.5,5,0.3,23.21
Punjab,8,167.34,602.86,21589.36,107027274,0.3,7,0.425,100.0
Punjab,8,128.03,443.7,15654.24,110371116,0.3,7,0.425,100.0
Punjab,3,69.52,170.92,9502.67,101347628,0.3,7,0.425,72.47
Sindh,4,30.75,90.83,6336.86,49051450,0.2,8,0.475,54.4
KPK,5,18.93,62.15,4203.35,34648167,0.6,6,0.35,41.13
Punjab,6,30.16,80.4,7367.5,107656037,0.3,7,0.425,57.74
Punjab,9,157.93,494.22,25335.8,118211706,0.3,7,0.425,100.0
Balochistan,5,25.51,69.75,4953.17,12124912,0.5,5,0.3,36.51
Gilgit-Baltistan,11,13.45,36.38,2512.76,1677370,0.9,3,0.2,16.43
Balochistan,8,181.87,549.51,21522.06,12352466,0.5,5,0.3,100.0
Gilgit-Baltistan,8,24.93,83.83,2447.54,1691013,0.9,3,0.2,24.71
Punjab,10,10.51,31.63,4473.04,110497018,0.3,7,0.425,43.92
Punjab,9,187.39,518.48,26250.69,110670100,0.3,7,0.425,100.0
KPK,3,30.45,65.31,5762.45,34388492,0.6,6,0.35,38.62
Balochistan,8,166.78,680.85,15777.97,11417672,0.5,5,0.3,100.0
Sindh,11,21.69,64.54,5779.34,49934490,0.2,8,0.475,59.45
Balochistan,2,26.81,75.34,3259.04,12887022,0.5,5,0.3,30.96
KPK,3,20.4,58.05,5271.86,38068700,0.6,6,0.35,40.03
Punjab,7,110.78,427.04,19175.83,119433701,0.3,7,0.425,100.0
Punjab,2,32.88,90.6,6586.33,106150881,0.3,7,0.425,58.15
Khyber Pakhtunkhwa,12,15.29,35.2,3254.21,35344510,0.6,6,0.35,27.28
KPK,3,27.33,75.73,4932.46,34883353,0.6,6,0.35,46.27
Balochistan,5,15.67,42.97,2848.84,13085936,0.5,5,0.3,29.4
Khyber Pakhtunkhwa,3,39.24,91.18,4709.2,32542710,0.6,6,0.35,40.2
KPK,6,33.04,67.75,6098.88,32357009,0.6,6,0.35,44.21
Khyber Pakhtunkhwa,4,26.59,69.86,3577.37,38404185,0.6,6,0.35,43.16
Gilgit-Baltistan,7,200.5,616.65,8085.7,1679223,0.9,3,0.2,100.0
Balochistan,5,37.52,113.44,5753.33,11824296,0.5,5,0.3,46.09
Balochistan,3,15.35,46.34,3762.95,11746327,0.5,5,0.3,35.13
Gilgit-Baltistan,11,17.46,52.53,2899.31,1753494,0.9,3,0.2,22.69
Sindh,9,192.97,818.67,26963.54,44117840,0.2,8,0.475,100.0
Gilgit-Baltistan,4,41.15,128.23,3900.6,1711169,0.9,3,0.2,38.9
Khyber Pakhtunkhwa,7,144.43,423.43,10691.46,37181988,0.6,6,0.35,100.0
KPK,2,16.76,49.36,2953.82,35699183,0.6,6,0.35,23.73
Khyber Pakhtunkhwa,10,23.06,62.98,4454.2,36011327,0.6,6,0.35,37.25
Balochistan,9,19.03,60.84,3342.74,12238146,0.5,5,0.3,36.46
KPK,6,20.23,50.71,3917.52,35186356,0.6,6,0.35,34.38
Balochistan,4,13.77,35.12,3394.93,12916614,0.5,5,0.3,32.32
Azad Kashmir,7,152.04,398.84,13354.81,4333546,0.7,4,0.275,100.0
Gilgit-Baltistan,12,44.06,146.48,3998.37,1866161,0.9,3,0.2,38.23
Sindh,1,19.55,56.29,5529.5,50952490,0.2,8,0.475,53.22
Azad Kashmir,5,25.24,76.54,4419.82,4293281,0.7,4,0.275,31.94
Azad Kashmir,6,30.76,98.73,4680.49,3637882,0.7,4,0.275,42.47
Khyber Pakhtunkhwa,10,30.8,85.05,4077.91,36875319,0.6,6,0.35,44.26
KPK,4,18.1,57.51,3047.17,33988992,0.6,6,0.35,39.28
Azad Kashmir,10,9.67,20.15,2613.32,4119413,0.7,4,0.275,28.96
Balochistan,8,132.88,563.24,12275.92,12095321,0.5,5,0.3,100.0
Azad Kashmir,7,191.44,753.16,20910.55,4226764,0.7,4,0.275,100.0
KPK,12,19.26,47.51,3359.12,34237394,0.6,6,0.35,32.89
Punjab,4,28.01,58.61,6404.66,99437128,0.3,7,0.425,47.46
Azad Kashmir,10,29.11,91.7,2789.36,4344473,0.7,4,0.275,38.59
KPK,10,28.29,86.02,3844.38,38843147,0.6,6,0.35,37.43
Balochistan,3,17.84,35.79,3009.61,12762215,0.5,5,0.3,27.08
Balochistan,4,18.09,52.05,2978.26,11800518,0.5,5,0.3,35.42
Balochistan,2,10.86,27.93,2164.37,12935584,0.5,5,0.3,25.82
Sindh,9,258.04,934.35,36000.0,50026685,0.2,8,0.475,100.0
Sindh,1,31.04,64.75,6557.98,44273989,0.2,8,0.475,51.93
Gilgit-Baltistan,1,31.41,108.8,3034.1,1698433,0.9,3,0.2,32.42
Balochistan,7,200.36,854.11,16476.93,13297741,0.5,5,0.3,100.0
Punjab,12,19.64,65.41,4432.21,111946184,0.3,7,0.425,43.12
Balochistan,11,31.08,95.69,4119.88,11263403,0.5,5,0.3,37.24
Gilgit-Baltistan,3,22.6,71.24,2645.9,1917446,0.9,3,0.2,18.1
Sindh,7,132.83,588.4,26044.2,49684196,0.2,8,0.475,100.0
Balochistan,1,35.41,76.61,5092.41,12439372,0.5,5,0.3,41.6
Azad Kashmir,2,34.28,76.55,3623.76,3615441,0.7,4,0.275,39.08
Punjab,5,20.21,45.87,4198.02,119049866,0.3,7,0.425,47.5
Sindh,2,7.63,17.9,2899.41,43558577,0.2,8,0.475,38.73
Punjab,9,171.47,726.98,28071.78,111715495,0.3,7,0.425,100.0
Balochistan,9,29.04,62.86,4373.26,12694815,0.5,5,0.3,39.04
Sindh,7,229.13,586.65,32766.52,45444067,0.2,8,0.475,100.0
Balochistan,5,25.03,72.02,4570.69,13313999,0.5,5,0.3,33.46
KPK,2,18.52,55.78,3021.05,31996709,0.6,6,0.35,29.72
Azad Kashmir,2,3.01,8.38,2035.5,3987847,0.7,4,0.275,26.12
Punjab,12,26.25,70.18,4027.35,108891543,0.3,7,0.425,48.04
Balochistan,5,17.94,39.82,3030.65,12608815,0.5,5,0.3,29.65
Punjab,9,160.78,615.94,28200.52,113688554,0.3,7,0.425,100.0
Balochistan,2,30.47,74.88,3686.87,12520316,0.5,5,0.3,39.21
Azad Kashmir,2,38.67,118.5,4761.77,3859798,0.7,4,0.275,41.31
Gilgit-Baltistan,12,19.67,39.76,1579.73,1776222,0.9,3,0.2,24.32
Punjab,5,25.78,66.89,6409.78,107539334,0.3,7,0.425,54.24
Gilgit-Baltistan,3,28.55,77.56,2327.23,1712940,0.9,3,0.2,24.61
Balochistan,3,12.66,27.45,2610.04,11299739,0.5,5,0.3,30.16
Khyber Pakhtunkhwa,1,22.81,52.22,4045.82,35632566,0.6,6,0.35,26.59
KPK,6,28.27,76.25,4011.75,38769043,0.6,6,0.35,36.32
KPK,5,43.82,115.1,7469.64,38902200,0.6,6,0.35,49.4
Khyber Pakhtunkhwa,6,8.95,20.34,2523.39,31959397,0.6,6,0.35,27.91
Gilgit-Baltistan,3,23.73,68.77,2205.25,1667836,0.9,3,0.2,18.5
Khyber Pakhtunkhwa,1,22.59,52.6,5347.1,36994776,0.6,6,0.35,44.22
KPK,4,26.96,67.93,3104.07,32573170,0.6,6,0.35,36.16
Gilgit-Baltistan,9,9.7,23.83,1632.13,1682031,0.9,3,0.2,14.59
Balochistan,11,20.9,55.63,2470.02,12559196,0.5,5,0.3,31.61
Gilgit-Baltistan,12,18.43,63.14,2227.93,1661434,0.9,3,0.2,17.54
Punjab,11,7.1,20.51,4271.44,110684422,0.3,7,0.425,37.3
Gilgit-Baltistan,8,8.75,18.85,1552.71,1747573,0.9,3,0.2,12.41
Khyber Pakhtunkhwa,1,7.4,18.72,2420.97,34853658,0.6,6,0.35,19.02
Azad Kashmir,1,47.3,116.96,4771.28,3754680,0.7,4,0.275,41.16
Balochistan,8,200.06,568.16,21903.63,11638485,0.5,5,0.3,100.0
Punjab,2,20.68,67.56,4689.34,115121895,0.3,7,0.425,51.64
Azad Kashmir,9,33.44,70.76,2766.54,4190583,0.7,4,0.275,34.89
Punjab,8,223.84,647.69,25127.75,112831207,0.3,7,0.425,100.0
Gilgit-Baltistan,1,13.39,42.5,2195.41,1629420,0.9,3,0.2,20.61
Sindh,12,31.96,107.85,6514.37,45604423,0.2,8,0.475,58.71
Sindh,5,14.63,45.37,6116.7,48313715,0.2,8,0.475,52.09
Balochistan,3,20.66,43.2,2602.74,11774174,0.5,5,0.3,35.15
Sindh,9,130.75,472.34,17098.46,43491608,0.2,8,0.475,100.0
Punjab,4,22.84,77.91,4043.3,107306843,0.3,7,0.425,46.63
Khyber Pakhtunkhwa,3,42.15,108.94,6642.19,34031385,0.6,6,0.35,51.7
Khyber Pakhtunkhwa,3,7.51,22.6,3684.45,38038133,0.6,6,0.35,38.11
Punjab,6,27.69,62.34,4072.49,119293798,0.3,7,0.425,46.09
KPK,6,23.12,68.57,3371.72,38972352,0.6,6,0.35,35.48
Sindh,9,129.36,496.1,15199.62,44017428,0.2,8,0.475,100.0
Gilgit-Baltistan,11,8.91,24.54,1684.2,1682082,0.9,3,0.2,22.79
Balochistan,7,137.82,558.58,16239.13,13014547,0.5,5,0.3,100.0
Sindh,9,102.47,431.05,20519.99,52498458,0.2,8,0.475,100.0
Sindh,4,27.34,69.0,5147.27,45718751,0.2,8,0.475,54.12
Balochistan,7,170.34,734.02,21985.74,11452105,0.5,5,0.3,100.0
Balochistan,11,26.38,76.66,4916.15,12637260,0.5,5,0.3,40.3
Punjab,9,74.12,204.09,14058.97,105196315,0.3,7,0.425,100.0
Gilgit-Baltistan,8,34.58,77.29,2610.28,1967548,0.9,3,0.2,27.38
Azad Kashmir,2,25.62,55.74,3483.06,4076360,0.7,4,0.275,35.28
Punjab,5,36.51,94.86,7661.22,111000159,0.3,7,0.425,59.19
Balochistan,7,182.57,573.42,16851.77,12223276,0.5,5,0.3,100.0
Punjab,4,39.46,99.59,6634.9,101746919,0.3,7,0.425,63.26
Balochistan,2,18.04,62.33,4122.91,11726041,0.5,5,0.3,31.74
Punjab,4,14.13,33.32,3836.54,112877070,0.3,7,0.425,37.01
KPK,8,159.44,567.51,22856.84,38834832,0.6,6,0.35,100.0
Azad Kashmir,2,13.2,44.49,3447.78,3698189,0.7,4,0.275,38.55
Sindh,11,38.42,96.27,7575.48,52490260,0.2,8,0.475,67.5
Gilgit-Baltistan,11,11.21,30.24,1823.88,1944769,0.9,3,0.2,19.45
Khyber Pakhtunkhwa,11,22.58,75.44,5014.28,32102811,0.6,6,0.35,39.35
Khyber Pakhtunkhwa,8,296.74,1263.74,36000.0,32742853,0.6,6,0.35,100.0
Balochistan,11,15.22,52.18,2597.63,11805799,0.5,5,0.3,38.01
Khyber Pakhtunkhwa,6,16.84,40.86,2697.71,36789150,0.6,6,0.35,24.81
Azad Kashmir,11,23.68,82.41,4017.5,3910127,0.7,4,0.275,32.32
Gilgit-Baltistan,9,14.77,33.48,1948.15,1662955,0.9,3,0.2,18.42
Khyber Pakhtunkhwa,2,25.74,56.57,5718.83,35592835,0.6,6,0.35,46.91
Punjab,10,21.15,47.97,5063.7,106645712,0.3,7,0.425,43.8
KPK,8,119.52,530.3,16910.54,32086560,0.6,6,0.35,100.0
Khyber Pakhtunkhwa,2,19.35,42.26,2555.85,34799800,0.6,6,0.35,29.09
Sindh,11,22.46,50.5,6918.87,52048030,0.2,8,0.475,55.83
Azad Kashmir,2,7.29,20.47,1638.2,4247341,0.7,4,0.275,19.01
Balochistan,12,33.48,109.75,3954.7,12253137,0.5,5,0.3,45.88
Punjab,10,10.13,28.55,4106.29,115383019,0.3,7,0.425,37.15
Gilgit-Baltistan,9,12.31,29.83,1856.17,1962725,0.9,3,0.2,20.72
Khyber Pakhtunkhwa,9,26.84,68.53,3377.72,33723445,0.6,6,0.35,34.11
Azad Kashmir,1,10.01,21.18,3114.59,4317204,0.7,4,0.275,28.75
Khyber Pakhtunkhwa,1,20.48,57.14,2773.73,33689358,0.6,6,0.35,34.35
KPK,8,126.87,336.15,11465.31,35321262,0.6,6,0.35,100.0
Punjab,5,25.79,56.53,5680.34,106033456,0.3,7,0.425,46.58
Punjab,3,15.39,50.14,3405.85,102693911,0.3,7,0.425,32.86
KPK,10,19.89,57.89,4399.12,33827534,0.6,6,0.35,38.29
Gilgit-Baltistan,8,16.09,42.88,2752.5,1754366,0.9,3,0.2,23.63
Sindh,4,11.35,25.24,3254.03,49333545,0.2,8,0.475,35.68
Sindh,6,5.76,17.19,2485.7,51802556,0.2,8,0.475,36.55
KPK,12,16.38,47.13,3224.09,33732800,0.6,6,0.35,34.37
Azad Kashmir,1,16.06,47.28,2500.76,3915147,0.7,4,0.275,21.13
Azad Kashmir,11,9.83,20.91,2172.0,3651507,0.7,4,0.275,26.13
Balochistan,11,48.97,128.71,3741.2,12818018,0.5,5,0.3,42.06
Gilgit-Baltistan,5,20.76,52.87,1585.45,1764298,0.9,3,0.2,19.9
Azad Kashmir,7,184.13,752.95,11718.92,4310040,0.7,4,0.275,100.0
Balochistan,9,68.38,230.26,8140.77,12494121,0.5,5,0.3,64.83
KPK,10,40.15,130.79,5784.66,35985064,0.6,6,0.35,46.87
KPK,3,37.75,89.42,5191.95,38918729,0.6,6,0.35,48.05
Gilgit-Baltistan,9,10.8,33.38,2101.6,1676610,0.9,3,0.2,20.17
Punjab,5,20.39,70.4,4254.03,116969181,0.3,7,0.425,39.35
Khyber Pakhtunkhwa,11,7.7,17.55,2060.77,35377180,0.6,6,0.35,22.18
Khyber Pakhtunkhwa,4,26.89,88.79,6260.64,32808181,0.6,6,0.35,44.27
Gilgit-Baltistan,4,47.15,119.25,3604.5,1667733,0.9,3,0.2,30.65
Azad Kashmir,9,23.54,56.33,3440.48,4310719,0.7,4,0.275,30.36
Gilgit-Baltistan,12,16.44,43.55,2641.57,1632450,0.9,3,0.2,15.93
Sindh,4,38.41,92.95,9686.26,45219680,0.2,8,0.475,66.41
Sindh,3,33.55,91.84,5420.94,49871805,0.2,8,0.475,54.16
Gilgit-Baltistan,10,33.39,82.99,2237.64,1731582,0.9,3,0.2,25.52
Punjab,6,35.48,111.66,5372.49,115556135,0.3,7,0.425,60.99
Azad Kashmir,3,15.06,41.25,2624.61,3964622,0.7,4,0.275,28.1
Punjab,6,25.73,55.06,4003.25,119989272,0.3,7,0.425,40.22
Azad Kashmir,9,29.11,68.64,3129.86,3925578,0.7,4,0.275,33.37
Gilgit-Baltistan,2,28.38,81.19,2389.29,1707701,0.9,3,0.2,21.89
Gilgit-Baltistan,5,13.04,30.53,1550.61,1907046,0.9,3,0.2,23.98
Azad Kashmir,8,246.21,988.77,27227.42,4078852,0.7,4,0.275,100.0
Balochistan,4,14.94,50.54,4093.02,11206339,0.5,5,0.3,38.26
Punjab,4,36.45,85.96,7521.31,116232110,0.3,7,0.425,58.17
KPK,1,20.17,62.15,5022.26,34992729,0.6,6,0.35,38.27
Balochistan,11,18.75,57.25,3910.81,11537922,0.5,5,0.3,41.34
Gilgit-Baltistan,9,14.42,40.91,1715.76,1769769,0.9,3,0.2,11.88
Azad Kashmir,2,22.45,68.79,3886.26,4037854,0.7,4,0.275,34.83
KPK,9,28.33,96.53,5208.64,37841314,0.6,6,0.35,42.12
Punjab,4,25.48,74.84,6058.65,102607595,0.3,7,0.425,51.35
Sindh,1,15.61,31.83,6035.98,43829859,0.2,8,0.475,48.59
Sindh,1,13.05,27.04,3653.33,50218511,0.2,8,0.475,44.98
Punjab,11,35.2,119.8,8124.59,116951433,0.3,7,0.425,55.95
KPK,2,35.96,76.37,4003.58,37065864,0.6,6,0.35,40.08
Gilgit-Baltistan,2,34.05,106.75,3348.72,1621521,0.9,3,0.2,34.12
Sindh,11,27.61,77.64,4676.35,47206598,0.2,8,0.475,51.92
Khyber Pakhtunkhwa,6,24.86,79.93,3925.45,32276575,0.6,6,0.35,37.19
Punjab,7,83.39,270.3,12728.72,108481359,0.3,7,0.425,100.0
Punjab,6,18.18,45.04,5647.57,116483515,0.3,7,0.425,42.89
Balochistan,6,30.05,95.78,3582.15,11706636,0.5,5,0.3,40.58
Punjab,4,17.73,54.2,5317.52,110229183,0.3,7,0.425,44.54
Balochistan,3,20.44,58.95,2326.32,12626064,0.5,5,0.3,25.72
Sindh,9,168.76,644.27,28658.25,44577295,0.2,8,0.475,100.0
Punjab,2,30.66,85.3,7091.59,112673416,0.3,7,0.425,49.93
Sindh,1,9.13,22.38,3588.1,44334894,0.2,8,0.475,44.95
Punjab,3,36.18,124.82,6367.9,110080769,0.3,7,0.425,49.62
KPK,5,19.13,47.37,2592.92,32208418,0.6,6,0.35,31.41
Gilgit-Baltistan,9,53.52,152.09,4673.54,1886818,0.9,3,0.2,38.47
Gilgit-Baltistan,11,22.29,65.26,2191.01,1926818,0.9,3,0.2,24.8
Sindh,4,13.94,33.06,6002.52,51443687,0.2,8,0.475,50.39
KPK,8,124.13,318.44,14785.6,34133635,0.6,6,0.35,100.0
Punjab,3,22.59,62.92,5541.01,119656787,0.3,7,0.425,45.43
Khyber Pakhtunkhwa,11,11.09,31.42,4072.83,34125281,0.6,6,0.35,31.06
Khyber Pakhtunkhwa,6,16.16,41.49,2486.58,35727273,0.6,6,0.35,24.33
Punjab,10,22.99,73.57,5177.13,102626617,0.3,7,0.425,51.75
Sindh,9,112.14,473.71,15719.28,49075593,0.2,8,0.475,100.0
Gilgit-Baltistan,7,173.28,568.03,7504.38,1628556,0.9,3,0.2,100.0
Azad Kashmir,9,26.46,65.07,3750.71,4255058,0.7,4,0.275,31.84
Khyber Pakhtunkhwa,11,31.83,99.3,4306.94,34697251,0.6,6,0.35,45.94
Azad Kashmir,6,13.31,26.66,3317.12,4196207,0.7,4,0.275,23.53
KPK,1,28.04,74.72,5567.59,36466936,0.6,6,0.35,44.73
Sindh,7,101.19,435.57,20408.4,49437768,0.2,8,0.475,100.0
Gilgit-Baltistan,4,51.33,139.02,3847.37,1887431,0.9,3,0.2,35.33
Punjab,3,30.41,69.05,3900.81,101379582,0.3,7,0.425,44.52
Punjab,4,13.67,35.71,3025.58,101174562,0.3,7,0.425,35.82
Gilgit-Baltistan,3,22.86,52.08,2502.02,1682828,0.9,3,0.2,19.62
Sindh,11,35.55,81.35,8860.39,46545192,0.2,8,0.475,61.69
Punjab,1,42.18,108.88,4856.33,105719602,0.3,7,0.425,55.56
KPK,4,25.39,82.63,4043.67,34686602,0.6,6,0.35,43.32
Punjab,11,22.42,59.2,6174.83,119133804,0.3,7,0.425,47.19
Khyber Pakhtunkhwa,4,17.33,56.3,3935.02,37833001,0.6,6,0.35,36.03
KPK,10,18.37,48.26,4221.89,36957357,0.6,6,0.35,38.05
Khyber Pakhtunkhwa,4,39.43,105.03,7094.08,36985819,0.6,6,0.35,51.46
Azad Kashmir,8,219.13,954.24,20973.87,3853379,0.7,4,0.275,100.0
Sindh,11,11.47,36.23,3245.57,46941097,0.2,8,0.475,42.63
Balochistan,4,7.44,21.73,1884.54,12616501,0.5,5,0.3,28.6
Gilgit-Baltistan,5,18.63,61.82,2111.03,1886823,0.9,3,0.2,22.71
Sindh,7,138.35,425.32,15155.6,45159138,0.2,8,0.475,100.0
KPK,12,46.2,113.9,4574.15,33258826,0.6,6,0.35,49.91
Balochistan,9,56.63,114.48,5533.84,13324808,0.5,5,0.3,55.81
KPK,6,10.49,27.65,2166.52,38511243,0.6,6,0.35,24.99
Balochistan,1,47.76,119.16,7139.36,12236522,0.5,5,0.3,55.23
Punjab,10,17.68,45.31,3965.22,116354376,0.3,7,0.425,47.17
Gilgit-Baltistan,6,109.77,280.17,5916.31,1688849,0.9,3,0.2,79.44
KPK,10,32.34,82.19,3353.43,33505991,0.6,6,0.35,37.04
Khyber Pakhtunkhwa,8,192.84,784.79,15369.45,32369868,0.6,6,0.35,100.0
Khyber Pakhtunkhwa,1,21.9,63.56,5096.73,36846258,0.6,6,0.35,40.67
Balochistan,1,33.29,96.81,3998.23,12536458,0.5,5,0.3,46.72
KPK,2,30.36,74.27,3485.79,37810575,0.6,6,0.35,39.31
Punjab,10,11.36,35.69,2900.67,117319950,0.3,7,0.425,38.04
Khyber Pakhtunkhwa,11,30.38,77.58,4967.47,38114321,0.6,6,0.35,50.92
Balochistan,11,33.48,109.61,5624.63,12990508,0.5,5,0.3,43.45
Sindh,9,150.24,619.4,28848.93,45228646,0.2,8,0.475,100.0
Azad Kashmir,7,192.19,834.2,17494.99,4219233,0.7,4,0.275,100.0
Punjab,6,21.61,67.41,6060.1,113158833,0.3,7,0.425,51.69
Punjab,3,35.42,78.78,7521.54,120082895,0.3,7,0.425,57.02
Sindh,4,44.07,146.93,7284.08,43847470,0.2,8,0.475,60.38
Sindh,6,36.97,122.46,9483.42,46362156,0.2,8,0.475,61.74
Azad Kashmir,4,31.63,86.58,3912.44,4256975,0.7,4,0.275,45.62
Balochistan,5,14.61,46.34,2618.45,12526920,0.5,5,0.3,33.18
Sindh,8,162.26,554.03,30177.97,45946164,0.2,8,0.475,100.0
Khyber Pakhtunkhwa,6,31.03,100.87,6409.43,38835047,0.6,6,0.35,48.33
KPK,10,12.94,37.45,3811.1,32085111,0.6,6,0.35,35.68
Azad Kashmir,10,61.56,139.52,7210.48,3885176,0.7,4,0.275,47.34
Sindh,2,5.4,13.87,4182.49,51875393,0.2,8,0.475,41.16
Gilgit-Baltistan,1,19.44,49.63,2043.87,1850343,0.9,3,0.2,19.67
Sindh,4,19.91,66.69,7072.77,48908887,0.2,8,0.475,65.16
KPK,7,112.11,463.92,14124.51,37639527,0.6,6,0.35,100.0
Khyber Pakhtunkhwa,1,17.22,57.37,2677.83,38373742,0.6,6,0.35,43.94
Khyber Pakhtunkhwa,6,32.03,101.68,5819.54,36340524,0.6,6,0.35,43.22
Sindh,12,21.29,49.78,6674.07,47708889,0.2,8,0.475,52.7
Gilgit-Baltistan,11,17.67,44.19,2783.95,1715053,0.9,3,0.2,23.97
Punjab,9,208.93,776.72,31521.43,107168387,0.3,7,0.425,100.0
Khyber Pakhtunkhwa,4,13.14,33.41,3902.77,38082305,0.6,6,0.35,28.33
KPK,4,23.81,79.1,5404.9,37164246,0.6,6,0.35,43.61
Punjab,9,195.59,818.07,21812.65,103703545,0.3,7,0.425,100.0
Khyber Pakhtunkhwa,9,8.21,27.98,3607.31,33728827,0.6,6,0.35,24.83
Balochistan,11,17.67,57.89,4104.17,13052276,0.5,5,0.3,28.89
Sindh,7,171.54,458.52,24932.78,47759868,0.2,8,0.475,100.0
Azad Kashmir,7,152.32,621.2,10378.86,3692917,0.7,4,0.275,100.0
Balochistan,9,19.53,61.24,4121.21,13346882,0.5,5,0.3,35.17
Balochistan,9,27.35,71.37,3229.45,12086754,0.5,5,0.3,40.31
Khyber Pakhtunkhwa,9,22.02,58.64,4693.63,38707518,0.6,6,0.35,33.24
Balochistan,1,31.73,82.37,4826.25,11684042,0.5,5,0.3,42.34
Balochistan,11,15.1,44.53,2605.18,12640982,0.5,5,0.3,31.65
Azad Kashmir,4,17.6,37.13,2855.1,4219491,0.7,4,0.275,31.32
Khyber Pakhtunkhwa,8,188.76,702.94,26582.64,33239280,0.6,6,0.35,100.0
Balochistan,6,18.19,60.68,3198.15,13278138,0.5,5,0.3,36.57
Balochistan,3,18.07,54.79,3534.63,12856670,0.5,5,0.3,37.5
Balochistan,1,42.92,103.45,4586.1,12731499,0.5,5,0.3,40.36
Gilgit-Baltistan,8,21.45,53.73,2959.76,1848584,0.9,3,0.2,27.37
Khyber Pakhtunkhwa,10,27.26,56.95,4822.14,34226241,0.6,6,0.35,34.13
Khyber Pakhtunkhwa,9,32.58,93.36,5121.16,33794669,0.6,6,0.35,46.6
Punjab,7,217.14,833.76,28917.86,112806065,0.3,7,0.425,100.0
Gilgit-Baltistan,6,117.01,425.84,10124.69,1854745,0.9,3,0.2,96.65
Sindh,6,10.64,30.67,4798.14,43736219,0.2,8,0.475,47.23
Khyber Pakhtunkhwa,6,37.02,128.25,6131.51,38791880,0.6,6,0.35,50.0
Sindh,1,11.91,27.84,4146.85,49996925,0.2,8,0.475,42.2
Balochistan,5,15.44,33.22,3775.08,11793807,0.5,5,0.3,38.89
Azad Kashmir,8,151.5,583.37,9545.36,4133934,0.7,4,0.275,100.0
Balochistan,12,17.96,48.64,3995.75,11410794,0.5,5,0.3,40.92
Sindh,7,190.99,558.89,23016.16,50627281,0.2,8,0.475,100.0
Punjab,4,30.78,88.42,4552.4,100985389,0.3,7,0.425,50.28
Gilgit-Baltistan,9,25.41,84.45,3209.8,1740306,0.9,3,0.2,30.78
Gilgit-Baltistan,5,30.13,94.91,2372.57,1760642,0.9,3,0.2,32.9
Azad Kashmir,12,30.81,75.36,2806.06,3680472,0.7,4,0.275,31.92
Azad Kashmir,2,13.42,37.87,2541.79,3710752,0.7,4,0.275,22.58
Gilgit-Baltistan,3,7.66,18.73,1777.06,1969536,0.9,3,0.2,15.48
Punjab,5,16.76,33.79,4287.89,115667095,0.3,7,0.425,40.12
KPK,4,84.23,213.45,9621.02,33892348,0.6,6,0.35,74.37
Sindh,9,155.95,450.75,24102.33,44122130,0.2,8,0.475,100.0
Azad Kashmir,3,23.56,56.79,2633.39,4013047,0.7,4,0.275,36.71
Azad Kashmir,4,19.81,51.41,2127.01,3753977,0.7,4,0.275,28.62
Azad Kashmir,2,6.39,17.83,1567.92,3653356,0.7,4,0.275,15.49
Gilgit-Baltistan,5,16.25,38.28,1916.25,1848449,0.9,3,0.2,25.64
Punjab,12,20.34,43.63,3349.6,113617201,0.3,7,0.425,37.53
KPK,10,28.42,74.25,4260.16,37070105,0.6,6,0.35,36.74
Balochistan,4,15.36,49.49,2713.0,11720205,0.5,5,0.3,31.47
Khyber Pakhtunkhwa,8,72.08,284.89,9268.34,38146385,0.6,6,0.35,84.95
Gilgit-Baltistan,6,175.16,767.86,10629.92,1768028,0.9,3,0.2,100.0
Khyber Pakhtunkhwa,5,58.94,205.53,5603.62,38932818,0.6,6,0.35,55.52
Sindh,5,17.93,51.46,6857.27,49733798,0.2,8,0.475,53.99
Khyber Pakhtunkhwa,9,18.53,51.86,4014.2,36505088,0.6,6,0.35,42.44
Balochistan,4,37.43,119.32,5390.14,12900687,0.5,5,0.3,55.37
Azad Kashmir,12,18.8,56.84,2261.61,3855798,0.7,4,0.275,29.84
Azad Kashmir,4,26.62,54.72,2685.73,4182293,0.7,4,0.275,36.44
Punjab,5,36.65,81.69,5755.55,120095607,0.3,7,0.425,49.74
Punjab,8,127.38,472.36,16556.28,102938298,0.3,7,0.425,100.0
KPK,9,15.79,54.29,4957.46,36874851,0.6,6,0.35,39.29
Punjab,2,51.42,148.63,8838.91,111918738,0.3,7,0.425,64.24
Azad Kashmir,6,21.04,50.12,3446.87,3921303,0.7,4,0.275,29.22
KPK,4,45.72,140.45,4313.87,37092698,0.6,6,0.35,45.52
Sindh,6,5.86,19.6,4437.98,50208430,0.2,8,0.475,42.63
Balochistan,5,24.69,80.1,3256.61,11985249,0.5,5,0.3,41.06
KPK,11,29.27,76.75,5611.79,34879760,0.6,6,0.35,50.65
Balochistan,6,31.12,88.58,4112.67,11554097,0.5,5,0.3,39.83
Punjab,11,6.13,16.68,3096.82,100357187,0.3,7,0.425,40.28
Azad Kashmir,10,41.16,107.22,5946.07,4370289,0.7,4,0.275,45.22
Azad Kashmir,8,272.39,937.82,20999.4,4245129,0.7,4,0.275,100.0
Balochistan,1,46.27,130.61,4652.76,13128805,0.5,5,0.3,40.34
Gilgit-Baltistan,10,9.44,29.84,1253.41,1804773,0.9,3,0.2,15.56
Gilgit-Baltistan,5,52.88,108.32,4121.06,1933359,0.9,3,0.2,42.21
KPK,4,56.44,160.54,8521.18,32053079,0.6,6,0.35,60.96
Gilgit-Baltistan,10,16.05,32.52,2662.42,1816037,0.9,3,0.2,21.38
KPK,7,130.86,435.02,12547.02,35276119,0.6,6,0.35,100.0
Punjab,3,41.74,90.85,6444.32,112958196,0.3,7,0.425,57.13
Gilgit-Baltistan,8,25.69,71.65,3134.28,1696383,0.9,3,0.2,26.98
Punjab,11,28.9,82.7,4253.23,99435771,0.3,7,0.425,48.64
Azad Kashmir,12,19.59,59.5,3810.34,3950795,0.7,4,0.275,32.97
KPK,8,151.67,583.43,20193.35,33343007,0.6,6,0.35,100.0
Punjab,9,189.88,659.75,30335.72,103746563,0.3,7,0.425,100.0
Balochistan,8,141.01,420.49,13018.01,11332658,0.5,5,0.3,100.0
KPK,6,15.41,38.28,2511.24,32316300,0.6,6,0.35,32.07
Gilgit-Baltistan,12,25.04,71.84,2980.95,1954994,0.9,3,0.2,29.05
Sindh,1,18.33,42.45,5240.07,43136909,0.2,8,0.475,49.26
Sindh,10,28.09,64.29,6075.5,43495776,0.2,8,0.475,55.25
Sindh,12,10.2,25.37,3301.99,46049451,0.2,8,0.475,47.02
Gilgit-Baltistan,8,18.83,59.27,2501.82,1908345,0.9,3,0.2,23.72
Balochistan,9,22.64,49.92,3110.09,11086179,0.5,5,0.3,28.62
Punjab,12,36.39,119.22,7309.36,99129806,0.3,7,0.425,57.78
Sindh,4,9.15,30.52,4193.0,44462490,0.2,8,0.475,45.23
Balochistan,10,14.72,38.71,3211.08,12730047,0.5,5,0.3,32.01
Gilgit-Baltistan,4,13.51,34.88,2074.17,1656738,0.9,3,0.2,13.95
Khyber Pakhtunkhwa,2,23.7,73.69,5495.39,35490442,0.6,6,0.35,36.73
KPK,5,27.64,55.46,4926.08,34794630,0.6,6,0.35,40.66
KPK,1,22.82,64.56,2880.47,34326907,0.6,6,0.35,33.83
Punjab,6,12.44,27.15,3438.47,110867484,0.3,7,0.425,36.26
Balochistan,11,10.66,34.48,2500.73,13472359,0.5,5,0.3,30.65
Sindh,10,19.91,57.02,6453.31,46261312,0.2,8,0.475,53.99
Khyber Pakhtunkhwa,3,28.51,72.31,4122.68,34463368,0.6,6,0.35,38.44
Sindh,2,22.91,75.19,7413.35,47456218,0.2,8,0.475,60.39
Sindh,11,15.63,49.3,6144.31,43279687,0.2,8,0.475,49.97
Punjab,5,33.88,103.95,7656.34,104928302,0.3,7,0.425,54.79
KPK,10,21.29,74.35,3940.88,35475336,0.6,6,0.35,32.27
Khyber Pakhtunkhwa,8,95.04,421.49,10518.3,36000073,0.6,6,0.35,100.0
Balochistan,11,10.75,29.05,2587.73,12221627,0.5,5,0.3,28.49
Balochistan,2,13.99,44.44,3703.97,12829660,0.5,5,0.3,27.23
Sindh,2,12.32,42.86,5994.33,52513127,0.2,8,0.475,44.78
Punjab,8,229.43,976.44,36000.0,113731265,0.3,7,0.425,100.0
Sindh,8,275.87,1112.94,36000.0,51687522,0.2,8,0.475,100.0
Balochistan,7,96.47,285.73,10814.34,11671350,0.5,5,0.3,94.46
Punjab,1,30.85,98.0,6412.08,117876166,0.3,7,0.425,53.48
Gilgit-Baltistan,10,10.91,25.73,2065.22,1855919,0.9,3,0.2,20.05
KPK,12,14.58,32.35,4181.56,38003424,0.6,6,0.35,33.74
KPK,12,26.18,87.78,3334.86,36449866,0.6,6,0.35,34.17
Sindh,11,35.58,93.61,6130.24,50012581,0.2,8,0.475,54.5
KPK,7,164.5,657.68,17296.53,37466330,0.6,6,0.35,100.0
Gilgit-Baltistan,2,27.06,69.4,3258.84,1647833,0.9,3,0.2,27.86
Balochistan,4,16.02,41.61,3981.06,11770171,0.5,5,0.3,39.64
Khyber Pakhtunkhwa,8,121.8,454.68,15973.91,34576681,0.6,6,0.35,100.0
Punjab,1,12.18,29.23,5243.7,117153499,0.3,7,0.425,34.67
Sindh,7,172.73,747.58,36000.0,43623097,0.2,8,0.475,100.0
KPK,4,23.63,75.06,4991.59,37246080,0.6,6,0.35,40.97
Khyber Pakhtunkhwa,4,18.35,61.52,5012.05,36481303,0.6,6,0.35,37.97
Azad Kashmir,5,19.38,42.05,2461.05,4019272,0.7,4,0.275,34.41
Gilgit-Baltistan,5,29.11,99.95,2976.65,1951438,0.9,3,0.2,27.84
Punjab,1,15.7,33.05,4428.84,105959152,0.3,7,0.425,44.09
KPK,12,20.2,48.61,2984.32,34623283,0.6,6,0.35,40.49
Khyber Pakhtunkhwa,2,21.45,43.18,2862.13,32206665,0.6,6,0.35,25.79
Khyber Pakhtunkhwa,4,9.43,20.09,2413.24,34830412,0.6,6,0.35,25.74
Balochistan,6,13.34,38.42,3472.69,11620887,0.5,5,0.3,28.78
Balochistan,10,17.55,58.2,3156.48,11953699,0.5,5,0.3,36.19
KPK,5,42.88,86.45,5175.72,35258137,0.6,6,0.35,42.15
KPK,2,13.12,40.78,4485.3,37459726,0.6,6,0.35,36.97
Punjab,1,11.72,32.0,5066.32,111486528,0.3,7,0.425,49.2
Gilgit-Baltistan,8,12.29,42.92,2430.44,1864841,0.9,3,0.2,22.17
Gilgit-Baltistan,10,8.25,18.0,1337.2,1839129,0.9,3,0.2,17.17
Punjab,2,23.39,79.06,4572.09,103015102,0.3,7,0.425,50.3
Khyber Pakhtunkhwa,1,22.91,78.73,4465.58,35631768,0.6,6,0.35,39.0
Azad Kashmir,9,16.17,54.81,2507.94,3813044,0.7,4,0.275,30.71
Khyber Pakhtunkhwa,12,7.83,21.51,2691.31,36594943,0.6,6,0.35,32.37
Gilgit-Baltistan,8,16.47,51.0,1749.69,1654112,0.9,3,0.2,12.35
KPK,7,320.09,1300.0,24798.32,38022910,0.6,6,0.35,100.0
Azad Kashmir,8,188.64,565.14,14976.33,3791306,0.7,4,0.275,100.0
Balochistan,8,179.36,758.61,15924.69,12005225,0.5,5,0.3,100.0
Azad Kashmir,12,19.27,58.65,3063.88,3797441,0.7,4,0.275,29.67
Khyber Pakhtunkhwa,8,150.79,493.08,17010.76,38702144,0.6,6,0.35,100.0
KPK,1,16.0,45.12,2803.17,34524585,0.6,6,0.35,29.21
Balochistan,3,27.86,79.49,4591.95,13408252,0.5,5,0.3,35.98
Punjab,4,29.35,84.34,6539.31,99209036,0.3,7,0.425,55.94
Khyber Pakhtunkhwa,12,16.36,33.49,4306.3,38061653,0.6,6,0.35,44.5
Khyber Pakhtunkhwa,12,18.78,56.96,3030.48,35718080,0.6,6,0.35,33.21
KPK,1,46.32,136.6,7085.56,33689928,0.6,6,0.35,47.1
Sindh,10,23.18,69.31,5815.44,50820513,0.2,8,0.475,47.94
Azad Kashmir,6,34.14,96.35,3828.28,4100009,0.7,4,0.275,42.27
Balochistan,5,24.8,56.77,3367.3,11265820,0.5,5,0.3,41.64
Khyber Pakhtunkhwa,10,23.43,71.36,3630.35,33038019,0.6,6,0.35,38.71
Khyber Pakhtunkhwa,9,30.87,104.24,5913.7,36205395,0.6,6,0.35,48.93
Balochistan,7,152.34,644.93,11871.91,11221713,0.5,5,0.3,100.0
Punjab,10,14.81,36.32,5383.76,117479194,0.3,7,0.425,42.67
KPK,1,22.76,59.82,4457.22,34478984,0.6,6,0.35,39.29
Balochistan,7,187.02,552.29,19768.98,11337045,0.5,5,0.3,100.0
KPK,4,14.17,28.57,4439.23,34904879,0.6,6,0.35,34.78
Sindh,12,28.47,64.48,4374.96,46142244,0.2,8,0.475,43.67
Azad Kashmir,5,18.22,47.75,3401.85,3989718,0.7,4,0.275,27.26
KPK,9,15.95,34.67,3938.77,37435484,0.6,6,0.35,34.05
Punjab,2,24.0,62.5,4760.4,118983407,0.3,7,0.425,38.97
Balochistan,8,103.59,317.35,9292.85,11764434,0.5,5,0.3,99.07
Khyber Pakhtunkhwa,2,26.11,65.27,3640.68,36045352,0.6,6,0.35,35.5
Azad Kashmir,10,54.41,132.69,7042.05,3800310,0.7,4,0.275,44.45
Khyber Pakhtunkhwa,12,21.19,64.28,5476.36,38008195,0.6,6,0.35,42.46
Azad Kashmir,12,19.06,42.99,2038.65,3697428,0.7,4,0.275,23.38
Balochistan,3,21.31,46.43,3860.82,12386279,0.5,5,0.3,32.03
Khyber Pakhtunkhwa,8,169.9,580.06,19159.17,35030021,0.6,6,0.35,100.0
Balochistan,6,30.54,89.85,5322.87,12240943,0.5,5,0.3,46.75
Punjab,12,45.61,93.59,6752.11,110241428,0.3,7,0.425,63.31
Punjab,1,46.08,150.76,8775.45,116917375,0.3,7,0.425,72.55
Punjab,5,17.92,54.66,5882.58,119102422,0.3,7,0.425,48.23
Azad Kashmir,8,204.92,521.4,13951.42,4173080,0.7,4,0.275,100.0
Balochistan,8,160.98,597.7,17173.77,11577672,0.5,5,0.3,100.0
Sindh,11,12.15,33.07,3226.08,51013387,0.2,8,0.475,42.25
Azad Kashmir,7,182.75,725.04,15736.04,3642741,0.7,4,0.275,100.0
Punjab,5,3.44,7.11,3645.24,99907356,0.3,7,0.425,36.79
Punjab,2,21.06,62.99,3590.52,110070181,0.3,7,0.425,46.47
Khyber Pakhtunkhwa,1,49.12,105.58,6928.66,39024516,0.6,6,0.35,52.59
Azad Kashmir,8,101.74,395.45,8537.32,4224011,0.7,4,0.275,89.43
Sindh,5,13.36,38.0,6012.51,51694380,0.2,8,0.475,53.36
Punjab,12,23.2,81.1,6495.13,107584913,0.3,7,0.425,46.08
Azad Kashmir,9,44.86,94.74,3213.95,4351951,0.7,4,0.275,36.74
Azad Kashmir,9,38.81,112.27,5872.62,4247665,0.7,4,0.275,44.44
Balochistan,4,26.76,85.26,3014.78,12614764,0.5,5,0.3,34.42
Sindh,3,36.77,101.66,6496.84,47159481,0.2,8,0.475,59.86
Balochistan,8,186.64,745.71,14217.41,11856457,0.5,5,0.3,100.0
Gilgit-Baltistan,3,10.98,34.45,1635.24,1711148,0.9,3,0.2,15.25
Balochistan,4,14.25,44.8,3274.31,12857763,0.5,5,0.3,36.77
Punjab,9,187.03,839.15,31680.53,114032829,0.3,7,0.425,100.0
Punjab,3,30.43,80.78,7401.37,105382250,0.3,7,0.425,52.92
Sindh,7,173.13,677.43,19564.33,44566307,0.2,8,0.475,100.0
Gilgit-Baltistan,8,7.46,20.81,2076.59,1769825,0.9,3,0.2,21.71
KPK,7,204.17,811.51,26461.96,37084801,0.6,6,0.35,100.0
Gilgit-Baltistan,11,21.22,48.34,1891.01,1917624,0.9,3,0.2,24.13
Punjab,12,6.87,15.77,3529.57,114545395,0.3,7,0.425,34.36
Sindh,10,44.72,123.71,8299.15,48528460,0.2,8,0.475,73.34
Khyber Pakhtunkhwa,5,6.46,14.15,1899.04,37051461,0.6,6,0.35,28.14
Punjab,4,19.67,48.68,3790.05,104114888,0.3,7,0.425,42.69
Gilgit-Baltistan,4,23.14,61.69,2273.53,1916497,0.9,3,0.2,20.8
Gilgit-Baltistan,1,22.03,53.24,1611.54,1714166,0.9,3,0.2,22.85
Sindh,9,183.1,510.3,25306.23,51664537,0.2,8,0.475,100.0
Khyber Pakhtunkhwa,11,20.7,48.94,3045.68,37517131,0.6,6,0.35,34.43
Punjab,1,35.77,102.63,4623.67,119613518,0.3,7,0.425,55.82
Khyber Pakhtunkhwa,5,13.37,46.73,3039.98,35154728,0.6,6,0.35,28.81
Gilgit-Baltistan,1,33.54,103.94,3776.43,1633495,0.9,3,0.2,35.16
KPK,10,18.01,59.27,4870.44,36309449,0.6,6,0.35,43.81
Khyber Pakhtunkhwa,3,17.9,51.37,4456.29,33831454,0.6,6,0.35,40.41
KPK,1,7.64,17.62,2812.43,33943692,0.6,6,0.35,29.01
Azad Kashmir,4,13.25,38.13,2161.47,4065797,0.7,4,0.275,21.35
Azad Kashmir,2,21.02,68.5,2503.87,4017653,0.7,4,0.275,29.43
KPK,6,24.18,65.81,3369.82,35571839,0.6,6,0.35,38.63
Balochistan,2,22.33,66.93,3342.01,12429518,0.5,5,0.3,37.4
Balochistan,12,11.98,32.25,2586.45,12594279,0.5,5,0.3,26.01
KPK,7,182.7,769.38,22019.63,33326251,0.6,6,0.35,100.0
Punjab,8,359.74,1266.6,36000.0,112401408,0.3,7,0.425,100.0
Azad Kashmir,8,178.67,706.83,11714.33,3736780,0.7,4,0.275,100.0
Khyber Pakhtunkhwa,6,14.11,28.49,2797.79,38233371,0.6,6,0.35,31.22
Punjab,10,23.89,80.45,4666.26,117457269,0.3,7,0.425,57.86
Sindh,8,257.65,916.65,34712.72,50457167,0.2,8,0.475,100.0
Khyber Pakhtunkhwa,4,13.7,40.07,3969.64,32032996,0.6,6,0.35,38.69
Gilgit-Baltistan,3,12.79,37.71,2295.13,1764632,0.9,3,0.2,27.79
Khyber Pakhtunkhwa,6,22.51,50.29,3456.8,36269735,0.6,6,0.35,38.86
Punjab,2,45.66,147.94,9481.84,111660078,0.3,7,0.425,71.41
Azad Kashmir,6,21.67,57.07,4157.15,3767336,0.7,4,0.275,33.87
Balochistan,11,33.29,112.97,5387.16,12154997,0.5,5,0.3,41.41
Sindh,3,24.44,49.7,4190.1,46442534,0.2,8,0.475,43.39
Balochistan,11,9.08,29.1,3421.37,11173533,0.5,5,0.3,34.27
Azad Kashmir,5,10.88,36.69,2191.67,3758148,0.7,4,0.275,22.02
Sindh,11,13.33,38.66,5693.48,46310078,0.2,8,0.475,48.12
Khyber Pakhtunkhwa,12,18.69,56.67,4331.24,37020970,0.6,6,0.35,46.3
Punjab,10,18.07,62.05,4172.98,117612023,0.3,7,0.425,47.26
Balochistan,9,30.46,103.5,4161.19,13411293,0.5,5,0.3,46.22
Khyber Pakhtunkhwa,5,21.32,51.93,3455.39,32470261,0.6,6,0.35,25.96
Gilgit-Baltistan,1,17.35,51.58,2823.43,1943384,0.9,3,0.2,28.33
Balochistan,12,28.54,62.13,4290.97,11209304,0.5,5,0.3,33.9
Azad Kashmir,3,18.65,49.79,2811.36,4236222,0.7,4,0.275,32.98
Khyber Pakhtunkhwa,9,17.67,58.89,4902.66,32332492,0.6,6,0.35,42.68
Azad Kashmir,9,47.39,147.29,3557.9,3945014,0.7,4,0.275,42.14
KPK,7,194.1,809.77,29920.45,37218241,0.6,6,0.35,100.0
Sindh,9,176.6,447.25,31275.67,51546459,0.2,8,0.475,100.0
Khyber Pakhtunkhwa,6,30.23,77.1,5954.73,36337560,0.6,6,0.35,47.22
Khyber Pakhtunkhwa,4,16.34,42.52,3757.77,37186733,0.6,6,0.35,37.78
Khyber Pakhtunkhwa,6,7.6,18.17,3225.73,38064055,0.6,6,0.35,29.91
Sindh,9,129.43,449.26,15511.5,43158873,0.2,8,0.475,100.0
Azad Kashmir,2,25.68,58.97,3537.31,3827788,0.7,4,0.275,32.8
Khyber Pakhtunkhwa,12,13.1,44.45,3819.42,35650369,0.6,6,0.35,36.73
Punjab,12,18.66,37.85,5519.39,115424001,0.3,7,0.425,39.34
Azad Kashmir,4,38.24,83.66,2980.45,4089926,0.7,4,0.275,29.94
Khyber Pakhtunkhwa,12,15.12,40.39,3735.54,32672426,0.6,6,0.35,35.66
Gilgit-Baltistan,12,34.97,112.54,2232.22,1853266,0.9,3,0.2,28.89
Sindh,9,105.4,340.22,14520.57,52210501,0.2,8,0.475,100.0
Azad Kashmir,8,181.97,602.32,16942.55,3848575,0.7,4,0.275,100.0
Punjab,12,23.88,48.71,4034.85,104773076,0.3,7,0.425,44.82
Balochistan,7,138.57,584.29,9653.66,12930600,0.5,5,0.3,100.0
Gilgit-Baltistan,1,23.96,67.55,3192.05,1972490,0.9,3,0.2,27.1
Balochistan,8,158.93,710.53,13245.8,11282237,0.5,5,0.3,100.0
Balochistan,9,11.47,39.92,2545.57,12709517,0.5,5,0.3,33.99
Gilgit-Baltistan,8,30.85,88.36,3290.17,1926293,0.9,3,0.2,32.64
Gilgit-Baltistan,10,13.21,31.15,1308.68,1923302,0.9,3,0.2,10.69
Gilgit-Baltistan,9,16.43,50.99,2519.81,1788270,0.9,3,0.2,22.24
Balochistan,3,23.13,56.2,2864.34,12330810,0.5,5,0.3,35.43
Gilgit-Baltistan,11,23.22,53.59,2987.59,1695529,0.9,3,0.2,27.08
Balochistan,8,98.38,367.73,7155.57,13505817,0.5,5,0.3,97.67
Khyber Pakhtunkhwa,3,28.31,89.62,4576.35,36138735,0.6,6,0.35,35.76
Balochistan,3,18.74,58.99,2985.16,13195096,0.5,5,0.3,33.74
Sindh,10,25.27,87.49,7621.93,45276111,0.2,8,0.475,57.19
Azad Kashmir,8,105.64,298.62,8143.71,4129450,0.7,4,0.275,85.71
Azad Kashmir,1,33.78,114.95,5001.1,4230248,0.7,4,0.275,45.45
Punjab,9,149.22,436.81,20724.38,112204138,0.3,7,0.425,100.0
Sindh,11,10.95,35.63,3090.74,50138390,0.2,8,0.475,43.25
Punjab,2,34.01,74.1,4560.33,117094769,0.3,7,0.425,53.09
Gilgit-Baltistan,7,134.68,592.77,9297.11,1891834,0.9,3,0.2,100.0
KPK,10,28.58,92.84,3464.87,36350386,0.6,6,0.35,38.37
KPK,5,28.02,90.85,6001.39,34841708,0.6,6,0.35,49.46
Sindh,1,21.86,75.0,5331.26,47069048,0.2,8,0.475,52.88
Khyber Pakhtunkhwa,1,20.96,57.34,4160.25,34839793,0.6,6,0.35,42.41
Sindh,5,18.28,53.85,5523.91,48246667,0.2,8,0.475,49.22
Gilgit-Baltistan,10,29.1,73.59,3467.35,1721280,0.9,3,0.2,26.98
Gilgit-Baltistan,2,32.8,66.37,2571.86,1628506,0.9,3,0.2,22.89
Balochistan,11,51.36,146.54,6881.77,11856632,0.5,5,0.3,61.78
Khyber Pakhtunkhwa,2,17.61,55.6,2985.42,36101875,0.6,6,0.35,40.31
Gilgit-Baltistan,1,23.28,67.24,2256.0,1861260,0.9,3,0.2,20.23
KPK,10,22.66,54.77,3575.91,33610069,0.6,6,0.35,42.74
Balochistan,12,8.48,19.35,1891.4,12425201,0.5,5,0.3,26.74
Punjab,6,23.46,48.47,6123.74,120988389,0.3,7,0.425,55.61
Sindh,2,24.48,77.01,5652.56,51095672,0.2,8,0.475,55.51
Azad Kashmir,10,29.36,70.47,2719.25,3859788,0.7,4,0.275,32.47
Azad Kashmir,1,11.62,39.32,2296.54,4394821,0.7,4,0.275,18.22
Gilgit-Baltistan,10,24.35,78.53,2559.62,1668794,0.9,3,0.2,27.59
KPK,10,31.31,89.02,5170.89,32533011,0.6,6,0.35,52.36
Azad Kashmir,10,28.49,91.31,4038.01,4381698,0.7,4,0.275,37.7
KPK,9,14.89,31.92,3402.02,33844117,0.6,6,0.35,28.55
Balochistan,2,26.85,82.88,2722.63,11513497,0.5,5,0.3,40.6
Balochistan,11,20.34,51.74,2417.57,12987768,0.5,5,0.3,32.77
KPK,1,17.38,54.47,3561.47,38331481,0.6,6,0.35,39.46
Balochistan,9,30.63,72.08,4803.77,12501064,0.5,5,0.3,43.19
Balochistan,11,32.1,102.75,3904.08,13471253,0.5,5,0.3,48.46
Azad Kashmir,4,9.96,20.86,2773.38,3641070,0.7,4,0.275,25.41
Sindh,5,37.58,118.47,9886.61,43548057,0.2,8,0.475,70.03
Khyber Pakhtunkhwa,10,5.31,13.28,1901.39,33290409,0.6,6,0.35,23.35
Azad Kashmir,9,11.97,39.76,2347.89,3803071,0.7,4,0.275,20.12
Sindh,11,51.35,165.77,6391.52,50693366,0.2,8,0.475,67.51
Gilgit-Baltistan,2,40.78,93.92,3761.29,1622957,0.9,3,0.2,27.83
Khyber Pakhtunkhwa,4,28.76,76.15,5821.9,36015471,0.6,6,0.35,48.1
KPK,1,30.2,97.43,4171.42,35031637,0.6,6,0.35,38.53
Gilgit-Baltistan,7,148.77,549.23,11022.59,1868139,0.9,3,0.2,100.0
Balochistan,6,8.19,27.43,2804.43,13178684,0.5,5,0.3,21.81
KPK,2,21.42,69.31,4890.21,33936093,0.6,6,0.35,42.68
Khyber Pakhtunkhwa,11,76.72,185.66,6202.72,34989458,0.6,6,0.35,61.16
Punjab,3,13.43,36.17,3790.81,107019097,0.3,7,0.425,38.71
KPK,5,36.6,101.41,5136.79,32193373,0.6,6,0.35,48.17
Punjab,5,9.73,20.72,4082.65,112078416,0.3,7,0.425,35.66
KPK,4,29.11,84.24,3960.39,38130463,0.6,6,0.35,42.87
Gilgit-Baltistan,10,12.15,40.31,1701.54,1867347,0.9,3,0.2,21.02
Balochistan,11,22.09,77.14,3045.58,11868811,0.5,5,0.3,34.79
KPK,5,17.56,44.88,2615.07,32380910,0.6,6,0.35,35.12
Balochistan,8,225.69,884.63,18480.24,11365395,0.5,5,0.3,100.0
Punjab,8,148.35,533.21,26549.68,104021887,0.3,7,0.425,100.0
Gilgit-Baltistan,11,26.91,68.28,3173.38,1895973,0.9,3,0.2,32.05
Sindh,9,263.85,757.45,25913.74,46733212,0.2,8,0.475,100.0
Azad Kashmir,4,32.4,66.39,3104.14,4228148,0.7,4,0.275,30.35
Khyber Pakhtunkhwa,9,32.46,110.6,5592.06,32596837,0.6,6,0.35,47.02
Punjab,7,178.98,599.98,29645.29,118693970,0.3,7,0.425,100.0
Balochistan,10,11.77,39.39,2822.71,11871450,0.5,5,0.3,29.85
Punjab,5,19.81,62.23,5778.11,107505175,0.3,7,0.425,44.89
Azad Kashmir,4,14.53,29.27,3430.07,3694362,0.7,4,0.275,27.62
Azad Kashmir,7,167.68,522.28,18424.94,4054196,0.7,4,0.275,100.0
Balochistan,6,41.26,130.11,4199.58,13235284,0.5,5,0.3,46.35
Khyber Pakhtunkhwa,2,10.24,35.68,4074.42,34724665,0.6,6,0.35,30.29
Balochistan,4,18.31,40.3,3390.94,11852724,0.5,5,0.3,28.0
Sindh,5,22.08,76.93,4315.05,47633572,0.2,8,0.475,49.24
Punjab,2,21.7,44.09,5523.07,119369302,0.3,7,0.425,47.29
Azad Kashmir,10,9.96,20.96,2441.33,3714871,0.7,4,0.275,32.16
Sindh,3,34.16,113.34,7206.77,46393348,0.2,8,0.475,67.3
Gilgit-Baltistan,8,43.16,110.03,2994.78,1780456,0.9,3,0.2,28.48
KPK,10,16.95,58.03,4922.69,33751348,0.6,6,0.35,48.51
Sindh,7,70.54,253.59,8643.65,51101036,0.2,8,0.475,100.0
Khyber Pakhtunkhwa,3,31.97,93.66,6302.72,37378223,0.6,6,0.35,51.57
Azad Kashmir,8,182.15,615.94,14052.92,3689915,0.7,4,0.275,100.0
Khyber Pakhtunkhwa,7,210.15,583.52,27660.67,37335643,0.6,6,0.35,100.0
Gilgit-Baltistan,11,6.45,13.59,1831.09,1738649,0.9,3,0.2,20.56
KPK,11,28.88,74.6,4725.55,36298456,0.6,6,0.35,42.35
Gilgit-Baltistan,1,12.65,29.89,1844.03,1867439,0.9,3,0.2,13.76
Khyber Pakhtunkhwa,3,28.61,59.18,4616.63,35968458,0.6,6,0.35,41.17
Sindh,3,28.48,63.23,7388.84,48157756,0.2,8,0.475,61.96
Khyber Pakhtunkhwa,12,6.46,18.25,2364.08,35116483,0.6,6,0.35,28.85
Khyber Pakhtunkhwa,7,168.04,551.95,15105.13,37908684,0.6,6,0.35,100.0
Azad Kashmir,10,10.63,33.29,2922.95,4230565,0.7,4,0.275,25.16
Punjab,4,12.13,41.11,4331.98,114670918,0.3,7,0.425,44.86
Sindh,9,148.25,551.12,25423.54,47543027,0.2,8,0.475,100.0
Punjab,3,23.12,63.71,6881.85,104657546,0.3,7,0.425,49.39
Sindh,8,127.62,351.87,21028.11,50445985,0.2,8,0.475,100.0
Gilgit-Baltistan,3,11.34,33.8,2122.0,1677453,0.9,3,0.2,17.57
KPK,5,27.92,97.45,4104.94,34471182,0.6,6,0.35,42.95
Gilgit-Baltistan,4,65.92,171.86,3071.86,1935249,0.9,3,0.2,47.56
KPK,12,11.1,33.96,3572.6,37019222,0.6,6,0.35,30.91
Punjab,8,195.64,668.58,26757.46,109230117,0.3,7,0.425,100.0
Balochistan,3,15.36,40.66,3373.06,12319958,0.5,5,0.3,31.95
Khyber Pakhtunkhwa,1,28.35,59.89,5600.13,38335088,0.6,6,0.35,41.95
Azad Kashmir,4,14.97,38.26,3373.46,4302815,0.7,4,0.275,24.0
Punjab,3,19.91,43.18,4773.65,106920561,0.3,7,0.425,47.49
Gilgit-Baltistan,9,18.35,60.47,1755.03,1656107,0.9,3,0.2,21.21
Azad Kashmir,9,17.72,38.16,3702.44,3634447,0.7,4,0.275,29.42
Azad Kashmir,10,13.79,37.5,3341.31,4259817,0.7,4,0.275,27.68
Azad Kashmir,9,27.91,74.0,2819.17,4379372,0.7,4,0.275,29.43
Khyber Pakhtunkhwa,6,13.04,29.14,2199.21,33491521,0.6,6,0.35,34.16
Sindh,7,152.82,434.81,25555.97,50645529,0.2,8,0.475,100.0
Sindh,10,18.49,38.09,6093.07,50372932,0.2,8,0.475,48.04
Punjab,10,7.59,24.5,3569.52,104429309,0.3,7,0.425,37.07
Balochistan,6,25.76,68.15,2790.13,11431346,0.5,5,0.3,33.18
Punjab,7,346.53,1051.3,36000.0,117407572,0.3,7,0.425,100.0
Balochistan,1,40.76,118.57,4586.15,11618252,0.5,5,0.3,50.88
Punjab,9,144.76,368.58,20402.47,103943026,0.3,7,0.425,100.0
Khyber Pakhtunkhwa,3,9.42,31.85,2498.23,35246580,0.6,6,0.35,31.85
Khyber Pakhtunkhwa,5,10.8,25.96,3540.97,38403956,0.6,6,0.35,25.57
Balochistan,3,3.65,8.78,2457.04,13085502,0.5,5,0.3,24.95
Sindh,10,32.94,109.89,8576.63,51650660,0.2,8,0.475,66.5
Balochistan,11,26.81,59.34,4221.9,12812957,0.5,5,0.3,35.17
Gilgit-Baltistan,2,45.65,140.91,3417.77,1976027,0.9,3,0.2,35.95
Azad Kashmir,2,16.02,35.12,2664.94,4222380,0.7,4,0.275,24.89
Punjab,7,164.98,574.9,26129.7,112044040,0.3,7,0.425,100.0
Azad Kashmir,6,37.31,129.23,3692.25,4048850,0.7,4,0.275,36.03
Gilgit-Baltistan,11,28.07,72.54,3476.49,1640745,0.9,3,0.2,31.41
Gilgit-Baltistan,6,77.49,264.97,4776.58,1692849,0.9,3,0.2,65.39
Azad Kashmir,12,25.47,86.52,3510.3,3976436,0.7,4,0.275,37.64
Gilgit-Baltistan,3,31.02,64.57,3594.65,1896699,0.9,3,0.2,26.47
Punjab,5,28.46,72.3,3809.56,101473261,0.3,7,0.425,46.18
KPK,4,21.35,53.61,5397.25,36394213,0.6,6,0.35,40.58
Khyber Pakhtunkhwa,12,54.76,141.6,7078.78,35045797,0.6,6,0.35,51.93
Sindh,12,47.53,165.92,11386.55,45173388,0.2,8,0.475,77.68
Gilgit-Baltistan,6,159.97,689.26,11121.85,1949386,0.9,3,0.2,100.0
Balochistan,8,168.73,641.31,11572.86,12071700,0.5,5,0.3,100.0
Punjab,2,26.95,67.37,6400.09,115442870,0.3,7,0.425,44.39
KPK,12,27.56,74.81,4582.14,36146377,0.6,6,0.35,46.41
KPK,12,18.17,57.93,2986.49,33464164,0.6,6,0.35,31.69
Gilgit-Baltistan,5,30.46,65.29,2688.7,1859873,0.9,3,0.2,24.2
Sindh,4,32.54,86.79,5364.12,46916886,0.2,8,0.475,56.97
KPK,5,41.39,102.4,6134.57,32547312,0.6,6,0.35,45.52
Balochistan,11,20.36,61.11,3619.47,11492961,0.5,5,0.3,34.36
Azad Kashmir,3,6.49,22.39,2139.72,4182577,0.7,4,0.275,22.02
Azad Kashmir,9,30.55,72.9,3123.96,3965956,0.7,4,0.275,30.63
Gilgit-Baltistan,3,16.53,48.53,1914.22,1820218,0.9,3,0.2,20.77
Azad Kashmir,10,39.27,92.21,4888.93,3866824,0.7,4,0.275,46.22
Azad Kashmir,10,11.55,31.93,2013.92,4293265,0.7,4,0.275,24.91
KPK,2,34.64,92.88,6529.1,36116440,0.6,6,0.35,48.29
Punjab,8,210.23,669.92,21588.83,103474569,0.3,7,0.425,100.0
Azad Kashmir,11,23.55,73.03,2874.28,4099247,0.7,4,0.275,35.2
Balochistan,8,203.11,727.52,13831.16,13120716,0.5,5,0.3,100.0
KPK,4,32.07,70.29,3513.16,32838037,0.6,6,0.35,43.15
Khyber Pakhtunkhwa,3,10.75,34.65,3874.07,37993896,0.6,6,0.35,34.17
Balochistan,5,25.55,69.66,3793.96,11380291,0.5,5,0.3,36.7
Azad Kashmir,6,35.58,117.64,3544.56,3764884,0.7,4,0.275,30.52
Sindh,11,32.75,110.09,5797.01,49556897,0.2,8,0.475,67.87
Balochistan,12,40.12,81.57,4892.02,11854199,0.5,5,0.3,38.62
Punjab,12,39.01,129.52,8282.18,101379836,0.3,7,0.425,63.47
Gilgit-Baltistan,2,7.32,16.81,2124.16,1625790,0.9,3,0.2,19.77
Gilgit-Baltistan,12,4.12,11.63,1084.48,1791529,0.9,3,0.2,9.99
Sindh,1,12.79,39.1,3986.35,49024942,0.2,8,0.475,45.8
Sindh,1,24.86,67.67,4436.34,50475261,0.2,8,0.475,46.37
Balochistan,10,42.99,105.38,6043.89,13360120,0.5,5,0.3,48.63
Azad Kashmir,8,242.62,913.78,22755.71,3667285,0.7,4,0.275,100.0
KPK,3,13.41,31.41,2978.29,34029048,0.6,6,0.35,25.7
Punjab,2,22.07,69.27,5901.69,114572863,0.3,7,0.425,52.83
KPK,4,29.64,72.12,3494.56,36232548,0.6,6,0.35,33.86
Balochistan,12,19.01,44.09,3185.5,12884488,0.5,5,0.3,30.95
Balochistan,4,30.2,83.4,4618.83,12305761,0.5,5,0.3,44.75
Azad Kashmir,12,17.65,51.46,2705.72,4268892,0.7,4,0.275,26.89
Punjab,9,229.52,885.5,36000.0,116091958,0.3,7,0.425,100.0
KPK,12,19.58,66.97,4568.66,38240938,0.6,6,0.35,37.45
Sindh,1,21.26,73.89,7058.98,46924848,0.2,8,0.475,60.26
Balochistan,3,22.74,57.19,2995.04,12379710,0.5,5,0.3,31.76
KPK,11,40.83,98.58,7222.34,35012056,0.6,6,0.35,51.23
Khyber Pakhtunkhwa,7,223.76,979.93,33654.79,37335187,0.6,6,0.35,100.0
Gilgit-Baltistan,6,123.07,332.75,6466.32,1652666,0.9,3,0.2,84.25
KPK,5,44.23,137.92,5248.41,36936968,0.6,6,0.35,48.43
KPK,11,26.0,58.05,3988.78,34930390,0.6,6,0.35,34.07
Balochistan,11,13.13,30.74,2832.1,13263015,0.5,5,0.3,28.01
Punjab,7,206.72,740.8,26244.76,104900906,0.3,7,0.425,100.0
Punjab,6,38.4,99.29,8480.42,107743865,0.3,7,0.425,69.11
Balochistan,6,25.12,80.67,3450.93,11773990,0.5,5,0.3,37.86
Sindh,1,58.78,131.04,6976.55,44724822,0.2,8,0.475,75.54
Khyber Pakhtunkhwa,12,11.47,32.02,3245.41,32191727,0.6,6,0.35,28.03
Sindh,11,20.76,47.31,6553.04,49490923,0.2,8,0.475,55.42
Balochistan,3,6.71,17.71,2014.85,13079082,0.5,5,0.3,29.73
KPK,10,24.96,75.29,3095.05,38203144,0.6,6,0.35,40.19
Sindh,4,21.55,68.93,4536.03,44170134,0.2,8,0.475,51.24
Gilgit-Baltistan,2,3.5,10.82,1447.25,1622331,0.9,3,0.2,13.56
Balochistan,8,155.6,631.18,11286.55,11940439,0.5,5,0.3,100.0
Khyber Pakhtunkhwa,12,11.43,30.91,4238.48,33705748,0.6,6,0.35,30.82
Khyber Pakhtunkhwa,11,25.76,68.24,3872.78,35826655,0.6,6,0.35,35.32
Khyber Pakhtunkhwa,2,25.8,87.01,5100.73,33972080,0.6,6,0.35,45.51
Azad Kashmir,9,20.07,48.82,3418.73,3629147,0.7,4,0.275,32.0
Azad Kashmir,5,20.78,63.84,2187.8,3827927,0.7,4,0.275,26.53
Azad Kashmir,7,259.22,869.59,21833.96,3651400,0.7,4,0.275,100.0
KPK,4,49.72,117.16,4853.11,36927260,0.6,6,0.35,44.2
Khyber Pakhtunkhwa,3,13.73,39.75,3033.55,33660244,0.6,6,0.35,30.08
KPK,4,20.54,58.43,5368.12,37085679,0.6,6,0.35,40.91
Punjab,4,13.1,42.13,3275.65,118976767,0.3,7,0.425,35.28
Balochistan,5,16.6,52.73,3209.11,11864621,0.5,5,0.3,34.8
Khyber Pakhtunkhwa,12,28.29,87.53,5664.28,36760970,0.6,6,0.35,45.46
KPK,8,215.43,873.32,31624.47,34053445,0.6,6,0.35,100.0
Gilgit-Baltistan,10,16.46,52.89,1796.96,1866525,0.9,3,0.2,26.88
Sindh,3,39.28,106.52,7251.46,46391578,0.2,8,0.475,63.07
Punjab,3,25.4,58.59,3770.65,108572862,0.3,7,0.425,46.96
Balochistan,11,40.65,122.18,5455.64,13281348,0.5,5,0.3,53.65
Sindh,2,17.88,39.25,3807.92,50744619,0.2,8,0.475,51.15
Punjab,12,7.79,19.49,4287.52,116850754,0.3,7,0.425,36.81
Sindh,10,30.54,103.73,4751.83,43186951,0.2,8,0.475,55.73
Azad Kashmir,11,31.46,66.31,3364.17,3970546,0.7,4,0.275,34.58
Balochistan,5,13.25,42.22,2631.67,12380856,0.5,5,0.3,29.63
Azad Kashmir,10,11.19,35.78,3242.46,3824829,0.7,4,0.275,24.83
Punjab,11,25.65,52.32,5348.46,117583397,0.3,7,0.425,46.15
KPK,2,25.0,73.04,4636.28,34026052,0.6,6,0.35,31.7
KPK,12,17.35,34.81,2645.37,34998575,0.6,6,0.35,29.61
Balochistan,1,21.31,71.81,2821.6,12210887,0.5,5,0.3,30.53
Punjab,3,19.2,48.59,5362.43,102151459,0.3,7,0.425,43.12
Sindh,9,351.4,1300.0,36000.0,47460032,0.2,8,0.475,100.0
Gilgit-Baltistan,2,16.92,44.36,2272.3,1688193,0.9,3,0.2,23.74
Sindh,9,128.06,558.58,21071.26,48992407,0.2,8,0.475,100.0
Gilgit-Baltistan,3,36.83,99.72,2787.16,1827449,0.9,3,0.2,22.66
Sindh,1,29.75,95.57,4658.89,45283039,0.2,8,0.475,49.04
Balochistan,9,11.33,28.07,3534.21,11533219,0.5,5,0.3,21.43
Azad Kashmir,3,14.09,41.0,3482.58,4264982,0.7,4,0.275,32.05
Khyber Pakhtunkhwa,3,15.82,45.48,2756.56,35672535,0.6,6,0.35,29.17
KPK,6,11.63,25.79,3328.0,36448511,0.6,6,0.35,32.48
Punjab,3,15.8,55.18,4100.19,112633135,0.3,7,0.425,39.04
Khyber Pakhtunkhwa,3,25.84,76.58,4295.81,34258085,0.6,6,0.35,31.7
Balochistan,2,27.4,70.3,3690.03,13292906,0.5,5,0.3,33.65
Punjab,2,44.78,140.28,6784.9,106382268,0.3,7,0.425,58.78
Balochistan,2,53.25,157.08,5808.56,11989328,0.5,5,0.3,55.28
Khyber Pakhtunkhwa,12,39.0,90.48,7219.31,37856321,0.6,6,0.35,49.74
Gilgit-Baltistan,4,13.93,28.21,2179.49,1971744,0.9,3,0.2,20.52
Khyber Pakhtunkhwa,6,15.97,50.74,3758.85,32835636,0.6,6,0.35,37.64
KPK,2,25.25,80.26,3950.69,36979447,0.6,6,0.35,39.28
Gilgit-Baltistan,8,9.4,26.32,1623.84,1821908,0.9,3,0.2,12.57
Balochistan,8,140.35,401.17,10807.11,11717374,0.5,5,0.3,100.0
Azad Kashmir,5,10.29,24.42,2625.8,4365334,0.7,4,0.275,29.96
Balochistan,5,7.34,17.29,2316.86,11142084,0.5,5,0.3,30.43
Sindh,2,21.03,43.33,3923.84,51851383,0.2,8,0.475,50.35
Punjab,5,12.34,36.75,4230.41,110994746,0.3,7,0.425,47.35
Sindh,7,192.16,666.39,31893.96,47091106,0.2,8,0.475,100.0
Azad Kashmir,7,173.35,558.31,13933.87,4256813,0.7,4,0.275,100.0
Sindh,1,14.59,36.72,6069.56,51334747,0.2,8,0.475,57.53
Balochistan,1,21.78,67.86,2558.73,13130977,0.5,5,0.3,29.79
KPK,4,16.06,38.88,3568.44,34869057,0.6,6,0.35,34.5
Khyber Pakhtunkhwa,10,38.3,118.41,4965.56,36182202,0.6,6,0.35,38.96
Khyber Pakhtunkhwa,1,47.0,108.59,7728.58,35633035,0.6,6,0.35,50.29
Gilgit-Baltistan,2,26.08,71.42,3244.68,1903625,0.9,3,0.2,33.25
KPK,5,41.69,137.16,7215.76,35024734,0.6,6,0.35,55.29
Azad Kashmir,3,3.22,8.45,1396.85,3934512,0.7,4,0.275,15.21
Punjab,10,37.19,100.43,6752.25,100055101,0.3,7,0.425,58.42
Punjab,1,18.15,41.52,5355.31,103610899,0.3,7,0.425,44.98
Sindh,9,268.26,856.09,36000.0,46380469,0.2,8,0.475,100.0
Sindh,6,23.83,63.39,7192.8,47113182,0.2,8,0.475,54.05
Gilgit-Baltistan,7,113.06,436.78,8822.23,1691668,0.9,3,0.2,98.47
Sindh,8,243.77,621.82,36000.0,47397706,0.2,8,0.475,100.0
Gilgit-Baltistan,8,18.0,48.57,2578.93,1816303,0.9,3,0.2,26.5
Gilgit-Baltistan,5,21.76,73.21,1826.87,1808152,0.9,3,0.2,22.13
KPK,10,46.19,130.32,6925.74,35866108,0.6,6,0.35,53.71
Balochistan,3,22.88,62.45,4032.45,13190786,0.5,5,0.3,31.8
Khyber Pakhtunkhwa,9,36.72,113.43,6806.94,34734119,0.6,6,0.35,56.33
Khyber Pakhtunkhwa,2,14.77,30.06,2731.76,33982715,0.6,6,0.35,22.92
Khyber Pakhtunkhwa,8,195.06,551.47,18465.8,33157958,0.6,6,0.35,100.0
Balochistan,8,131.64,571.42,11501.86,11076080,0.5,5,0.3,100.0
Sindh,1,11.79,27.25,4964.51,52662941,0.2,8,0.475,52.73
Balochistan,8,248.89,984.85,24940.31,12293002,0.5,5,0.3,100.0
Khyber Pakhtunkhwa,7,119.35,459.82,15712.52,38539706,0.6,6,0.35,100.0
Balochistan,4,10.2,32.32,2199.71,12137847,0.5,5,0.3,22.72
Azad Kashmir,5,22.33,51.43,2157.84,3852617,0.7,4,0.275,32.94
Sindh,8,173.35,500.21,18730.7,45446006,0.2,8,0.475,100.0
Gilgit-Baltistan,10,13.25,42.72,1569.09,1914268,0.9,3,0.2,13.84
Balochistan,5,19.55,55.83,3322.69,11114320,0.5,5,0.3,41.79
Balochistan,1,29.74,86.83,5270.06,12306991,0.5,5,0.3,40.93
Azad Kashmir,9,11.82,35.47,2137.09,4375264,0.7,4,0.275,26.15
KPK,10,25.65,65.79,3335.96,32806549,0.6,6,0.35,32.07
Punjab,2,35.77,114.31,5190.15,112423554,0.3,7,0.425,56.97
Sindh,1,22.17,75.89,6125.06,46668680,0.2,8,0.475,50.81
Azad Kashmir,7,265.74,983.01,20642.7,4210270,0.7,4,0.275,100.0
Balochistan,8,66.57,253.86,9230.11,12222418,0.5,5,0.3,80.34
KPK,6,9.78,29.3,2624.26,38930525,0.6,6,0.35,20.86
Balochistan,4,11.01,25.65,2073.07,13228587,0.5,5,0.3,28.85
KPK,8,112.01,348.9,14374.52,38644624,0.6,6,0.35,100.0
Khyber Pakhtunkhwa,12,14.21,49.24,4620.18,36674118,0.6,6,0.35,33.34
Gilgit-Baltistan,9,29.06,97.73,2850.77,1633998,0.9,3,0.2,21.66
Azad Kashmir,1,28.27,60.34,3559.85,3870133,0.7,4,0.275,36.12
Gilgit-Baltistan,10,43.84,118.93,4474.96,1630862,0.9,3,0.2,36.04
Punjab,4,18.43,43.53,3143.31,110464907,0.3,7,0.425,36.67
Azad Kashmir,1,23.16,52.72,3701.15,4089685,0.7,4,0.275,31.81
Sindh,2,32.11,90.89,5964.49,51832300,0.2,8,0.475,51.6
Punjab,12,25.14,56.05,3941.99,115268470,0.3,7,0.425,46.69
Azad Kashmir,5,18.3,54.33,2671.96,4281973,0.7,4,0.275,30.91
Punjab,12,26.1,82.68,6740.17,117116165,0.3,7,0.425,55.79
Khyber Pakhtunkhwa,8,192.16,556.41,19680.88,32830963,0.6,6,0.35,100.0
Sindh,8,151.38,511.48,25419.78,48807361,0.2,8,0.475,100.0
Azad Kashmir,11,13.61,35.71,2008.75,4026134,0.7,4,0.275,20.28
Balochistan,1,19.25,63.06,4030.34,11712168,0.5,5,0.3,40.81
Sindh,9,198.9,864.44,35279.83,50218003,0.2,8,0.475,100.0
Khyber Pakhtunkhwa,10,13.17,44.16,4020.81,38796197,0.6,6,0.35,35.11
Balochistan,12,20.64,46.04,3816.97,11163046,0.5,5,0.3,37.25
Balochistan,11,62.73,194.87,8898.3,12026840,0.5,5,0.3,72.08
Azad Kashmir,12,16.78,55.17,3396.76,3665411,0.7,4,0.275,31.13
KPK,9,26.3,75.82,4884.73,37740456,0.6,6,0.35,48.57
Azad Kashmir,10,39.08,78.82,3770.4,4372704,0.7,4,0.275,34.8
Azad Kashmir,4,32.15,95.66,3823.11,3775290,0.7,4,0.275,35.09
Khyber Pakhtunkhwa,3,27.83,59.94,5199.29,34086747,0.6,6,0.35,36.22
Khyber Pakhtunkhwa,4,4.52,14.78,3303.94,32230851,0.6,6,0.35,30.99
Punjab,4,37.91,111.97,6770.36,116003241,0.3,7,0.425,57.68
Sindh,2,24.02,54.68,6774.58,46416503,0.2,8,0.475,57.96
KPK,3,17.61,52.3,3516.46,37465594,0.6,6,0.35,33.39
Balochistan,11,11.53,35.13,2453.22,11135463,0.5,5,0.3,25.25
KPK,6,26.16,76.69,5723.91,37304311,0.6,6,0.35,50.94
Gilgit-Baltistan,2,23.52,82.08,1745.28,1797756,0.9,3,0.2,22.18
Balochistan,12,23.38,69.86,2740.76,13335839,0.5,5,0.3,29.65
Azad Kashmir,12,7.06,16.81,2882.32,4301473,0.7,4,0.275,26.04
Azad Kashmir,2,8.96,22.78,2554.68,3801472,0.7,4,0.275,27.32
Khyber Pakhtunkhwa,12,15.18,45.36,4335.34,38061429,0.6,6,0.35,38.9
Azad Kashmir,11,79.43,167.66,7325.15,4071754,0.7,4,0.275,61.94
Gilgit-Baltistan,5,12.65,42.2,1574.42,1707974,0.9,3,0.2,21.1
Sindh,2,26.08,73.82,6646.25,51713581,0.2,8,0.475,50.96
Gilgit-Baltistan,1,10.12,22.03,2000.03,1632313,0.9,3,0.2,9.47
Balochistan,4,28.14,88.91,3971.11,12664934,0.5,5,0.3,37.81
KPK,5,13.8,36.76,3624.21,38651381,0.6,6,0.35,27.21
Azad Kashmir,5,9.94,31.24,1673.27,4098481,0.7,4,0.275,26.12
Azad Kashmir,4,20.98,55.13,2859.52,4256493,0.7,4,0.275,21.48
Punjab,6,10.17,29.34,3665.21,115459002,0.3,7,0.425,38.05
Sindh,2,28.13,95.95,6601.92,44569916,0.2,8,0.475,54.39
KPK,2,42.41,88.01,6432.43,37231919,0.6,6,0.35,49.84
Khyber Pakhtunkhwa,4,47.41,163.38,7509.69,32504581,0.6,6,0.35,58.96
Gilgit-Baltistan,1,16.54,54.83,2161.29,1869169,0.9,3,0.2,21.23
Punjab,4,21.87,48.36,3957.15,116563175,0.3,7,0.425,40.88
Azad Kashmir,11,12.93,36.74,3187.01,3886866,0.7,4,0.275,29.69
Balochistan,6,19.55,62.99,4051.45,13399362,0.5,5,0.3,39.3
Sindh,12,29.12,98.86,5727.97,46878734,0.2,8,0.475,58.69
KPK,3,6.62,19.51,1945.45,32541474,0.6,6,0.35,31.7
Gilgit-Baltistan,9,10.76,32.19,1360.13,1833681,0.9,3,0.2,14.28
Gilgit-Baltistan,10,23.53,72.27,3313.61,1620758,0.9,3,0.2,27.71
Gilgit-Baltistan,4,13.64,41.03,2375.42,1638117,0.9,3,0.2,19.99
Sindh,8,160.64,471.63,20349.44,48154068,0.2,8,0.475,100.0
Gilgit-Baltistan,3,20.77,49.74,3024.26,1714067,0.9,3,0.2,29.07
Balochistan,2,29.0,81.95,5289.25,11912399,0.5,5,0.3,47.05
Khyber Pakhtunkhwa,1,31.9,98.03,6084.76,32805403,0.6,6,0.35,45.09
Azad Kashmir,12,20.36,43.4,2331.31,4173822,0.7,4,0.275,32.26
Gilgit-Baltistan,6,198.08,814.42,13504.53,1730721,0.9,3,0.2,100.0
Sindh,1,28.98,60.27,7081.93,49759163,0.2,8,0.475,59.95
Sindh,6,16.54,48.9,4216.73,46295269,0.2,8,0.475,41.43
Khyber Pakhtunkhwa,8,177.07,748.7,15768.41,36250843,0.6,6,0.35,100.0
Balochistan,12,13.45,44.28,3883.56,11242393,0.5,5,0.3,28.87
Khyber Pakhtunkhwa,9,7.59,17.85,3093.35,37121381,0.6,6,0.35,24.75
Khyber Pakhtunkhwa,6,50.82,104.26,5732.71,32045270,0.6,6,0.35,48.25
Khyber Pakhtunkhwa,5,21.35,44.19,3085.58,36711908,0.6,6,0.35,35.11
Gilgit-Baltistan,12,15.07,52.07,1424.2,1918995,0.9,3,0.2,15.07
Gilgit-Baltistan,1,31.89,88.2,3499.87,1783817,0.9,3,0.2,29.69
Sindh,5,15.96,48.12,3439.49,50427470,0.2,8,0.475,45.35
Sindh,3,13.04,43.43,4396.69,45028676,0.2,8,0.475,45.68
Azad Kashmir,7,170.75,644.68,11816.91,4030988,0.7,4,0.275,100.0
Sindh,3,25.17,59.7,5036.27,45260271,0.2,8,0.475,51.62
Balochistan,6,10.82,37.13,3172.54,11757214,0.5,5,0.3,36.8
Khyber Pakhtunkhwa,4,11.3,29.54,3149.08,37625085,0.6,6,0.35,31.08
Gilgit-Baltistan,2,43.3,99.69,3473.45,1693846,0.9,3,0.2,28.1
Balochistan,9,23.19,64.39,4764.97,12308188,0.5,5,0.3,38.88
KPK,9,29.89,89.44,6038.01,36829094,0.6,6,0.35,40.7
Azad Kashmir,4,14.23,46.0,3129.36,3874531,0.7,4,0.275,23.23
Azad Kashmir,5,18.54,49.64,2461.75,4275689,0.7,4,0.275,31.43
Azad Kashmir,7,281.73,891.68,19616.75,3970545,0.7,4,0.275,100.0
KPK,11,14.72,49.42,2419.76,36411744,0.6,6,0.35,28.21
Gilgit-Baltistan,4,22.56,71.36,1820.07,1972000,0.9,3,0.2,20.56
Sindh,8,199.22,751.52,35482.81,51067931,0.2,8,0.475,100.0
Sindh,8,160.53,517.66,22601.91,52320213,0.2,8,0.475,100.0
Balochistan,11,4.62,12.4,2082.85,11296765,0.5,5,0.3,25.28
Sindh,12,17.43,47.42,4029.1,49964450,0.2,8,0.475,44.84
Azad Kashmir,1,17.53,49.27,2891.5,4113258,0.7,4,0.275,29.37
Punjab,11,10.31,29.49,3764.87,105174226,0.3,7,0.425,42.27
Balochistan,2,70.98,236.07,7175.13,13226708,0.5,5,0.3,64.9
Khyber Pakhtunkhwa,2,24.99,64.27,4825.72,36891973,0.6,6,0.35,38.69
Azad Kashmir,9,24.52,69.96,4558.89,4061370,0.7,4,0.275,30.01
Azad Kashmir,8,227.0,611.11,14443.55,4051817,0.7,4,0.275,100.0
Sindh,2,14.32,49.21,5969.81,44831350,0.2,8,0.475,55.49
Azad Kashmir,1,21.13,56.62,3241.46,3838122,0.7,4,0.275,27.11
KPK,4,4.91,15.22,2978.0,32467298,0.6,6,0.35,29.08
Gilgit-Baltistan,11,36.55,126.42,3527.19,1726676,0.9,3,0.2,29.5
Sindh,4,10.36,26.92,3984.12,46141363,0.2,8,0.475,42.13
Sindh,1,10.16,26.2,4135.88,45506662,0.2,8,0.475,46.44
Khyber Pakhtunkhwa,7,168.11,568.34,16721.64,33581963,0.6,6,0.35,100.0
Sindh,11,35.67,95.49,5670.0,51992654,0.2,8,0.475,59.67
Balochistan,5,38.52,112.99,4859.68,11795877,0.5,5,0.3,45.42
Balochistan,11,36.45,96.06,5447.42,11565981,0.5,5,0.3,42.66
KPK,12,10.88,37.9,3466.5,32443180,0.6,6,0.35,30.82
Balochistan,3,5.81,14.96,1752.0,13094978,0.5,5,0.3,24.8
KPK,1,28.72,84.45,5846.19,37873833,0.6,6,0.35,47.48
